"Name","Lastname","Email","Medium","Phone","Bio","Artist Statement","Facebook","Instagram","Website","Website2","Sample Piece","Piece Title","Piece Size","Piece Medium","Photo","Artists (Item)","Artist (List)","ID","Created Date","Updated Date","Owner"
"Shauna Schramke","Schramke","worthlessdogrebellion@gmail.com","[""Painting"",""Sculpture""]","6142712763","{""nodes"":[{""type"":""PARAGRAPH"",""id"":""foo"",""nodes"":[{""type"":""TEXT"",""id"":"""",""nodes"":[],""textData"":{""text"":""Bio: Shauna Schramke is a visual artist living with her wife and son in Urbana, Ohio. She is an educator, a fair to middling whistler and avid time traveler. She is keen on old, quirky homes and spends her moments painting them into timescapes and portals. Her houses are people – portraits of the introverted, the less popular, the lovely, the slightly off."",""decorations"":[]}}],""paragraphData"":{""textStyle"":{""textAlignment"":""AUTO""},""indentation"":0}}],""documentStyle"":{}}","Artist Statement: Give me painted wood and out of plumb foundations – a house with strong opinions and a tender heart. A home that refuses to let go – refuses to move on or move out of the way.","https://www.facebook.com/WDrebellion","https://www.instagram.com/wd_rebellion_studio?igsh=MmN2OTNxcXU3a2Rz","https://www.wdrebellion.com",,"[{""description"":"""",""slug"":""648eff_5cce21d8249d43da88ab6cdddc951407~mv2.jpg"",""alt"":"""",""src"":""wix:image://v1/648eff_5cce21d8249d43da88ab6cdddc951407~mv2.jpg/IMG_0762_edited.jpg#originWidth=1284&originHeight=1291"",""title"":""IMG_0762_edited.jpg"",""type"":""image"",""settings"":{""width"":1284,""height"":1291,""focalPoint"":[0.5,0.5]}}]","Choose Now","24” x 24” x 1.5”","Acrylic on canvas","wix:image://v1/648eff_a0ce7eb8621f4f21bd53baa8f1726301~mv2.jpg/IMG_0764_edited.jpg#originWidth=1284&originHeight=1718","/artist/shauna-schramke","/artists/","00a9748e-0425-486a-ac06-e332c2ac6f9a",2024-03-13T16:42:08Z,2026-03-03T23:30:10Z,"648eff38-1300-4400-b20a-ee65209af597"
"Emily von Stuckrad-Smolinski","Von Stuckrad-Smolinski","evonstuckrad@yahoo.com","[""Drawing"",""Painting"",""Fabric Arts"",""Photography""]","(937)603-9212","{""nodes"":[{""type"":""PARAGRAPH"",""id"":""foo"",""nodes"":[{""type"":""TEXT"",""id"":"""",""nodes"":[],""textData"":{""text"":""Bio: Emily von Stuckrad-Smolinski is a life-long Daytonian. Professionally, Emily has spent her career in the theatre downtown. When she is not backstage, she finds art to be her escape."",""decorations"":[]}}],""paragraphData"":{""textStyle"":{""textAlignment"":""AUTO""},""indentation"":0}}],""documentStyle"":{}}","Artist Statement: While there are many forms of creativity that have piqued my interest throughout life, oil painting has always been a returning comfort. There is nothing quite like opening a fresh tube of oil and imagining what it can bring to life on a white tundra.

My works find much of their character by using the material combined with technique to create a depth of texture unlike most. Choosing the touch of a finger, experimenting with a pallette knife or even an air compressor; these tools surpass any brush I have yet to find. Exploring past the expected boundaries, excites me as an artist and breathes energy into my pieces. The works come to life as the materials dictate the path each piece travels.

I often compare creating my paintings to running a long distance race. In the first leg, one must put miles behind them. The second leg brings a feeling of familiarity and comfort, finding my stride and feeling the excitement of the finish yet to come. The final leg is always the best and why I keep coming back. It is equivalent of “the runners high.” The stride has been found, the piece has come alive and with a touch, the race is through.","https://www.facebook.com/emilyvonsmo",,,,"[{""src"":""wix:image://v1/648eff_57bd0c7d3d04498c99adc6de2895fe13~mv2.jpg/von%20Stuckrad-Smolinski_Hand%20Picked.jpg#originWidth=2796&originHeight=2785"",""type"":""image"",""title"":""von Stuckrad-Smolinski_Hand Picked.jpg"",""slug"":""648eff_57bd0c7d3d04498c99adc6de2895fe13mv2.jpg""}]","Hand Picked","36""x36""","Mixed","wix:image://v1/648eff_57bd0c7d3d04498c99adc6de2895fe13~mv2.jpg/von%20Stuckrad-Smolinski_Hand%20Picked.jpg#originWidth=2796&originHeight=2785","/artist/emily-von-stuckrad-smolinski","/artists/","09b92080-6644-47b9-8a60-b3d8042e0c22",2024-03-08T01:31:46Z,2026-03-05T13:51:27Z,"648eff38-1300-4400-b20a-ee65209af597"
"Alicia Sault","Sault","info@artacademyofdayton.com","[""Drawing"",""Painting""]","937-949-1525","{""nodes"":[{""type"":""PARAGRAPH"",""id"":""foo"",""nodes"":[{""type"":""TEXT"",""id"":"""",""nodes"":[],""textData"":{""text"":""Bio: "",""decorations"":[]}},{""type"":""TEXT"",""id"":"""",""nodes"":[],""textData"":{""text"":""Art Academy of Dayton’s educational philosophy makes extraordinary results attainable to any student through a simple, concise, and thoughtful approach to training. Talent is not a pre-requisite to creating beautiful art."",""decorations"":[{""type"":""COLOR"",""colorData"":{""background"":""rgb(255, 255, 255)"",""foreground"":""rgb(71, 71, 71)""}}]}}],""paragraphData"":{""textStyle"":{""textAlignment"":""AUTO""},""indentation"":0}}],""documentStyle"":{}}","Artist Statement: We believe that great artists are not born, they are trained.",,,"https://www.artacademyofdayton.com",,"[{""description"":"""",""fileName"":""inbound6600571433478725121.jpg"",""slug"":""648eff_4b2142c6a0524205b9c196b6825c92f0~mv2.jpg"",""alt"":"""",""src"":""wix:image://v1/648eff_4b2142c6a0524205b9c196b6825c92f0~mv2.jpg/inbound6600571433478725121.jpg#originWidth=2160&originHeight=3840"",""title"":""inbound6600571433478725121.jpg"",""type"":""image"",""settings"":{""width"":2160,""height"":3840,""focalPoint"":[0.5,0.5]}}]","Art's journey by Shiloh","9x12","Oil painting","wix:image://v1/648eff_4b7e8678e66f4d78babb63fa7c02c395~mv2.jpg/inbound6191989367579999676.jpg#originWidth=863&originHeight=406","/artist/alicia-sault","/artists/","0a06a489-72ab-414b-a641-33f278b6c79f",2026-02-25T02:29:12Z,2026-03-03T23:30:16Z,"648eff38-1300-4400-b20a-ee65209af597"
"David Leach","Leach","cdavidleach@gmail.com","[""Drawing"",""Printmaking"",""Painting""]","9378386322","{""nodes"":[{""type"":""PARAGRAPH"",""id"":""foo"",""nodes"":[{""type"":""TEXT"",""id"":"""",""nodes"":[],""textData"":{""text"":""Bio: "",""decorations"":[]}},{""type"":""TEXT"",""id"":"""",""nodes"":[],""textData"":{""text"":""David Leach was born in Evanston, Illinois, in 1946. He received a B.A. from Bucknell University, and an M.F.A. from Ohio University. He is an Emeritus Professor at Wright State University, having taught studio art there – primarily printmaking and drawing – from 1973 to 2003. He served as Chair of the Department of Art and Art History from 1985 to 1989. David has been a member of the Dayton Printmakers Cooperative for over 25 years. His drawings and prints have been published in conjunction with poetry and prose on numerous occasions, including Wanderers and Other Poems by Gary Pacernick (Prasada Press, 1985.) His work is in the collection of the Museum of Modern Art, the Beinicke Rare Book and Manuscript Library of Yale University, the Dayton Art Institute and the Cincinnati Museum of Art, among several other public and private collections."",""decorations"":[{""type"":""COLOR"",""colorData"":{""background"":""rgb(255, 255, 255)"",""foreground"":""rgb(71, 71, 71)""}}]}}],""paragraphData"":{""textStyle"":{""textAlignment"":""AUTO""},""indentation"":0}}],""documentStyle"":{}}","Artist Statement: Over the past several years my work has developed around the simple theme of drawn lines.  As a whole, each drawing, print or painting proceeds from one line to the next.  Various motifs have evolved over time: flora/nature, memory, journey, maps, among them.  Most recently, these allusions, though abstract, have focused on landscape, architecture, and interior space.  This current direction, particularly the relationship between art and architecture, underscores a sense of art engaging with the community and the world we live in.","https://www.facebook.com/cdavidleach/","https://www.instagram.com/cdavidleach","https://davidleachart.com/",,"[{""description"":"""",""slug"":""648eff_faf1830f3deb42168187f44f15a401fe~mv2.jpg"",""alt"":"""",""src"":""wix:image://v1/648eff_faf1830f3deb42168187f44f15a401fe~mv2.jpg/_.jpg#originWidth=3044&originHeight=2040"",""title"":"""",""type"":""image"",""settings"":{""width"":3044,""height"":2040,""focalPoint"":[0.5,0.5]}}]","Horizon","28 x 40 in.","Drawing: ink, graphite, colored pencil, chalk and watercolor","wix:image://v1/648eff_28be4bdd1e3a4338a09b13e16afa9aa7~mv2.jpg/David%20Leach.jpg#originWidth=2302&originHeight=2534","/artist/david-leach","/artists/","0d9b0b34-b26e-4121-b705-589437fcd8e8",2025-03-17T23:15:59Z,2026-03-03T23:31:41Z,"648eff38-1300-4400-b20a-ee65209af597"
"Kurt Smolinski","Smolinski","evonstuckrad611@gmail.com","[""Drawing"",""Fabric Arts"",""Painting"",""Photography""]","(937)603-9212","{""nodes"":[{""type"":""PARAGRAPH"",""id"":""foo"",""nodes"":[{""type"":""TEXT"",""id"":"""",""nodes"":[],""textData"":{""text"":""Bio: Kurt attends a local middle school. When he is not pouring, you can find him playing tennis or pickleball."",""decorations"":[]}}],""paragraphData"":{""textStyle"":{""textAlignment"":""AUTO""},""indentation"":0}},{""type"":""PARAGRAPH"",""id"":""rjodh903"",""nodes"":[],""paragraphData"":{""textStyle"":{""textAlignment"":""AUTO""}}}],""documentStyle"":{}}","Artist Statement: Kurt lets the colors guide him. His technique of pouring has come through much trial and error. Only the best sees it through!",,,,,"[{""src"":""wix:image://v1/648eff_04d6e51b834543aca16b70410fba7e2d~mv2.jpeg/IMG_1187.jpeg#originWidth=3024&originHeight=4032"",""type"":""image"",""title"":""IMG_1187.jpeg"",""slug"":""648eff_04d6e51b834543aca16b70410fba7e2dmv2.jpeg""}]","Resin Coaster","3""x3""","Resin","wix:image://v1/648eff_04d6e51b834543aca16b70410fba7e2d~mv2.jpeg/IMG_1187.jpeg#originWidth=3024&originHeight=4032","/artist/kurt-smolinski","/artists/","0e79364e-7593-4710-8c60-2733cf1ec726",2024-03-08T01:29:31Z,2026-03-03T23:29:50Z,"648eff38-1300-4400-b20a-ee65209af597"
"Craig Screven","Screven","cscreven@gmail.com","[""Digital Art""]",,"{""nodes"":[{""type"":""PARAGRAPH"",""id"":""foo"",""nodes"":[{""type"":""TEXT"",""id"":"""",""nodes"":[],""textData"":{""text"":""Bio:"",""decorations"":[{""type"":""COLOR"",""colorData"":{""foreground"":""rgb(71, 71, 71)""}}]}},{""type"":""TEXT"",""id"":"""",""nodes"":[],""textData"":{""text"":"" "",""decorations"":[{""type"":""COLOR"",""colorData"":{""background"":""rgb(255, 255, 255)"",""foreground"":""rgb(0, 0, 0)""}}]}},{""type"":""TEXT"",""id"":"""",""nodes"":[],""textData"":{""text"":""Craig Screven is a 1989 graduate of Dunbar High School and a 1993 graduate of The Ohio State University where he majored in drawing and painting. While at The Ohio State University he had the opportunity to take classes under nationally known African American Artist, Pheoris West. Craig had his art accepted in 2011 and 2013 in the Black Creativity National African American Art Exhibit at the Museum of Science and Industry in Chicago, Illinois. Craig is the owner and curator of Silent Presence Gallery. He has exhibited his artwork in Ohio, Kentucky, Las Vegas, New York, California and on the Internet. Craig is deeply involved in exploring the computer as a tool for creating his art. His digital images have been included in exhibits as far away as California."",""decorations"":[{""type"":""COLOR"",""colorData"":{""foreground"":""rgb(71, 71, 71)""}}]}}],""paragraphData"":{""textStyle"":{""textAlignment"":""AUTO""},""indentation"":0}}],""documentStyle"":{}}","Artist Statement: I create emotional and expressional impressions of life. They are created in several mediums such as digital, pastels, watercolor, oil paint, and wood. Color, line, space, figure, and movement are important elements. Events (parties, sports, and family gathering), music, history, and other African American artists influence my work.",,,"https://www.silentpresencegallery.org",,"[{""description"":"""",""fileName"":""Screven_IndigenousPeople5.png"",""slug"":""ef7b27_d62d27e9564247e0be684ec2ec6d9c40~mv2.png"",""alt"":"""",""src"":""wix:image://v1/ef7b27_d62d27e9564247e0be684ec2ec6d9c40~mv2.png/Screven_IndigenousPeople5.png#originWidth=2328&originHeight=1548"",""title"":""Screven_IndigenousPeople5.png"",""type"":""image"",""settings"":{""width"":2328,""height"":1548,""focalPoint"":[0.5,0.5]}}]","Indigenous People 5","24"" 16""","Digital Art","wix:image://v1/ef7b27_f1341947c798459aa44a609debc631a0~mv2.png/CraigScreven.png#originWidth=1228&originHeight=1548","/artist/craig-screven","/artists/","0ff1f872-6f3b-4f83-b387-1040aa2500c9",2026-03-04T13:26:52Z,2026-03-04T13:26:52Z,"ef7b2701-85ef-456d-b993-59de09c80fa9"
"Linda Hart","Hart","lindahart230@gmail.com","[""Painting"",""Watercolor""]","(937)830-6868","{""documentStyle"":{},""nodes"":[{""id"":""foo"",""nodes"":[{""id"":"""",""nodes"":[],""textData"":{""decorations"":[{""fontWeightValue"":700,""type"":""BOLD""}],""text"":""Bio:""},""type"":""TEXT""}],""paragraphData"":{""indentation"":0,""textStyle"":{""textAlignment"":""AUTO""}},""type"":""PARAGRAPH""},{""id"":""6i87d1864"",""nodes"":[],""paragraphData"":{""indentation"":0,""textStyle"":{""textAlignment"":""AUTO""}},""type"":""PARAGRAPH""},{""id"":""69az31894"",""nodes"":[{""id"":"""",""nodes"":[],""textData"":{""decorations"":[{""fontWeightValue"":700,""type"":""BOLD""}],""text"":""Grants""},""type"":""TEXT""}],""paragraphData"":{""indentation"":0,""textStyle"":{""textAlignment"":""AUTO""}},""type"":""PARAGRAPH""},{""bulletedListData"":{""indentation"":0},""id"":""lpfoy288"",""nodes"":[{""id"":""tcbra289"",""nodes"":[{""id"":""q1i1g108"",""nodes"":[{""id"":"""",""nodes"":[],""textData"":{""decorations"":[],""text"":""2022 Recipient of Culture Works Montgomery County Artist Opportunity Grant ""},""type"":""TEXT""}],""paragraphData"":{""indentation"":0,""textStyle"":{""textAlignment"":""AUTO""}},""type"":""PARAGRAPH""}],""type"":""LIST_ITEM""}],""type"":""BULLETED_LIST""},{""id"":""9r089112"",""nodes"":[],""paragraphData"":{""indentation"":0,""textStyle"":{""textAlignment"":""AUTO""}},""type"":""PARAGRAPH""},{""id"":""rn9lf116"",""nodes"":[{""id"":"""",""nodes"":[],""textData"":{""decorations"":[{""fontWeightValue"":700,""type"":""BOLD""}],""text"":""Solo Exhibitions""},""type"":""TEXT""}],""paragraphData"":{""indentation"":0,""textStyle"":{""textAlignment"":""AUTO""}},""type"":""PARAGRAPH""},{""bulletedListData"":{""indentation"":0},""id"":""lqzrd322"",""nodes"":[{""id"":""ekp98323"",""nodes"":[{""id"":""c4lev124"",""nodes"":[{""id"":"""",""nodes"":[],""textData"":{""decorations"":[{""colorData"":{""foreground"":""rgb(0, 0, 0)""},""type"":""COLOR""}],""text"":""Springboro Performing Arts Center - February/March Artist of the Month 2025""},""type"":""TEXT""}],""paragraphData"":{""indentation"":0,""textStyle"":{""textAlignment"":""AUTO""}},""type"":""PARAGRAPH""}],""type"":""LIST_ITEM""},{""id"":""tyjm4877"",""nodes"":[{""id"":""pts56878"",""nodes"":[{""id"":"""",""nodes"":[],""textData"":{""decorations"":[],""text"":""Indie West Studios – January- February 2024 ""},""type"":""TEXT""}],""paragraphData"":{""indentation"":0,""textStyle"":{""textAlignment"":""AUTO""}},""type"":""PARAGRAPH""}],""type"":""LIST_ITEM""},{""id"":""pupnt355"",""nodes"":[{""id"":""7byyf130"",""nodes"":[{""id"":"""",""nodes"":[],""textData"":{""decorations"":[],""text"":""Chasing Urban Shadows- Front Street Experience Gallery – September 2022""},""type"":""TEXT""}],""paragraphData"":{""indentation"":0,""textStyle"":{""textAlignment"":""AUTO""}},""type"":""PARAGRAPH""}],""type"":""LIST_ITEM""},{""id"":""nep8p357"",""nodes"":[{""id"":""ewnnc149"",""nodes"":[{""id"":"""",""nodes"":[],""textData"":{""decorations"":[],""text"":""Centerville Police Department 2010 ""},""type"":""TEXT""}],""paragraphData"":{""indentation"":0,""textStyle"":{""textAlignment"":""AUTO""}},""type"":""PARAGRAPH""}],""type"":""LIST_ITEM""},{""id"":""vyyj4359"",""nodes"":[{""id"":""pf759157"",""nodes"":[{""id"":"""",""nodes"":[],""textData"":{""decorations"":[],""text"":""Christ United Methodist Church (Yearly Solo Gallery Exhibit 2005-2010 Month of February)""},""type"":""TEXT""}],""paragraphData"":{""indentation"":0,""textStyle"":{""textAlignment"":""AUTO""}},""type"":""PARAGRAPH""}],""type"":""LIST_ITEM""},{""id"":""lqwpw361"",""nodes"":[{""id"":""79crk173"",""nodes"":[{""id"":"""",""nodes"":[],""textData"":{""decorations"":[],""text"":""Kettering Government Center October 2005 ""},""type"":""TEXT""}],""paragraphData"":{""indentation"":0,""textStyle"":{""textAlignment"":""AUTO""}},""type"":""PARAGRAPH""}],""type"":""LIST_ITEM""},{""id"":""7a6ya363"",""nodes"":[{""id"":""yjkd3183"",""nodes"":[{""id"":"""",""nodes"":[],""textData"":{""decorations"":[],""text"":""Aullwood Audubon Center October 2003 ""},""type"":""TEXT""}],""paragraphData"":{""indentation"":0,""textStyle"":{""textAlignment"":""AUTO""}},""type"":""PARAGRAPH""}],""type"":""LIST_ITEM""}],""type"":""BULLETED_LIST""},{""id"":""d2hfy194"",""nodes"":[],""paragraphData"":{""indentation"":0,""textStyle"":{""textAlignment"":""AUTO""}},""type"":""PARAGRAPH""},{""id"":""kahnh217"",""nodes"":[{""id"":"""",""nodes"":[],""textData"":{""decorations"":[{""fontWeightValue"":700,""type"":""BOLD""}],""text"":""Group Shows""},""type"":""TEXT""}],""paragraphData"":{""indentation"":0,""textStyle"":{""textAlignment"":""AUTO""}},""type"":""PARAGRAPH""},{""bulletedListData"":{""indentation"":0},""id"":""482t1456"",""nodes"":[{""id"":""8h79t457"",""nodes"":[{""id"":""rgnz8241"",""nodes"":[{""id"":"""",""nodes"":[],""textData"":{""decorations"":[{""colorData"":{""foreground"":""rgb(0, 0, 0)""},""type"":""COLOR""}],""text"":""Rosewood Arts Center: The View - 2024""},""type"":""TEXT""}],""paragraphData"":{""indentation"":0,""textStyle"":{""textAlignment"":""AUTO""}},""type"":""PARAGRAPH""}],""type"":""LIST_ITEM""},{""id"":""l9dc61110"",""nodes"":[{""id"":""qd2n71111"",""nodes"":[{""id"":"""",""nodes"":[],""textData"":{""decorations"":[],""text"":""Germantown Public Library Juried Arts Exhibition - December 2023-January 2024 ""},""type"":""TEXT""}],""paragraphData"":{""indentation"":0,""textStyle"":{""textAlignment"":""AUTO""}},""type"":""PARAGRAPH""}],""type"":""LIST_ITEM""},{""id"":""wzfkr459"",""nodes"":[{""id"":""tewpf206"",""nodes"":[{""id"":"""",""nodes"":[],""textData"":{""decorations"":[],""text"":""2023 Midwest Fall Showcase Women’s Spotlight Hilliard Arts Council - August-September 2023""},""type"":""TEXT""}],""paragraphData"":{""indentation"":0,""textStyle"":{""textAlignment"":""AUTO""}},""type"":""PARAGRAPH""}],""type"":""LIST_ITEM""},{""id"":""4kj1w461"",""nodes"":[{""id"":""l2blx282"",""nodes"":[{""id"":"""",""nodes"":[],""textData"":{""decorations"":[],""text"":""Art in the City Juried Show 2023 ""},""type"":""TEXT""}],""paragraphData"":{""indentation"":0,""textStyle"":{""textAlignment"":""AUTO""}},""type"":""PARAGRAPH""}],""type"":""LIST_ITEM""},{""id"":""6llno463"",""nodes"":[{""id"":""yww1y312"",""nodes"":[{""id"":"""",""nodes"":[],""textData"":{""decorations"":[],""text"":""Life in the City Juried Show – Front Street 2023 ""},""type"":""TEXT""}],""paragraphData"":{""indentation"":0,""textStyle"":{""textAlignment"":""AUTO""}},""type"":""PARAGRAPH""}],""type"":""LIST_ITEM""},{""id"":""3g5lc465"",""nodes"":[{""id"":""8k4hf328"",""nodes"":[{""id"":"""",""nodes"":[],""textData"":{""decorations"":[],""text"":""ReMembered 2023 ""},""type"":""TEXT""}],""paragraphData"":{""indentation"":0,""textStyle"":{""textAlignment"":""AUTO""}},""type"":""PARAGRAPH""}],""type"":""LIST_ITEM""},{""id"":""ns4vt467"",""nodes"":[{""id"":""tq0oj345"",""nodes"":[{""id"":"""",""nodes"":[],""textData"":{""decorations"":[],""text"":""Annual Members Show Tipp City Arts Council 2023""},""type"":""TEXT""}],""paragraphData"":{""indentation"":0,""textStyle"":{""textAlignment"":""AUTO""}},""type"":""PARAGRAPH""}],""type"":""LIST_ITEM""},{""id"":""y3xj0469"",""nodes"":[{""id"":""fhvkf413"",""nodes"":[{""id"":"""",""nodes"":[],""textData"":{""decorations"":[],""text"":""Fine Art Exhibit Inspire(d) Dayton Society of Artists 2023 Annual Spring Juried Exhibition""},""type"":""TEXT""}],""paragraphData"":{""indentation"":0,""textStyle"":{""textAlignment"":""AUTO""}},""type"":""PARAGRAPH""}],""type"":""LIST_ITEM""},{""id"":""1xcbi471"",""nodes"":[{""id"":""vqqn7468"",""nodes"":[{""id"":"""",""nodes"":[],""textData"":{""decorations"":[],""text"":""Life in the City Juried Show- Front Street – August 2022""},""type"":""TEXT""}],""paragraphData"":{""indentation"":0,""textStyle"":{""textAlignment"":""AUTO""}},""type"":""PARAGRAPH""}],""type"":""LIST_ITEM""},{""id"":""u8uif473"",""nodes"":[{""id"":""zwyxe506"",""nodes"":[{""id"":"""",""nodes"":[],""textData"":{""decorations"":[],""text"":""Piqua Arts Council 29th Annual Fine Arts Exhibition 09/2021 ""},""type"":""TEXT""}],""paragraphData"":{""indentation"":0,""textStyle"":{""textAlignment"":""AUTO""}},""type"":""PARAGRAPH""}],""type"":""LIST_ITEM""},{""id"":""5zyqj475"",""nodes"":[{""id"":""eq78b527"",""nodes"":[{""id"":"""",""nodes"":[],""textData"":{""decorations"":[],""text"":""DVAC Annual Member’s Show - 2000- 2019""},""type"":""TEXT""}],""paragraphData"":{""indentation"":0,""textStyle"":{""textAlignment"":""AUTO""}},""type"":""PARAGRAPH""}],""type"":""LIST_ITEM""}],""type"":""BULLETED_LIST""},{""id"":""l08cb591"",""nodes"":[],""paragraphData"":{""indentation"":0,""textStyle"":{""textAlignment"":""AUTO""}},""type"":""PARAGRAPH""},{""id"":""lxjq0613"",""nodes"":[{""id"":"""",""nodes"":[],""textData"":{""decorations"":[{""fontWeightValue"":700,""type"":""BOLD""}],""text"":""Awards""},""type"":""TEXT""}],""paragraphData"":{""indentation"":0,""textStyle"":{""textAlignment"":""AUTO""}},""type"":""PARAGRAPH""},{""bulletedListData"":{""indentation"":0},""id"":""r5rfs538"",""nodes"":[{""id"":""x1sdm539"",""nodes"":[{""id"":""6zw6x657"",""nodes"":[{""id"":"""",""nodes"":[],""textData"":{""decorations"":[{""colorData"":{""foreground"":""rgb(0, 0, 0)""},""type"":""COLOR""}],""text"":""Rosewood Arts Center: The View 2024, Honorable Mention""},""type"":""TEXT""}],""paragraphData"":{""indentation"":0,""textStyle"":{""textAlignment"":""AUTO""}},""type"":""PARAGRAPH""}],""type"":""LIST_ITEM""},{""id"":""rzdhn1536"",""nodes"":[{""id"":""znmb31537"",""nodes"":[{""id"":"""",""nodes"":[],""textData"":{""decorations"":[],""text"":""Tipp City Arts Council 2023 Fine Art Exhibit- Second Place and Honorable Mention for Advanced Watermedia""},""type"":""TEXT""}],""paragraphData"":{""indentation"":0,""textStyle"":{""textAlignment"":""AUTO""}},""type"":""PARAGRAPH""}],""type"":""LIST_ITEM""},{""id"":""8lmqr541"",""nodes"":[{""id"":""w6wad884"",""nodes"":[{""id"":"""",""nodes"":[],""textData"":{""decorations"":[],""text"":""Dayton Museum of Natural History Naturescape Show 1998 - Honorable Mention""},""type"":""TEXT""}],""paragraphData"":{""indentation"":0,""textStyle"":{""textAlignment"":""AUTO""}},""type"":""PARAGRAPH""}],""type"":""LIST_ITEM""},{""id"":""mo24p543"",""nodes"":[{""id"":""a70de932"",""nodes"":[{""id"":"""",""nodes"":[],""textData"":{""decorations"":[],""text"":""Dayton Society of Painters and Sculptors (Now DSA) – 1992 and 1993 Watercolor Category 2nd and 3rd place Awards ""},""type"":""TEXT""}],""paragraphData"":{""indentation"":0,""textStyle"":{""textAlignment"":""AUTO""}},""type"":""PARAGRAPH""}],""type"":""LIST_ITEM""}],""type"":""BULLETED_LIST""},{""id"":""8fgta958"",""nodes"":[],""paragraphData"":{""indentation"":0,""textStyle"":{""textAlignment"":""AUTO""}},""type"":""PARAGRAPH""},{""id"":""cxb29984"",""nodes"":[{""id"":"""",""nodes"":[],""textData"":{""decorations"":[{""fontWeightValue"":700,""type"":""BOLD""}],""text"":""Artists Organization Memberships""},""type"":""TEXT""}],""paragraphData"":{""indentation"":0,""textStyle"":{""textAlignment"":""AUTO""}},""type"":""PARAGRAPH""},{""bulletedListData"":{""indentation"":0},""id"":""4qwfq576"",""nodes"":[{""id"":""tdj3h577"",""nodes"":[{""id"":""4mj2t1090"",""nodes"":[{""id"":"""",""nodes"":[],""textData"":{""decorations"":[],""text"":""Dayton Society of Artists""},""type"":""TEXT""}],""paragraphData"":{""indentation"":0,""textStyle"":{""textAlignment"":""AUTO""}},""type"":""PARAGRAPH""}],""type"":""LIST_ITEM""},{""id"":""6medo579"",""nodes"":[{""id"":""7ymbn1144"",""nodes"":[{""id"":"""",""nodes"":[],""textData"":{""decorations"":[],""text"":""The Contemporary- Dayton ""},""type"":""TEXT""}],""paragraphData"":{""indentation"":0,""textStyle"":{""textAlignment"":""AUTO""}},""type"":""PARAGRAPH""}],""type"":""LIST_ITEM""},{""id"":""m26o0581"",""nodes"":[{""id"":""jq87o1202"",""nodes"":[{""id"":"""",""nodes"":[],""textData"":{""decorations"":[],""text"":""Silent Auction Artist for the past 20 years. ""},""type"":""TEXT""}],""paragraphData"":{""indentation"":0,""textStyle"":{""textAlignment"":""AUTO""}},""type"":""PARAGRAPH""}],""type"":""LIST_ITEM""},{""id"":""94yhi583"",""nodes"":[{""id"":""ujj3d1232"",""nodes"":[{""id"":"""",""nodes"":[],""textData"":{""decorations"":[],""text"":""Live Auction Artist -2019""},""type"":""TEXT""}],""paragraphData"":{""indentation"":0,""textStyle"":{""textAlignment"":""AUTO""}},""type"":""PARAGRAPH""}],""type"":""LIST_ITEM""}],""type"":""BULLETED_LIST""}]}","Artist Statement: In early 2021, Linda Hart began noticing the beauty in crumbling, decaying industrial warehouses and buildings in the Miami Valley and decided to challenge herself to do a body of work with subject matter she was unfamiliar with, to stretch her creativity and grow as an artist. She set out driving around East and West Dayton to take photos and found numerous industrial vignettes often with nature visibly taking over the structures or changing them in beautiful ways. She realized how perfect watercolor was to capture the beauty of the drips, rust, striations and textures of these decaying buildings. Chasing Urban Shadows was born from that urge to explore another path in her art. Linda saw the beauty in the decaying structures and wanted to bring that beauty to others’ attention with this body of work. While still painting urban scenes, Linda still paints the natural world and the flowers and plants that inspire her.

About her work:
The more time I spent looking at deteriorating buildings in the backgrounds of our life in the Miami Valley, the more possibilities I saw for interesting and abstract paintings and was inspired to paint these scenes. I liked the way these images were actually some place real but also came across as an abstract image for your own interpretation. I found beauty in the decay, the same way I had previously found beauty in the flowers I have painted and grown for years. There is hidden beauty everywhere, even in industrial warehouses and train bridge overpasses and you must look a little harder to see it.

Will these aging industrial buildings become even more beautiful as they deteriorate more? I hope I inspire others to wonder about the same things while enjoying the images I have painted. I hope I have brought the beauty of what time and nature has done to these buildings to life and others love what they have become as they have evolved in their surroundings.""

Linda continues to paint the beauty of industrial Dayton but also has returned to her roots and brings flowers to life on canvas and clayboard in her Floral Fragments series. Growing up at a nursery in Southwestern Pennsylvania instilled the beauty of nature and flowers for Linda at an early age. As a lifelong artist and gardener, she grows much of her subject matter. Moonflowers, bright yellow sunflowers and zinnias grown in her own yard are just some of the inspiration for her subject matter. This series embodies her life experiences as a gardener and an artist as she explores the inherent and ethereal beauty nature provides.","https://www.facebook.com/lindahart230","https://www.instagram.com/linda.hart.artist","https://artbylindahart.com",,"[{""description"":"""",""slug"":""648eff_0b98e2c45b2748b0aed0d7f0349c19ae~mv2.jpg"",""alt"":"""",""src"":""wix:image://v1/648eff_0b98e2c45b2748b0aed0d7f0349c19ae~mv2.jpg/Deconstructed%2520Sunflowers%2520and%2520Love%2520in%2520the%2520Mist.jpg#originWidth=2196&originHeight=1643"",""title"":""Deconstructed Sunflowers and Love in the Mist.jpg"",""type"":""image"",""settings"":{""focalPoint"":[0.5,0.5],""height"":1643,""width"":2196}},{""description"":"""",""slug"":""648eff_a13cdae634a440f5b735642ad068910d~mv2.jpg"",""alt"":"""",""src"":""wix:image://v1/648eff_a13cdae634a440f5b735642ad068910d~mv2.jpg/unnamed.jpg#originWidth=1497&originHeight=1000"",""title"":""unnamed.jpg"",""type"":""image"",""settings"":{""focalPoint"":[0.5,0.5],""height"":1000,""width"":1497}}]","Deconstructed Sunflowers and Love in the Mist","36"" x 48"" x 1.5""","Mixed Media- Watercolor and ink on Gallery Wrapped Canvas","wix:image://v1/648eff_2bd886ddf6c74f919ace2b48ee063640~mv2.jpg/linda%20hart%20profile.jpg#originWidth=1194&originHeight=1203","/artist/linda-hart","/artists/","140428ab-8af3-40bc-b443-cc7710ced7ad",2024-03-09T14:14:10Z,2026-06-14T12:47:28Z,"648eff38-1300-4400-b20a-ee65209af597"
"Ching Chung","Chung","ching_ching@mac.com","[""Drawing"",""Digital Art""]","206-295-0983","{""documentStyle"":{},""nodes"":[{""id"":""foo"",""nodes"":[{""id"":"""",""nodes"":[],""textData"":{""decorations"":[],""text"":""Bio: Ching is a visual digital artist who creates bright, joyful and whimsical art for those seeking colorful sparks of imagination and meaning in their lives.""},""type"":""TEXT""}],""paragraphData"":{""indentation"":0,""textStyle"":{""textAlignment"":""AUTO""}},""type"":""PARAGRAPH""},{""id"":""nczk4109"",""nodes"":[],""paragraphData"":{""indentation"":0,""textStyle"":{""textAlignment"":""AUTO""}},""type"":""PARAGRAPH""},{""id"":""rmwvl112"",""nodes"":[{""id"":"""",""nodes"":[],""textData"":{""decorations"":[],""text"":""She has always captured her world via sketches and photography, drawing from curiosity, keep observation, and inspired ideas that demand expression.""},""type"":""TEXT""}],""paragraphData"":{""indentation"":0,""textStyle"":{""textAlignment"":""AUTO""}},""type"":""PARAGRAPH""},{""id"":""8r8z5125"",""nodes"":[],""paragraphData"":{""indentation"":0,""textStyle"":{""textAlignment"":""AUTO""}},""type"":""PARAGRAPH""},{""id"":""1ayv3131"",""nodes"":[{""id"":"""",""nodes"":[],""textData"":{""decorations"":[],""text"":""As an Asian immigrant from Brunei to Ohio, her mother was a full time seamstress, and sewing was an important part of her culture. It instilled in her a love of fabric, color, design, and tradition, which she expresses through her design and artwork. ""},""type"":""TEXT""}],""paragraphData"":{""indentation"":0,""textStyle"":{""textAlignment"":""AUTO""}},""type"":""PARAGRAPH""},{""id"":""5ir8d164"",""nodes"":[],""paragraphData"":{""indentation"":0,""textStyle"":{""textAlignment"":""AUTO""}},""type"":""PARAGRAPH""},{""id"":""q1fax169"",""nodes"":[{""id"":"""",""nodes"":[],""textData"":{""decorations"":[],""text"":""With an Industrial Design degree from The Ohio State University, she learned to design through the lens of human factors in all kinds of lived spaces. This was where she also learned to create 3D spaces from 2D sketches.""},""type"":""TEXT""}],""paragraphData"":{""indentation"":0,""textStyle"":{""textAlignment"":""AUTO""}},""type"":""PARAGRAPH""},{""id"":""2mcnc185"",""nodes"":[],""paragraphData"":{""indentation"":0,""textStyle"":{""textAlignment"":""AUTO""}},""type"":""PARAGRAPH""},{""id"":""qpjsm191"",""nodes"":[{""id"":"""",""nodes"":[],""textData"":{""decorations"":[],""text"":""Communicating ideas via sketches came naturally to her in her work of luxury retail boutique design and then later aviation design. Her love of sketching and drawing continues to this day.""},""type"":""TEXT""}],""paragraphData"":{""indentation"":0,""textStyle"":{""textAlignment"":""AUTO""}},""type"":""PARAGRAPH""}]}","Artist Statement: I draw what I feel, not what I see in front of me. In a sense, I am always working, observing, feeling, researching and noticing. Then the moment arrives and it is time to put pen to paper, and let what wants to arrive, arrive.

To say I am visual is an understatement. The visualization and the art comes from messages received. The artist was there before a label was bestowed.

The work is something that needs to be practiced as well as expressed. And it is transitory, so it has to be captured before I am someone else.","https://www.facebook.com/100095434421527/","https://www.instagram.com/chingchungart/","https://lnk.bio/chingchungart",,"[{""description"":"""",""slug"":""648eff_757664918770432599bbbd0f416a80f8~mv2.png"",""alt"":"""",""src"":""wix:image://v1/648eff_757664918770432599bbbd0f416a80f8~mv2.png/FanClub_screenshot_20240205.png#originWidth=1508&originHeight=1512"",""title"":""FanClub_screenshot_20240205.png"",""type"":""image"",""settings"":{""focalPoint"":[0.5,0.5],""height"":1512,""width"":1508}}]","Fan Club","12""x12""","Digital Art - to - Matte Print","wix:image://v1/648eff_740d103ac8fe4fa5a3ac2d47170475a9~mv2.jpg/ChingChungArt-Photo1.jpg#originWidth=1119&originHeight=1491","/artist/ching-chung","/artists/","16017bbd-af4e-4e83-8605-31dce1c9a994",2024-03-10T14:04:00Z,2026-04-22T21:42:50Z,"648eff38-1300-4400-b20a-ee65209af597"
"Joshua Smith","Smith","jspsfx@gmail.com","[""Drawing"",""Painting""]","9376072148","{""nodes"":[{""type"":""PARAGRAPH"",""id"":""foo"",""nodes"":[{""type"":""TEXT"",""id"":"""",""nodes"":[],""textData"":{""text"":""Bio: "",""decorations"":[]}},{""type"":""TEXT"",""id"":"""",""nodes"":[],""textData"":{""text"":""Joshua Smith is a self-taught illustrator based in Dayton, Ohio, where he was born and continues to live and work. With a deep passion for visual storytelling, Joshua creates highly detailed illustrations that blend imaginative worlds with expressive linework. His work reflects a personal journey of artistic discovery outside traditional institutions."",""decorations"":[{""type"":""COLOR"",""colorData"":{""background"":""rgb(255, 255, 255)"",""foreground"":""rgb(71, 71, 71)""}}]}}],""paragraphData"":{""textStyle"":{""textAlignment"":""AUTO""},""indentation"":0}}],""documentStyle"":{}}","Artist Statement: Art, to me, is not a career path or a means to an end. It’s a source of meaning that is pure and infinitely valuable. 
   
It’s how I interpret the world, how I search for meaning, and how I stay honest with myself. I create because I have to, not because it’s profitable or popular.",,"https://www.instagram.com/joshua.smith.art/",,,"[{""description"":"""",""fileName"":""Untitled_Artwork_Original.png"",""slug"":""648eff_85f8f4634214400aa1112f2fa25c172c~mv2.png"",""alt"":"""",""src"":""wix:image://v1/648eff_85f8f4634214400aa1112f2fa25c172c~mv2.png/Untitled_Artwork_Original.png#originWidth=2360&originHeight=1640"",""title"":""Untitled_Artwork_Original.png"",""type"":""image"",""settings"":{""width"":2360,""height"":1640,""focalPoint"":[0.5,0.5]}}]","The Impasse","2360x1640 px","Hand Drawn Digital (Procreate)","wix:image://v1/648eff_8bcc84e409a9487b89924372f072c0ad~mv2.jpeg/IMG_4324.jpeg#originWidth=2316&originHeight=3088","/artist/joshua-smith","/artists/","1657027f-ec45-477d-9bbe-8fc2c7d48cff",2025-07-24T00:19:51Z,2026-03-03T23:30:03Z,"648eff38-1300-4400-b20a-ee65209af597"
"Danielle Harper","Harper","danielleharper669@gmail.com","[""Drawing"",""mosaic"",""Painting""]","9377019529","{""nodes"":[{""type"":""PARAGRAPH"",""id"":""foo"",""nodes"":[{""type"":""TEXT"",""id"":"""",""nodes"":[],""textData"":{""text"":""Bio: "",""decorations"":[]}},{""type"":""TEXT"",""id"":"""",""nodes"":[],""textData"":{""text"":""I'm a abstract artist that has been doing art for two years now, it started out as a creative outlet for me and turned into something I started to really enjoy. I use acrylic paints, lots of different tools in my artwork and I'm always looking for new ways to create new art pieces"",""decorations"":[{""type"":""COLOR"",""colorData"":{""background"":""rgb(255, 255, 255)"",""foreground"":""rgb(71, 71, 71)""}}]}}],""paragraphData"":{""textStyle"":{""textAlignment"":""AUTO""},""indentation"":0}}],""documentStyle"":{}}","Artist Statement: Art is a part of who I am, and I want to share this with the world. I want my art to bring happiness and love to those who view my artwork.",,"https://www.instagram.com/star_seed_48",,,"[{""description"":"""",""fileName"":"""",""slug"":""648eff_0a2717f29b0a452a90c876fe86bc6ff4~mv2.jpg"",""alt"":"""",""src"":""wix:image://v1/648eff_0a2717f29b0a452a90c876fe86bc6ff4~mv2.jpg/_.jpg#originWidth=3072&originHeight=4080"",""title"":"""",""type"":""image"",""settings"":{""width"":3072,""height"":4080,""focalPoint"":[0.5,0.5]}},{""description"":"""",""fileName"":""1000022668.jpg"",""slug"":""ef7b27_b223a80cecec4c0184eaf56e092999ae~mv2.jpg"",""alt"":"""",""src"":""wix:image://v1/ef7b27_b223a80cecec4c0184eaf56e092999ae~mv2.jpg/1000022668.jpg#originWidth=4080&originHeight=3060"",""title"":""1000022668.jpg"",""type"":""image"",""settings"":{""width"":4080,""height"":3060,""focalPoint"":[0.5,0.5]}},{""description"":"""",""fileName"":""1000022477.jpg"",""slug"":""ef7b27_720b8c6e01134f05ba153eb4bc7ed910~mv2.jpg"",""alt"":"""",""src"":""wix:image://v1/ef7b27_720b8c6e01134f05ba153eb4bc7ed910~mv2.jpg/1000022477.jpg#originWidth=1171&originHeight=1191"",""title"":""1000022477.jpg"",""type"":""image"",""settings"":{""width"":1171,""height"":1191,""focalPoint"":[0.5,0.5]}},{""description"":"""",""fileName"":""1000022475.jpg"",""slug"":""ef7b27_e41b72dfe7604bc5af51bd338d189a95~mv2.jpg"",""alt"":"""",""src"":""wix:image://v1/ef7b27_e41b72dfe7604bc5af51bd338d189a95~mv2.jpg/1000022475.jpg#originWidth=1555&originHeight=2074"",""title"":""1000022475.jpg"",""type"":""image"",""settings"":{""width"":1555,""height"":2074,""focalPoint"":[0.5,0.5]}},{""description"":"""",""fileName"":""1000022478.jpg"",""slug"":""ef7b27_6cf3ad0b28884a8a9f1ef85cd141a563~mv2.jpg"",""alt"":"""",""src"":""wix:image://v1/ef7b27_6cf3ad0b28884a8a9f1ef85cd141a563~mv2.jpg/1000022478.jpg#originWidth=1803&originHeight=1432"",""title"":""1000022478.jpg"",""type"":""image"",""settings"":{""width"":1803,""height"":1432,""focalPoint"":[0.5,0.5]}}]","Calm Waters","5 x 5","Acrylic Paint","wix:image://v1/648eff_351caae3d0f54d0fbc74dd6023dea11e~mv2.jpg/inbound2595160229332118563.jpg#originWidth=4080&originHeight=3072","/artist/danielle-harper","/artists/","17875355-682e-4111-be20-b40d12b08585",2025-01-26T03:06:11Z,2026-03-04T20:08:43Z,"648eff38-1300-4400-b20a-ee65209af597"
"Dave Crowell","Crowell","dave@customframeservices.com","[""Drawing"",""Painting"",""Assemblage"",""Sculpture""]","937-220-9020","{""nodes"":[{""type"":""PARAGRAPH"",""id"":""foo"",""nodes"":[{""type"":""TEXT"",""id"":"""",""nodes"":[],""textData"":{""text"":""Bio: "",""decorations"":[]}},{""type"":""TEXT"",""id"":"""",""nodes"":[],""textData"":{""text"":""I have been an artist and designer all of my life and work to realize concepts through whatever materials and means available. I earned an Associate of Arts degree at Sinclair Community College with a focus on painting. Aside from this, I am primarily and continually self educating with an insatiable passion for the expression of observation and the human experience. I founded Custom Frame Services, Inc in 1993 with the concept of helping fellow artists realize their vision."",""decorations"":[{""type"":""COLOR"",""colorData"":{""background"":""rgb(255, 255, 255)"",""foreground"":""rgb(71, 71, 71)""}}]}}],""paragraphData"":{""textStyle"":{""textAlignment"":""AUTO""},""indentation"":0}}],""documentStyle"":{}}","Artist Statement: I work daily towards a higher expression of the creative experience. Applying my talent, skills and understanding to achieve authentic results with my own work and the work entrusted to me. I use my knowledge of history, philosophy and belief structures to qualify my process. I  see art as a social engine and cultural driver.","https://facebook.com/customframeservices","https://www.instagram.com/pigeongeek/","https://customframeservices.com",,"[{""description"":"""",""slug"":""648eff_87b9604af3ff4be78169686995d80cfe~mv2.jpg"",""alt"":"""",""src"":""wix:image://v1/648eff_87b9604af3ff4be78169686995d80cfe~mv2.jpg/_.jpg#originWidth=2880&originHeight=2880"",""title"":"""",""type"":""image"",""settings"":{""width"":2880,""height"":2880,""focalPoint"":[0.5,0.5]}}]","Engineer of a Past Future","Approximately 42""w x 36""h x 18""d","Assemblage","wix:image://v1/648eff_f7bdfa5439a44a5198fa478d7d94b2cd~mv2.jpg/20180818_134021.jpg#originWidth=2281&originHeight=3625","/artist/dave-crowell","/artists/","1ca9758f-520b-4e90-9b24-cbacb4588f24",2024-11-23T13:46:20Z,2026-03-21T20:53:18Z,"648eff38-1300-4400-b20a-ee65209af597"
"Jesse Ly","Ly","jesse.ly.jesse.ly@gmail.com","[""Photography"",""Sculpture""]","9374058907","{""documentStyle"":{},""nodes"":[{""id"":""qwysc279"",""nodes"":[{""id"":"""",""nodes"":[],""textData"":{""decorations"":[{""fontWeightValue"":700,""type"":""BOLD""}],""text"":""Bio: ""},""type"":""TEXT""},{""id"":"""",""nodes"":[],""textData"":{""decorations"":[{""fontWeightValue"":700,""type"":""BOLD""},{""colorData"":{""background"":""rgb(255, 255, 255)"",""foreground"":""rgb(34, 34, 34)""},""type"":""COLOR""}],""text"":""Jesse Ly is an Asian-American photographic and image-based artist. They hold a bachelor’s degree in Fine Arts with a minor in Art History and a certificate in Critical Visions from the University of Cincinnati’s college of DAAP. They currently are the Graphic Design and Photography Media Facilities Coordinator for Art & Design at the University of Dayton.""},""type"":""TEXT""}],""paragraphData"":{},""type"":""PARAGRAPH""},{""id"":""ssec6281"",""nodes"":[],""paragraphData"":{""textStyle"":{""textAlignment"":""AUTO""}},""type"":""PARAGRAPH""},{""id"":""1ybsw282"",""nodes"":[],""paragraphData"":{""textStyle"":{""textAlignment"":""AUTO""}},""type"":""PARAGRAPH""},{""id"":""8ou2a283"",""nodes"":[{""id"":"""",""nodes"":[],""textData"":{""decorations"":[{""fontWeightValue"":700,""type"":""BOLD""},{""colorData"":{""background"":""rgb(255, 255, 255)"",""foreground"":""rgb(34, 34, 34)""},""type"":""COLOR""}],""text"":""They have exhibited work both nationally across the US and internationally. They have had solo exhibitions at spaces including RoyGBiv Gallery - Columbus, OH, Foster Gallery - Dedham, MA, The Neon Heater - Findlay, OH and Gallery Photoland - Olympia, WA. As well had notable group exhibitions at spaces such as The Contemporary Arts Center - Cincinnati, OH, FotoFilmic - Vancouver, BC, The PH Museum - Bologna, Italy among others. They have been a recipient of CultureWorks Artist Opportunity Grants, an Individual Excellence Award from the Ohio Arts Council, a Regional Artist Renewal Grant via the National Endowment for the Arts, and was named a finalist for the Aperture Portfolio Prize in 2023.  ""},""type"":""TEXT""}],""paragraphData"":{},""type"":""PARAGRAPH""}]}","Artist Statement: Jesse Ly uses photographic approaches that incorporates processes of sculpture, bookmaking, and writing to inform and expand imagery. Their work navigates identity structures through representation and comprehension by considering the transitional qualities of existence found within imagery and their adornments. They use this mode of looking to examine how photographic depictions incite differentiation in presence and portrayal through presented context and actuality.

These concerns surface typically via self-analyzation, fixating on how Ly, those they have immediate discursive relationships with, their inhabited spaces, and objects of interaction exists through, with, and as photographic imagery. This is done to further dialogs of relationships of image-making, existence, and conceptual formulations through the sequencing, intervening, and examination of their compositions. This allots for a further inquiry of physical, ethereal and psychological spaces to become recontextualized through the perceptions, futilities, liminal spaces, and notions imagery creates.  ",,"https://www.instagram.com/jessely/","https://jessely.com/",,"[{""description"":"""",""fileName"":""shelter (showing & glowing).jpg"",""slug"":""807115_e8554387cb074545a7423c9d84c53fe7~mv2.jpg"",""alt"":"""",""src"":""wix:image://v1/807115_e8554387cb074545a7423c9d84c53fe7~mv2.jpg/shelter%2520(showing%2520%2526%2520glowing).jpg#originWidth=3375&originHeight=4500"",""title"":""shelter (showing & glowing).jpg"",""type"":""image"",""settings"":{""focalPoint"":[0.5,0.5],""height"":4500,""width"":3375}}]","shelter (showing and glowing)","16"" x 20""","archival inkjet print in handmade bloodwood frame  ","wix:image://v1/807115_02352dcc2ed64a5a96215b9238019212~mv2.jpg/jly%20-%20portrait.jpg#originWidth=3600&originHeight=4800","/artist/jesse-ly","/artists/","1d3e8d34-1c81-4eaf-9bb5-b11662538975",2026-04-16T20:42:12Z,2026-06-14T12:48:24Z,"37a00a83-8de6-4c78-aaec-4ad3b7010549"
"Dan Landis","Landis","danlan@att.net","[""Photography""]","9373217862","{""nodes"":[{""type"":""PARAGRAPH"",""id"":""foo"",""nodes"":[{""type"":""TEXT"",""id"":"""",""nodes"":[],""textData"":{""text"":""Bio: "",""decorations"":[]}},{""type"":""TEXT"",""id"":"""",""nodes"":[],""textData"":{""text"":""I have been passionate about photography for over 50 years, since I was hired, in 1970, as a photographer and darkroom worker at Logan Studios in downtown Dayton. Since then, I made the transition to digital photography in the 1990's, and began to sell my work at art and craft shows. Currently, I am a resident artist at the Sugarcreek Photography Gallery in Bellbrook, Ohio."",""decorations"":[{""type"":""COLOR"",""colorData"":{""background"":""rgb(255, 255, 255)"",""foreground"":""rgb(71, 71, 71)""}}]}}],""paragraphData"":{""textStyle"":{""textAlignment"":""AUTO""},""indentation"":0}}],""documentStyle"":{}}","Artist Statement: Anyone who is a nature lover has experienced those transcendent moments, when a sweeping beautiful scene, or even a dazzling detail, connects us to something profound and moving.  It is my goal as a photographer to capture those moments.",,,"https://landiscapes.com",,"[{""description"":"""",""slug"":""648eff_c9efbae30c544a648d3d01f4f3589836~mv2.jpeg"",""alt"":"""",""src"":""wix:image://v1/648eff_c9efbae30c544a648d3d01f4f3589836~mv2.jpeg/_.jpeg#originWidth=2000&originHeight=1369"",""title"":"""",""type"":""image"",""settings"":{""width"":2000,""height"":1369,""focalPoint"":[0.5,0.5]}}]","Queen's Bath, Kauai","20” x 30”","Framed Giclee canvas print","wix:image://v1/648eff_b4de286eb6e6417090bbdf2f7ad7b838~mv2.jpeg/IMG_1111.jpeg#originWidth=2000&originHeight=1143","/artist/dan-landis","/artists/","1d914146-9cf8-425f-b7b1-4fa4ebb03f28",2025-02-18T13:19:04Z,2026-03-03T23:31:46Z,"648eff38-1300-4400-b20a-ee65209af597"
"Bonnie Kuntz","Kuntz","artbybkuntz@gmail.com","[""Painting""]","9376736163","{""nodes"":[{""type"":""PARAGRAPH"",""id"":""foo"",""nodes"":[{""type"":""TEXT"",""id"":"""",""nodes"":[],""textData"":{""text"":""Bio: Over the years she studied different types of art both formally and informally at the Dayton Art Institute and Rosewood Art Center. She has studied with nationally known artists in their workshops. Currently she is teaching watercolor painting at Rosewood and for Sinclair lifelong learning. A Registered Nurse now retired, Bonnie is an active member in all of the local art organizations. Her work can be seen at The Artery at Front St. and currently at the Gem City Catfe, The Springfield Museum of Art, and Springboro Center for the Arts. On-line at Essential Artists and FrontSt. Galleries. She is also certified in several Eastern healing arts. She owned horses for 25 years and loves to paint them as well as other animals, florals and landscapes. Bonnie primarily paints in Watercolors, Acrylics and Mixed Media."",""decorations"":[]}}],""paragraphData"":{""textStyle"":{""textAlignment"":""AUTO""},""indentation"":0}}],""documentStyle"":{}}","Artist Statement: I enjoy trying new mediums and new subjects. My delight in Art is the adventurous uncertainty of it. What’s beyond my control makes an endless variety of techniques interesting, because of the unpredictable results. Much like life itself.","https://www.facebook.com/profile.php?id=100013858921264","https://www.instagram.com/kuntzbonnie/",,,"[{""description"":"""",""slug"":""648eff_6e89e6f650e747749967e87d035a38b6~mv2.jpeg"",""alt"":"""",""src"":""wix:image://v1/648eff_6e89e6f650e747749967e87d035a38b6~mv2.jpeg/IMG_0370.jpeg#originWidth=3024&originHeight=4032"",""title"":""IMG_0370.jpeg"",""type"":""image"",""settings"":{""width"":3024,""height"":4032,""focalPoint"":[0.5,0.5]}},{""description"":"""",""slug"":""648eff_6f457daab24d4f8f87bf0e335987fd6a~mv2.jpg"",""alt"":"""",""src"":""wix:image://v1/648eff_6f457daab24d4f8f87bf0e335987fd6a~mv2.jpg/_.jpg#originWidth=691&originHeight=2000"",""title"":"""",""type"":""image"",""settings"":{""width"":691,""height"":2000,""focalPoint"":[0.5,0.5]}},{""description"":"""",""slug"":""648eff_029f3aa0ac8a405dadac8e9de0dce694~mv2.jpg"",""alt"":"""",""src"":""wix:image://v1/648eff_029f3aa0ac8a405dadac8e9de0dce694~mv2.jpg/_.jpg#originWidth=1359&originHeight=2048"",""title"":"""",""type"":""image"",""settings"":{""width"":1359,""height"":2048,""focalPoint"":[0.5,0.5]}}]","A Muddy Day at the Track","24 x28","Mixed Media","wix:image://v1/648eff_af7cf8ce72464c8a917123e8676e6893~mv2.jpeg/IMG_0110.jpeg#originWidth=3024&originHeight=4032","/artist/bonnie-kuntz","/artists/","20868c59-3dfb-4d9a-9305-920b92dc499f",2024-05-17T13:09:48Z,2026-03-12T00:12:24Z,"648eff38-1300-4400-b20a-ee65209af597"
"Marlene Steele","Steele","marlene@mycolorstrokes.com","[""Painting""]","9372036965","{""documentStyle"":{},""nodes"":[{""id"":""foo"",""nodes"":[{""id"":"""",""nodes"":[],""textData"":{""decorations"":[],""text"":""Bio: Up cycling and building salvage into unique art pieces.""},""type"":""TEXT""}],""paragraphData"":{""indentation"":0,""textStyle"":{""textAlignment"":""AUTO""}},""type"":""PARAGRAPH""}]}","Artist Statement: I work as a painter, utilizing vibrant and daring colors. I begin without a specific plan, allowing the painting to guide its direction. I've noticed that my present state of mind influences various changes in my artwork. The unpredictability of the process excites me, as each moment is a discovery, a new adventure waiting to unfold. Through my work, I strive to inspire others to embrace the beauty of unpredictability, to find joy in the process of creation, and to celebrate the unique essence that makes each of us a masterpiece in our own right.","https://www.facebook.com/mycolorstrokes55","https://www.instagram.com/marlenesteeleart/","https://www.marlenesteeleart.com/",,"[{""description"":"""",""slug"":""648eff_5ea09ab5d1844db38ca1ff61ef27a7b9~mv2.jpeg"",""alt"":"""",""src"":""wix:image://v1/648eff_5ea09ab5d1844db38ca1ff61ef27a7b9~mv2.jpeg/IMG_0984.jpeg#originWidth=2407&originHeight=1789"",""title"":""IMG_0984.jpeg"",""type"":""image"",""settings"":{""focalPoint"":[0.5,0.5],""height"":1789,""width"":2407}}]","A Morning's View","30"" x 40""","Clay paint, acrylic and texture medium","wix:image://v1/648eff_c2f4624b32ab4890b68647c38534d4e1~mv2.jpeg/IMG_0447.jpeg#originWidth=3088&originHeight=2316","/artist/marlene-steele","/artists/","219c0c24-0e78-4108-bb53-e349bcf8b026",2024-03-12T01:00:51Z,2026-04-22T21:39:28Z,"648eff38-1300-4400-b20a-ee65209af597"
"Jo Anne Vincent","Vincent","jvincent1972@gmail.com","[""Jewelry""]","937-620-3878","{""documentStyle"":{},""nodes"":[{""id"":""foo"",""nodes"":[{""id"":"""",""nodes"":[],""textData"":{""decorations"":[],""text"":""Bio: Graduate of Marygrove College, Detroit, MI Art Ed, WSU Masters Art Ed, International Children’s Lit, Art & Kindergarten Educator with Dayton Public and Valley View Schools - reside in Germantown, Ohio - retired. Affliated with The Contemporary , The ARTery at Front St. &Middletown Arts Center.""},""type"":""TEXT""}],""paragraphData"":{""indentation"":0,""textStyle"":{""textAlignment"":""AUTO""}},""type"":""PARAGRAPH""}]}","Artist Statement: Hello ! My name is Jo Anne Vincent and I have been creating jewelry for 19 years.

I am intrigued by the myriad of possibilities in combining color, pattern & texture.

My sterling silver and copper jewelry begins with selecting the beads... pearl, beaded beads from Bali or hand-blown glass from California, agate, turquoise, opal and lapis to name a few.
I have always had an eye for design and color and the desire to be different and unique - to stand alone. For me, being involved in creating jewelry provides an amazing outlet for the expression of my artistic vision.","https://www.facebook.com/italianobyJV/","https://www.instagram.com/italianoj",,,"[{""description"":"""",""slug"":""648eff_f76e8e80c3e9442cb58d14e6f35a4c39~mv2.jpg"",""alt"":"""",""src"":""wix:image://v1/648eff_f76e8e80c3e9442cb58d14e6f35a4c39~mv2.jpg/unnamed%2520(1).jpg#originWidth=240&originHeight=320"",""title"":""unnamed (1).jpg"",""type"":""image"",""settings"":{""focalPoint"":[0.5,0.5],""height"":320,""width"":240}}]",,,,"wix:image://v1/648eff_f59cb1a9fce64c03ae207975268d0d7a~mv2.png/Screenshot%202024-03-14%20at%204.54.29%E2%80%AFPM.png#originWidth=294&originHeight=476","/artist/jo-anne-vincent","/artists/","222a6800-e6ca-4000-be27-84c67902bb05",2024-03-14T20:57:09Z,2026-04-17T19:25:18Z,"648eff38-1300-4400-b20a-ee65209af597"
"Samantha Farkas","Farkas","samanthafarkas12@gmail.com","[""Painting""]","9377686422  ","{""documentStyle"":{},""nodes"":[{""id"":""05tdx379"",""nodes"":[{""id"":"""",""nodes"":[],""textData"":{""decorations"":[{""fontWeightValue"":700,""type"":""BOLD""}],""text"":""Bio: ""},""type"":""TEXT""},{""id"":"""",""nodes"":[],""textData"":{""decorations"":[{""fontWeightValue"":700,""type"":""BOLD""},{""colorData"":{""background"":""rgb(255, 255, 255)"",""foreground"":""rgb(34, 34, 34)""},""type"":""COLOR""}],""text"":""An Ohio native residing in Yellow Springs for the past decade, Samantha (Sam) Farkas developed and refined her artistic focus during her undergraduate studies at Kentucky’s Morehead State University. She has displayed her work in a variety of mediums within galleries across Ohio and Northern Kentucky with regular appearances in Columbus, Cincinnati, and Dayton. She presently shares her abilities as a member artist at The Village artisans in Yellow Springs and Art Encounters in Dayton at The Front Street Galleries.""},""type"":""TEXT""}],""paragraphData"":{},""type"":""PARAGRAPH""},{""paragraphData"":{""textStyle"":{""textAlignment"":""LEFT""}},""style"":{},""id"":""sc3g8381"",""nodes"":[],""type"":""PARAGRAPH""},{""paragraphData"":{""textStyle"":{""textAlignment"":""LEFT""}},""style"":{},""id"":""g45v2382"",""nodes"":[],""type"":""PARAGRAPH""},{""id"":""k3dpd383"",""nodes"":[{""id"":"""",""nodes"":[],""textData"":{""decorations"":[{""fontWeightValue"":700,""type"":""BOLD""},{""colorData"":{""background"":""rgb(255, 255, 255)"",""foreground"":""rgb(34, 34, 34)""},""type"":""COLOR""}],""text"":""Samantha was encouraged from a very young age to follow her passion in the arts, with her late grandfather advising her to “travel the world, capture the perfect photo, and then paint it.” Samantha has indeed taken this wisdom to heart, traveling across North America, Japan, and Central Europe in pursuit of adventure and the perfect photo. Observing local flora and fauna, especially birds, provides her predominant artistic inspiration and satisfaction during her travel experiences. The birds and other wildlife of her Midwestern home are a perennial muse for her work""},""type"":""TEXT""}],""paragraphData"":{},""type"":""PARAGRAPH""}]}","Artist Statement: Observing local flora and fauna, especially birds, provides her predominant artistic inspiration and satisfaction during her travel experiences. The birds and other wildlife of her Midwestern home are a perennial muse for her work as well. Taking into account the individuality and unique characteristics of each plant and animal, Samantha incorporates the natural movement of wind, water, and wings into each line drawing and splash of color to call attention to the oft-overlooked details of the majestic creatures just in front of each of us, and of those awe-inspiring creatures hidden throughout the world.  ",,"https://www.instagram.com/samfarout/",,,"[{""description"":"""",""fileName"":""IMG_4662.jpeg"",""slug"":""ca46a3_ee270711c92a440c92d890290c4dadb4~mv2.jpeg"",""alt"":"""",""src"":""wix:image://v1/ca46a3_ee270711c92a440c92d890290c4dadb4~mv2.jpeg/IMG_4662.jpeg#originWidth=4032&originHeight=3024"",""title"":""IMG_4662.jpeg"",""type"":""image"",""settings"":{""focalPoint"":[0.5,0.5],""height"":3024,""width"":4032}}]","Pinky Promise","4 x 6""","Watercolor and ink  ","wix:image://v1/ca46a3_6a53b5275cc54042b370f90a58df83bb~mv2.jpeg/IMG_2113.jpeg#originWidth=2316&originHeight=3088","/artist/samantha-farkas","/artists/","25649893-a249-47b8-9804-b08de4f8e8d0",2026-04-06T19:29:33Z,2026-06-14T12:46:42Z,"37a00a83-8de6-4c78-aaec-4ad3b7010549"
"Alison Bour","Bour","phoenixalisonb@gmail.com","[""Photography"",""Digital Art"",""Writer""]",,"{""documentStyle"":{},""nodes"":[{""id"":""foo"",""nodes"":[{""id"":"""",""nodes"":[],""textData"":{""decorations"":[],""text"":""Bio: Alison creates with a variety of digital programs and techniques. As you’ll see below, she often uses one or more images as a springboard for additional work. She loves to create traditional art, from nature and flowers to dancers and other performers. Yet, if she’s been away from abstract work for too long, it calls her back. Along with her continual search for more digital art tools, Alison continues to improve her photography and is moving into portrait work. Her digital artwork has been in juried shows, including the PA Center for Photography, Dayton's Art in the City, Dayton Society of Artists, and Middletown Arts Center, where her image of a DCDC dancer won first place. She shows her work at Art Encounters gallery at Front Street where she also sells cards, art-wrapped journals, and small gift items.""},""type"":""TEXT""}],""paragraphData"":{""indentation"":0,""textStyle"":{""textAlignment"":""AUTO""}},""type"":""PARAGRAPH""}]}","Artist Statement: I have a strong visual spirit and soul, though I'm unable to paint, sketch, or draw. The computer acts as my canvas. I never use AI- or web-generated images, even in my purely abstract work. My art, traditional or contemporary, is created using only my own photo images as a foundation. At any given time, I might have 100 or more works in process. I let the possibilities sit for a while, then cull my favorite options for a particular image I have in mind. Still, many times, the outcome is different than I expected – what my former teacher calls a ‘happy accident.’ ",,,"https://alisonbour.smugmug.com/",,"[{""description"":"""",""fileName"":""Ess Art_Dance.png"",""slug"":""ef7b27_aea5e8a7746342f7bc83bcb78e11b527~mv2.png"",""alt"":"""",""src"":""wix:image://v1/ef7b27_aea5e8a7746342f7bc83bcb78e11b527~mv2.png/Ess%2520Art_Dance.png#originWidth=504&originHeight=396"",""title"":""Ess Art_Dance.png"",""type"":""image"",""settings"":{""focalPoint"":[0.5,0.5],""height"":396,""width"":504}},{""description"":"""",""fileName"":"""",""slug"":""648eff_b756747a0cd047a495429f646b0d9a8f~mv2.jpg"",""alt"":"""",""src"":""wix:image://v1/648eff_b756747a0cd047a495429f646b0d9a8f~mv2.jpg/Exhibit%25201%2520copy.jpg#originWidth=2100&originHeight=1659"",""title"":""Exhibit 1 copy.jpg"",""type"":""image"",""settings"":{""focalPoint"":[0.5,0.5],""height"":1659,""width"":2100}},{""description"":"""",""fileName"":"""",""slug"":""648eff_6920205ab64b4a24a9f7765d0612fa39~mv2.jpg"",""alt"":"""",""src"":""wix:image://v1/648eff_6920205ab64b4a24a9f7765d0612fa39~mv2.jpg/_.jpg#originWidth=5426&originHeight=3694"",""title"":"""",""type"":""image"",""settings"":{""focalPoint"":[0.5,0.5],""height"":3694,""width"":5426}},{""description"":"""",""fileName"":""Ess Art 6.jpg"",""slug"":""ef7b27_0fc9acdacac7430da48a9c308ce857d9~mv2.jpg"",""alt"":"""",""src"":""wix:image://v1/ef7b27_0fc9acdacac7430da48a9c308ce857d9~mv2.jpg/Ess%2520Art%25206.jpg#originWidth=335&originHeight=504"",""title"":""Ess Art 6.jpg"",""type"":""image"",""settings"":{""focalPoint"":[0.5,0.5],""height"":504,""width"":335}},{""description"":"""",""fileName"":""Ess Art 1.jpg"",""slug"":""ef7b27_537f92a8aa174cb4b9d3e220d9334e9c~mv2.jpg"",""alt"":"""",""src"":""wix:image://v1/ef7b27_537f92a8aa174cb4b9d3e220d9334e9c~mv2.jpg/Ess%2520Art%25201.jpg#originWidth=504&originHeight=403"",""title"":""Ess Art 1.jpg"",""type"":""image"",""settings"":{""focalPoint"":[0.5,0.5],""height"":403,""width"":504}},{""description"":"""",""fileName"":""Ess Art 3.jpg"",""slug"":""ef7b27_c1e8fe32367c49eba707bd2d0e204145~mv2.jpg"",""alt"":"""",""src"":""wix:image://v1/ef7b27_c1e8fe32367c49eba707bd2d0e204145~mv2.jpg/Ess%2520Art%25203.jpg#originWidth=2302&originHeight=3300"",""title"":""Ess Art 3.jpg"",""type"":""image"",""settings"":{""focalPoint"":[0.5,0.5],""height"":3300,""width"":2302}},{""description"":"""",""fileName"":""Ess Art 5.jpg"",""slug"":""ef7b27_ba4b3d669d7044e2b43764f1d05560dd~mv2.jpg"",""alt"":"""",""src"":""wix:image://v1/ef7b27_ba4b3d669d7044e2b43764f1d05560dd~mv2.jpg/Ess%2520Art%25205.jpg#originWidth=504&originHeight=403"",""title"":""Ess Art 5.jpg"",""type"":""image"",""settings"":{""focalPoint"":[0.5,0.5],""height"":403,""width"":504}},{""description"":"""",""fileName"":""Ess Art 4.jpg"",""slug"":""ef7b27_bc7ce0a4e4ba46088e1321e9d4462e92~mv2.jpg"",""alt"":"""",""src"":""wix:image://v1/ef7b27_bc7ce0a4e4ba46088e1321e9d4462e92~mv2.jpg/Ess%2520Art%25204.jpg#originWidth=504&originHeight=396"",""title"":""Ess Art 4.jpg"",""type"":""image"",""settings"":{""focalPoint"":[0.5,0.5],""height"":396,""width"":504}}]","Forest for the Trees","Multiple Available","Digital Art","wix:image://v1/648eff_f4443fbe49c144c888868ffe0f00579c~mv2.jpg/Alison%20Bour%20Photo.jpg#originWidth=1203&originHeight=1800","/artist/alison-bour","/artists/","2b270a0b-4410-4e07-885b-749d474a275f",2024-05-31T13:22:20Z,2026-05-02T17:27:12Z,"648eff38-1300-4400-b20a-ee65209af597"
"Ariel White","White","ariel@arielwhite.art","[""Painting"",""Digital Art""]",,"{""documentStyle"":{},""nodes"":[{""id"":""foo"",""nodes"":[{""id"":"""",""nodes"":[],""textData"":{""decorations"":[],""text"":""Bio: Ariel White studied genetics in college and has always loved nature and especially animals. She has been drawing since a child, and her dad introduced her to painting while young. After being a stay at home mom for 7 years, she decided to turn her love of art into a passionate endeavor and small business.""},""type"":""TEXT""}],""paragraphData"":{""indentation"":0,""textStyle"":{""textAlignment"":""AUTO""}},""type"":""PARAGRAPH""}]}","Artist Statement: Hey there! I make very serious, decidedly un-whimsical art. I find deep joy in creating, and my greatest hope is that some of that joy finds its way to you too.

You can find me (and my art) at my studio at Dayton Front Street every First Friday, and by appointment. Stop by and say hi!",,"https://www.instagram.com/nix.the.fish/","http://www.arielwhite.art",,"[{""description"":"""",""fileName"":"""",""slug"":""648eff_be71125ea4364445b1451e64a15d3240~mv2.jpg"",""alt"":"""",""src"":""wix:image://v1/648eff_be71125ea4364445b1451e64a15d3240~mv2.jpg/original_f2504858-2ae6-4c0b-b469-a82b7c6a73f7_IMG_20240131_131623_737.jpg#originWidth=3169&originHeight=3199"",""title"":""original_f2504858-2ae6-4c0b-b469-a82b7c6a73f7_IMG_20240131_131623_737.jpg"",""type"":""image"",""settings"":{""focalPoint"":[0.5,0.5],""height"":3199,""width"":3169}},{""description"":"""",""fileName"":""Screenshot 2026-01-12 at 13-13-25 Instagram.png"",""slug"":""ef7b27_6484b4f80e484c3aa8c50ff6d87b0625~mv2.png"",""alt"":"""",""src"":""wix:image://v1/ef7b27_6484b4f80e484c3aa8c50ff6d87b0625~mv2.png/Screenshot%25202026-01-12%2520at%252013-13-25%2520Instagram.png#originWidth=1858&originHeight=1479"",""title"":""Screenshot 2026-01-12 at 13-13-25 Instagram.png"",""type"":""image"",""settings"":{""focalPoint"":[0.5,0.5],""height"":1479,""width"":1858}},{""description"":"""",""fileName"":""Screenshot 2026-01-12 at 13-16-18 Instagram.png"",""slug"":""ef7b27_5fd2a967fc284e65bba8aeb3f610d6e2~mv2.png"",""alt"":"""",""src"":""wix:image://v1/ef7b27_5fd2a967fc284e65bba8aeb3f610d6e2~mv2.png/Screenshot%25202026-01-12%2520at%252013-16-18%2520Instagram.png#originWidth=1858&originHeight=1492"",""title"":""Screenshot 2026-01-12 at 13-16-18 Instagram.png"",""type"":""image"",""settings"":{""focalPoint"":[0.5,0.5],""height"":1492,""width"":1858}},{""description"":"""",""fileName"":""Screenshot 2026-01-12 at 13-14-28 Instagram.png"",""slug"":""ef7b27_13639848fbb348e2ba26e42291b6b9ff~mv2.png"",""alt"":"""",""src"":""wix:image://v1/ef7b27_13639848fbb348e2ba26e42291b6b9ff~mv2.png/Screenshot%25202026-01-12%2520at%252013-14-28%2520Instagram.png#originWidth=1132&originHeight=1705"",""title"":""Screenshot 2026-01-12 at 13-14-28 Instagram.png"",""type"":""image"",""settings"":{""focalPoint"":[0.5,0.5],""height"":1705,""width"":1132}},{""description"":"""",""fileName"":""Screenshot 2026-01-12 at 13-17-17 Instagram.png"",""slug"":""ef7b27_2f8ceacc9d39466d88b28774d9ebdcd1~mv2.png"",""alt"":"""",""src"":""wix:image://v1/ef7b27_2f8ceacc9d39466d88b28774d9ebdcd1~mv2.png/Screenshot%25202026-01-12%2520at%252013-17-17%2520Instagram.png#originWidth=1279&originHeight=1611"",""title"":""Screenshot 2026-01-12 at 13-17-17 Instagram.png"",""type"":""image"",""settings"":{""focalPoint"":[0.5,0.5],""height"":1611,""width"":1279}}]","You're Icky","24x24","Acrylic on canvas","wix:image://v1/648eff_3e262bf6704a42c997da6d62f5b1db54~mv2.jpg/original_5c77c8e0-1117-4078-a1a4-154aa5eb045e_IMG_20231228_121650_607.jpg#originWidth=3150&originHeight=3193","/artist/ariel-white","/artists/","2c5c8db0-ab0f-42ab-ba68-13b9657a11c5",2024-03-21T12:22:40Z,2026-04-17T19:10:30Z,"648eff38-1300-4400-b20a-ee65209af597"
"Michelle Brandt","Brandt","mkbrandt@twc.com","[""Painting""]","9374790044","{""nodes"":[{""type"":""PARAGRAPH"",""id"":""foo"",""nodes"":[{""type"":""TEXT"",""id"":"""",""nodes"":[],""textData"":{""text"":""Bio: Michelle K. Brandt moved to Dayton from Phoenix AZ in 1977.  After raising a family & working in electrical supply and plumbing, she retired in 2022. Now with time, she concentrated on her artwork.  Michelle loves the bright colors you will find in her garden and it reflects in her artwork."",""decorations"":[]}}],""paragraphData"":{""textStyle"":{""textAlignment"":""AUTO""},""indentation"":0}},{""type"":""PARAGRAPH"",""id"":""rw211208"",""nodes"":[],""paragraphData"":{""textStyle"":{""textAlignment"":""AUTO""},""indentation"":0}},{""type"":""PARAGRAPH"",""id"":""eh9uo190"",""nodes"":[{""type"":""TEXT"",""id"":"""",""nodes"":[],""textData"":{""text"":""Working primarily in Acrylics and watercolors, on canvas & boards, she paints landscapes, cityscapes, botanicals, and pets, in a somewhat loose impressionistic style. With bold bright colors, and lots of layers, her paintings come alive with that energy."",""decorations"":[]}}],""paragraphData"":{""textStyle"":{""textAlignment"":""AUTO""}}},{""type"":""PARAGRAPH"",""id"":""dd0v8192"",""nodes"":[{""type"":""TEXT"",""id"":"""",""nodes"":[],""textData"":{""text"":""With mentors and teachers, the late Cinnamon Cooney, and Ginger Cook, Michelle has learned not to be afraid to take a chance and try a new technique or medium."",""decorations"":[]}}],""paragraphData"":{""textStyle"":{""textAlignment"":""AUTO""}}},{""type"":""PARAGRAPH"",""id"":""k5a1a225"",""nodes"":[],""paragraphData"":{""textStyle"":{""textAlignment"":""AUTO""}}},{""type"":""PARAGRAPH"",""id"":""3lmyn194"",""nodes"":[{""type"":""TEXT"",""id"":"""",""nodes"":[],""textData"":{""text"":""She has resided in the Belmont neighborhood in Dayton OH for 40+ years."",""decorations"":[]}}],""paragraphData"":{""textStyle"":{""textAlignment"":""AUTO""}}},{""type"":""PARAGRAPH"",""id"":""dhpcl196"",""nodes"":[{""type"":""TEXT"",""id"":"""",""nodes"":[],""textData"":{""text"":""A member of the Dayton Society of Artists, and The Tipp City Area Arts Council, she has exhibited and sold paintings in a variety of exhibitions."",""decorations"":[]}}],""paragraphData"":{""textStyle"":{""textAlignment"":""AUTO""}}},{""type"":""PARAGRAPH"",""id"":""c0wfw242"",""nodes"":[],""paragraphData"":{""textStyle"":{""textAlignment"":""AUTO""}}},{""type"":""PARAGRAPH"",""id"":""qi11s336"",""nodes"":[{""type"":""TEXT"",""id"":"""",""nodes"":[],""textData"":{""text"":""Awards:Tipp City Arts Council, Fine Art Exhibit –                   2025 – People’s Choice Award – "",""decorations"":[]}},{""type"":""TEXT"",""id"":"""",""nodes"":[],""textData"":{""text"":""Puddle Jumpers"",""decorations"":[{""type"":""ITALIC"",""italicData"":true}]}},{""type"":""TEXT"",""id"":"""",""nodes"":[],""textData"":{""text"":"", Acrylic on 12”x16” canvas                                 Advanced Acrylic – Honorable Mention – "",""decorations"":[]}},{""type"":""TEXT"",""id"":"""",""nodes"":[],""textData"":{""text"":""Puddle Jumpers"",""decorations"":[{""type"":""ITALIC"",""italicData"":true}]}},{""type"":""TEXT"",""id"":"""",""nodes"":[],""textData"":{""text"":""                  2022 – Amateur Watercolor – 2"",""decorations"":[]}},{""type"":""TEXT"",""id"":"""",""nodes"":[],""textData"":{""text"":""nd"",""decorations"":[{""type"":""SUPERSCRIPT""}]}},{""type"":""TEXT"",""id"":"""",""nodes"":[],""textData"":{""text"":"" place – "",""decorations"":[]}},{""type"":""TEXT"",""id"":"""",""nodes"":[],""textData"":{""text"":""Wading Crane"",""decorations"":[{""type"":""ITALIC"",""italicData"":true}]}},{""type"":""TEXT"",""id"":"""",""nodes"":[],""textData"":{""text"":"", 11”x14”"",""decorations"":[]}}],""paragraphData"":{""textStyle"":{""textAlignment"":""AUTO""}}},{""type"":""PARAGRAPH"",""id"":""3ks6o346"",""nodes"":[{""type"":""TEXT"",""id"":"""",""nodes"":[],""textData"":{""text"":""TAS Fledgling Challenge – 2019 – Honorable Mention – "",""decorations"":[]}},{""type"":""TEXT"",""id"":"""",""nodes"":[],""textData"":{""text"":""Bengal Tiger"",""decorations"":[{""type"":""ITALIC"",""italicData"":true}]}},{""type"":""TEXT"",""id"":"""",""nodes"":[],""textData"":{""text"":"", acrylic on 4”x6” board        "",""decorations"":[]}}],""paragraphData"":{""textStyle"":{""textAlignment"":""AUTO""}}},{""type"":""PARAGRAPH"",""id"":""lhqpq350"",""nodes"":[{""type"":""TEXT"",""id"":"""",""nodes"":[],""textData"":{""text"":"" "",""decorations"":[]}}],""paragraphData"":{""textStyle"":{""textAlignment"":""AUTO""}}},{""type"":""PARAGRAPH"",""id"":""duwjs352"",""nodes"":[{""type"":""TEXT"",""id"":"""",""nodes"":[],""textData"":{""text"":""Exhibition:"",""decorations"":[]}}],""paragraphData"":{""textStyle"":{""textAlignment"":""AUTO""}}},{""type"":""PARAGRAPH"",""id"":""gchzl354"",""nodes"":[{""type"":""TEXT"",""id"":"""",""nodes"":[],""textData"":{""text"":""Artisians at Harrington House – May, 2025 to present"",""decorations"":[]}}],""paragraphData"":{""textStyle"":{""textAlignment"":""AUTO""}}},{""type"":""PARAGRAPH"",""id"":""g4ez3356"",""nodes"":[{""type"":""TEXT"",""id"":"""",""nodes"":[],""textData"":{""text"":"" "",""decorations"":[]}}],""paragraphData"":{""textStyle"":{""textAlignment"":""AUTO""}}},{""type"":""PARAGRAPH"",""id"":""15jhu358"",""nodes"":[{""type"":""TEXT"",""id"":"""",""nodes"":[],""textData"":{""text"":""Dayton Society of Artists – 2025:                  Part of a Whole ½ -      "",""decorations"":[]}},{""type"":""TEXT"",""id"":"""",""nodes"":[],""textData"":{""text"":""What’s for dinner"",""decorations"":[{""type"":""ITALIC"",""italicData"":true}]}},{""type"":""TEXT"",""id"":"""",""nodes"":[],""textData"":{""text"":"" – acrylic on12”x16 canvas                  Small But Mighty –       "",""decorations"":[]}},{""type"":""TEXT"",""id"":"""",""nodes"":[],""textData"":{""text"":""Storm’s a’coming"",""decorations"":[{""type"":""ITALIC"",""italicData"":true}]}},{""type"":""TEXT"",""id"":"""",""nodes"":[],""textData"":{""text"":"" – acrylic on 8”x10” board                                                                        "",""decorations"":[]}},{""type"":""TEXT"",""id"":"""",""nodes"":[],""textData"":{""text"":""Texas Rose"",""decorations"":[{""type"":""ITALIC"",""italicData"":true}]}},{""type"":""TEXT"",""id"":"""",""nodes"":[],""textData"":{""text"":"" – acrylic on 9”x12” Gallery wrap canvas"",""decorations"":[]}}],""paragraphData"":{""textStyle"":{""textAlignment"":""AUTO""}}},{""type"":""PARAGRAPH"",""id"":""lxt7u366"",""nodes"":[{""type"":""TEXT"",""id"":"""",""nodes"":[],""textData"":{""text"":""Edward Dixon Gallery – 2025 - "",""decorations"":[]}},{""type"":""TEXT"",""id"":"""",""nodes"":[],""textData"":{""text"":""Storm’s a’coming"",""decorations"":[{""type"":""ITALIC"",""italicData"":true}]}},{""type"":""TEXT"",""id"":"""",""nodes"":[],""textData"":{""text"":"" – acrylic on 8”x10” board                                                                        "",""decorations"":[]}},{""type"":""TEXT"",""id"":"""",""nodes"":[],""textData"":{""text"":""Texas Rose"",""decorations"":[{""type"":""ITALIC"",""italicData"":true}]}},{""type"":""TEXT"",""id"":"""",""nodes"":[],""textData"":{""text"":"" – acrylic on 9”x12” Gallery wrap canvas"",""decorations"":[]}}],""paragraphData"":{""textStyle"":{""textAlignment"":""AUTO""}}},{""type"":""PARAGRAPH"",""id"":""8jqyb372"",""nodes"":[{""type"":""TEXT"",""id"":"""",""nodes"":[],""textData"":{""text"":"" "",""decorations"":[]}}],""paragraphData"":{""textStyle"":{""textAlignment"":""AUTO""}}},{""type"":""PARAGRAPH"",""id"":""lgext374"",""nodes"":[{""type"":""TEXT"",""id"":"""",""nodes"":[],""textData"":{""text"":""Miamisburg Annual Juried Show – 2025"",""decorations"":[]}}],""paragraphData"":{""textStyle"":{""textAlignment"":""AUTO""}}},{""paragraphData"":{""textStyle"":{""textAlignment"":""AUTO""}},""style"":{},""id"":""z1j91376"",""nodes"":[{""type"":""TEXT"",""id"":"""",""nodes"":[],""textData"":{""text"":""Bananas in a Blue Bowl"",""decorations"":[{""type"":""ITALIC"",""italicData"":true}]}},{""type"":""TEXT"",""id"":"""",""nodes"":[],""textData"":{""text"":"" – acrylic on 8”x10” board"",""decorations"":[]}}],""type"":""PARAGRAPH""},{""paragraphData"":{""textStyle"":{""textAlignment"":""AUTO""}},""style"":{},""id"":""gb7vn379"",""nodes"":[{""type"":""TEXT"",""id"":"""",""nodes"":[],""textData"":{""text"":""Sir Peacock"",""decorations"":[{""type"":""ITALIC"",""italicData"":true}]}},{""type"":""TEXT"",""id"":"""",""nodes"":[],""textData"":{""text"":"" – acrylic on 10”x24” gallery wrap canvas"",""decorations"":[]}}],""type"":""PARAGRAPH""},{""paragraphData"":{""textStyle"":{""textAlignment"":""AUTO""}},""style"":{},""id"":""9i32k382"",""nodes"":[{""type"":""TEXT"",""id"":"""",""nodes"":[],""textData"":{""text"":""Rainy Day Cats"",""decorations"":[{""type"":""ITALIC"",""italicData"":true}]}},{""type"":""TEXT"",""id"":"""",""nodes"":[],""textData"":{""text"":"" – acrylic on 12”x16” canvas"",""decorations"":[]}}],""type"":""PARAGRAPH""},{""type"":""PARAGRAPH"",""id"":""uhoz7385"",""nodes"":[{""type"":""TEXT"",""id"":"""",""nodes"":[],""textData"":{""text"":""Tipp City Arts Council, Fine Art Exhibit – 2025:"",""decorations"":[]}}],""paragraphData"":{""textStyle"":{""textAlignment"":""AUTO""}}},{""type"":""PARAGRAPH"",""id"":""xaive387"",""nodes"":[{""type"":""TEXT"",""id"":"""",""nodes"":[],""textData"":{""text"":""                  "",""decorations"":[]}},{""type"":""TEXT"",""id"":"""",""nodes"":[],""textData"":{""text"":""Puddle Jumpers"",""decorations"":[{""type"":""ITALIC"",""italicData"":true}]}},{""type"":""TEXT"",""id"":"""",""nodes"":[],""textData"":{""text"":"", Acrylic on 12”x16” canvas                  Wine and Spaghetti – acrylic on 16”x20” canvas"",""decorations"":[]}}],""paragraphData"":{""textStyle"":{""textAlignment"":""AUTO""}}},{""type"":""PARAGRAPH"",""id"":""6uwrk391"",""nodes"":[{""type"":""TEXT"",""id"":"""",""nodes"":[],""textData"":{""text"":""Exhibitions (cont.):"",""decorations"":[]}}],""paragraphData"":{""textStyle"":{""textAlignment"":""AUTO""}}},{""type"":""PARAGRAPH"",""id"":""elyru393"",""nodes"":[{""type"":""TEXT"",""id"":"""",""nodes"":[],""textData"":{""text"":""Joy and Whimsy Depot – 2025"",""decorations"":[]}}],""paragraphData"":{""textStyle"":{""textAlignment"":""AUTO""}}},{""paragraphData"":{""textStyle"":{""textAlignment"":""AUTO""}},""style"":{},""id"":""kexht395"",""nodes"":[{""type"":""TEXT"",""id"":"""",""nodes"":[],""textData"":{""text"":""Bananas in a Blue Bowl"",""decorations"":[{""type"":""ITALIC"",""italicData"":true}]}},{""type"":""TEXT"",""id"":"""",""nodes"":[],""textData"":{""text"":"" – acrylic on 8”x10” board"",""decorations"":[]}}],""type"":""PARAGRAPH""},{""paragraphData"":{""textStyle"":{""textAlignment"":""AUTO""}},""style"":{},""id"":""m0iq9398"",""nodes"":[{""type"":""TEXT"",""id"":"""",""nodes"":[],""textData"":{""text"":""Rainy Day Cats"",""decorations"":[{""type"":""ITALIC"",""italicData"":true}]}},{""type"":""TEXT"",""id"":"""",""nodes"":[],""textData"":{""text"":"" – acrylic on 12”x16” canvas"",""decorations"":[]}}],""type"":""PARAGRAPH""},{""paragraphData"":{""textStyle"":{""textAlignment"":""AUTO""}},""style"":{},""id"":""x7rlv401"",""nodes"":[{""type"":""TEXT"",""id"":"""",""nodes"":[],""textData"":{""text"":""Arch Rose Chapel"",""decorations"":[{""type"":""ITALIC"",""italicData"":true}]}},{""type"":""TEXT"",""id"":"""",""nodes"":[],""textData"":{""text"":"" – acrylic on 9”x12”                                                "",""decorations"":[]}}],""type"":""PARAGRAPH""},{""paragraphData"":{""textStyle"":{""textAlignment"":""AUTO""}},""style"":{},""id"":""5bu0f404"",""nodes"":[{""type"":""TEXT"",""id"":"""",""nodes"":[],""textData"":{""text"":""What’s for Dinner"",""decorations"":[{""type"":""ITALIC"",""italicData"":true}]}},{""type"":""TEXT"",""id"":"""",""nodes"":[],""textData"":{""text"":"" – acrylic on 12”x16 canvas"",""decorations"":[]}}],""type"":""PARAGRAPH""},{""type"":""PARAGRAPH"",""id"":""nxf5s407"",""nodes"":[{""type"":""TEXT"",""id"":"""",""nodes"":[],""textData"":{""text"":"" "",""decorations"":[]}}],""paragraphData"":{""textStyle"":{""textAlignment"":""AUTO""}}},{""type"":""PARAGRAPH"",""id"":""ce7ro409"",""nodes"":[{""type"":""TEXT"",""id"":"""",""nodes"":[],""textData"":{""text"":""Dayton Society of Dayton – 2024:                       "",""decorations"":[]}}],""paragraphData"":{""textStyle"":{""textAlignment"":""AUTO""}}},{""type"":""PARAGRAPH"",""id"":""z31it411"",""nodes"":[{""type"":""TEXT"",""id"":"""",""nodes"":[],""textData"":{""text"":""                  Small but Mighty – "",""decorations"":[]}},{""type"":""TEXT"",""id"":"""",""nodes"":[],""textData"":{""text"":""Los Gatos"",""decorations"":[{""type"":""ITALIC"",""italicData"":true}]}},{""type"":""TEXT"",""id"":"""",""nodes"":[],""textData"":{""text"":"", acrylic on 6”x8” gallery wrap canvas"",""decorations"":[]}}],""paragraphData"":{""textStyle"":{""textAlignment"":""AUTO""}}},{""type"":""PARAGRAPH"",""id"":""nry7c415"",""nodes"":[{""type"":""TEXT"",""id"":"""",""nodes"":[],""textData"":{""text"":"" "",""decorations"":[]}}],""paragraphData"":{""textStyle"":{""textAlignment"":""AUTO""}}},{""type"":""PARAGRAPH"",""id"":""j9nzo417"",""nodes"":[{""type"":""TEXT"",""id"":"""",""nodes"":[],""textData"":{""text"":""Dayton Society of Artists – 2023"",""decorations"":[]}}],""paragraphData"":{""textStyle"":{""textAlignment"":""AUTO""}}},{""type"":""PARAGRAPH"",""id"":""1c95n419"",""nodes"":[{""type"":""TEXT"",""id"":"""",""nodes"":[],""textData"":{""text"":""                  Inspirie(d) – "",""decorations"":[]}},{""type"":""TEXT"",""id"":"""",""nodes"":[],""textData"":{""text"":""Party Cow"",""decorations"":[{""type"":""ITALIC"",""italicData"":true}]}},{""type"":""TEXT"",""id"":"""",""nodes"":[],""textData"":{""text"":"", acrylic on 12”x12” gallery wrap canvas"",""decorations"":[]}}],""paragraphData"":{""textStyle"":{""textAlignment"":""AUTO""}}},{""type"":""PARAGRAPH"",""id"":""40emz423"",""nodes"":[{""type"":""TEXT"",""id"":"""",""nodes"":[],""textData"":{""text"":""                  Small but Mighty -"",""decorations"":[]}},{""type"":""TEXT"",""id"":"""",""nodes"":[],""textData"":{""text"":""Niteow"",""decorations"":[{""type"":""ITALIC"",""italicData"":true}]}},{""type"":""TEXT"",""id"":"""",""nodes"":[],""textData"":{""text"":""l – acrylic on 8”x10” cradled board"",""decorations"":[]}}],""paragraphData"":{""textStyle"":{""textAlignment"":""AUTO""}}},{""type"":""PARAGRAPH"",""id"":""vuwek427"",""nodes"":[],""paragraphData"":{""textStyle"":{""textAlignment"":""AUTO""}}},{""type"":""PARAGRAPH"",""id"":""0jw441396"",""nodes"":[{""type"":""TEXT"",""id"":"""",""nodes"":[],""textData"":{""text"":""Awards"",""decorations"":[{""type"":""BOLD"",""fontWeightValue"":700},{""type"":""UNDERLINE""}]}}],""paragraphData"":{""textStyle"":{""textAlignment"":""AUTO""}}},{""type"":""PARAGRAPH"",""id"":""lx78b429"",""nodes"":[{""type"":""TEXT"",""id"":"""",""nodes"":[],""textData"":{""text"":""Tipp City Arts Council, Fine Arts Exhibit – 2023:"",""decorations"":[]}}],""paragraphData"":{""textStyle"":{""textAlignment"":""AUTO""}}},{""type"":""PARAGRAPH"",""id"":""sn55e431"",""nodes"":[{""type"":""TEXT"",""id"":"""",""nodes"":[],""textData"":{""text"":""                  "",""decorations"":[]}},{""type"":""TEXT"",""id"":"""",""nodes"":[],""textData"":{""text"":""Great Blue Heron"",""decorations"":[{""type"":""ITALIC"",""italicData"":true}]}},{""type"":""TEXT"",""id"":"""",""nodes"":[],""textData"":{""text"":"" – acrylic on 12”x20” canvas                  "",""decorations"":[]}}],""paragraphData"":{""textStyle"":{""textAlignment"":""AUTO""}}},{""type"":""PARAGRAPH"",""id"":""zgxhx1498"",""nodes"":[{""type"":""TEXT"",""id"":"""",""nodes"":[],""textData"":{""text"":""\t\t"",""decorations"":[]}},{""type"":""TEXT"",""id"":"""",""nodes"":[],""textData"":{""text"":""Rainbow Loriket"",""decorations"":[{""type"":""ITALIC"",""italicData"":true}]}},{""type"":""TEXT"",""id"":"""",""nodes"":[],""textData"":{""text"":"" – acrylic on 20”x20” gallery wrap canvas"",""decorations"":[]}}],""paragraphData"":{""textStyle"":{""textAlignment"":""AUTO""}}},{""type"":""PARAGRAPH"",""id"":""eky85439"",""nodes"":[{""type"":""TEXT"",""id"":"""",""nodes"":[],""textData"":{""text"":""Tipp City Arts Council, Fine Arts Exhibit – 2022"",""decorations"":[]}}],""paragraphData"":{""textStyle"":{""textAlignment"":""AUTO""}}},{""type"":""PARAGRAPH"",""id"":""zlgr5441"",""nodes"":[{""type"":""TEXT"",""id"":"""",""nodes"":[],""textData"":{""text"":""                  "",""decorations"":[]}},{""type"":""TEXT"",""id"":"""",""nodes"":[],""textData"":{""text"":""Wading Crane "",""decorations"":[{""type"":""ITALIC"",""italicData"":true}]}},{""type"":""TEXT"",""id"":"""",""nodes"":[],""textData"":{""text"":""– 11”x14 watercolor"",""decorations"":[]}}],""paragraphData"":{""textStyle"":{""textAlignment"":""AUTO""}}},{""type"":""PARAGRAPH"",""id"":""3p32p447"",""nodes"":[{""type"":""TEXT"",""id"":"""",""nodes"":[],""textData"":{""text"":""Dayton Society of Artists – 2022"",""decorations"":[]}}],""paragraphData"":{""textStyle"":{""textAlignment"":""AUTO""}}},{""type"":""PARAGRAPH"",""id"":""28mb3449"",""nodes"":[{""type"":""TEXT"",""id"":"""",""nodes"":[],""textData"":{""text"":""                  Small but Mighty -"",""decorations"":[]}},{""type"":""TEXT"",""id"":"""",""nodes"":[],""textData"":{""text"":""Lady in a Red scarf"",""decorations"":[{""type"":""ITALIC"",""italicData"":true}]}},{""type"":""TEXT"",""id"":"""",""nodes"":[],""textData"":{""text"":"" – acrylic on 4”x6” board           "",""decorations"":[]}}],""paragraphData"":{""textStyle"":{""textAlignment"":""AUTO""}}},{""type"":""PARAGRAPH"",""id"":""74tc02925"",""nodes"":[{""type"":""TEXT"",""id"":"""",""nodes"":[],""textData"":{""text"":""\t\t"",""decorations"":[]}},{""type"":""TEXT"",""id"":"""",""nodes"":[],""textData"":{""text"":""Barn in Winter"",""decorations"":[{""type"":""ITALIC"",""italicData"":true}]}},{""type"":""TEXT"",""id"":"""",""nodes"":[],""textData"":{""text"":"" – Acrylic on 10”x12” canvas"",""decorations"":[]}}],""paragraphData"":{""textStyle"":{""textAlignment"":""AUTO""}}},{""type"":""PARAGRAPH"",""id"":""me0zr306"",""nodes"":[],""paragraphData"":{""textStyle"":{""textAlignment"":""AUTO""}}},{""type"":""PARAGRAPH"",""id"":""38eet3189"",""nodes"":[{""type"":""TEXT"",""id"":"""",""nodes"":[],""textData"":{""text"":""Exhibitions"",""decorations"":[{""type"":""BOLD"",""fontWeightValue"":700},{""type"":""UNDERLINE""}]}}],""paragraphData"":{""textStyle"":{""textAlignment"":""AUTO""}}},{""type"":""PARAGRAPH"",""id"":""nvbs54737"",""nodes"":[{""type"":""TEXT"",""id"":"""",""nodes"":[],""textData"":{""text"":""Artisians at Harrington House – May, 2025 to present"",""decorations"":[]}}],""paragraphData"":{""textStyle"":{""textAlignment"":""AUTO""}}},{""type"":""PARAGRAPH"",""id"":""jkbj64739"",""nodes"":[{""type"":""TEXT"",""id"":"""",""nodes"":[],""textData"":{""text"":"" "",""decorations"":[]}}],""paragraphData"":{""textStyle"":{""textAlignment"":""AUTO""}}},{""type"":""PARAGRAPH"",""id"":""9hhze4741"",""nodes"":[{""type"":""TEXT"",""id"":"""",""nodes"":[],""textData"":{""text"":""Dayton Society of Artists – 2025:                  "",""decorations"":[]}}],""paragraphData"":{""textStyle"":{""textAlignment"":""AUTO""}}},{""type"":""PARAGRAPH"",""id"":""jrsy88184"",""nodes"":[{""type"":""TEXT"",""id"":"""",""nodes"":[],""textData"":{""text"":""\tPart of a Whole ½ -      "",""decorations"":[]}},{""type"":""TEXT"",""id"":"""",""nodes"":[],""textData"":{""text"":""What’s for dinner"",""decorations"":[{""type"":""ITALIC"",""italicData"":true}]}},{""type"":""TEXT"",""id"":"""",""nodes"":[],""textData"":{""text"":"" – acrylic on12”x16 canvas                  "",""decorations"":[]}}],""paragraphData"":{""textStyle"":{""textAlignment"":""AUTO""}}},{""type"":""PARAGRAPH"",""id"":""1i8nq8345"",""nodes"":[{""type"":""TEXT"",""id"":"""",""nodes"":[],""textData"":{""text"":""\tSmall But Mighty –       "",""decorations"":[]}},{""type"":""TEXT"",""id"":"""",""nodes"":[],""textData"":{""text"":""Storm’s a’coming"",""decorations"":[{""type"":""ITALIC"",""italicData"":true}]}},{""type"":""TEXT"",""id"":"""",""nodes"":[],""textData"":{""text"":"" – acrylic on 8”x10” board"",""decorations"":[]}}],""paragraphData"":{""textStyle"":{""textAlignment"":""AUTO""}}},{""type"":""PARAGRAPH"",""id"":""6sqxx8823"",""nodes"":[{""type"":""TEXT"",""id"":"""",""nodes"":[],""textData"":{""text"":""\tTexas Rose"",""decorations"":[{""type"":""ITALIC"",""italicData"":true}]}},{""type"":""TEXT"",""id"":"""",""nodes"":[],""textData"":{""text"":"" – acrylic on 9”x12” Gallery wrap canvas"",""decorations"":[]}}],""paragraphData"":{""textStyle"":{""textAlignment"":""AUTO""}}},{""type"":""PARAGRAPH"",""id"":""wgx744749"",""nodes"":[],""paragraphData"":{""textStyle"":{""textAlignment"":""AUTO""}}},{""type"":""PARAGRAPH"",""id"":""uci6i9301"",""nodes"":[{""type"":""TEXT"",""id"":"""",""nodes"":[],""textData"":{""text"":""Edward Dixon Gallery – 2025 - "",""decorations"":[]}},{""type"":""TEXT"",""id"":"""",""nodes"":[],""textData"":{""text"":""Storm’s a’coming"",""decorations"":[{""type"":""ITALIC"",""italicData"":true}]}},{""type"":""TEXT"",""id"":"""",""nodes"":[],""textData"":{""text"":"" – acrylic on 8”x10” board "",""decorations"":[]}}],""paragraphData"":{""textStyle"":{""textAlignment"":""AUTO""}}},{""type"":""PARAGRAPH"",""id"":""x8u1k9145"",""nodes"":[{""type"":""TEXT"",""id"":"""",""nodes"":[],""textData"":{""text"":""\tTexas Rose"",""decorations"":[{""type"":""ITALIC"",""italicData"":true}]}},{""type"":""TEXT"",""id"":"""",""nodes"":[],""textData"":{""text"":"" – acrylic on 9”x12” Gallery wrap canvas"",""decorations"":[]}}],""paragraphData"":{""textStyle"":{""textAlignment"":""AUTO""}}},{""type"":""PARAGRAPH"",""id"":""06poj4755"",""nodes"":[{""type"":""TEXT"",""id"":"""",""nodes"":[],""textData"":{""text"":"" "",""decorations"":[]}}],""paragraphData"":{""textStyle"":{""textAlignment"":""AUTO""}}},{""type"":""PARAGRAPH"",""id"":""al3dy4757"",""nodes"":[{""type"":""TEXT"",""id"":"""",""nodes"":[],""textData"":{""text"":""Miamisburg Annual Juried Show – 2025"",""decorations"":[]}}],""paragraphData"":{""textStyle"":{""textAlignment"":""AUTO""}}},{""paragraphData"":{""textStyle"":{""textAlignment"":""AUTO""}},""style"":{},""id"":""szfg74759"",""nodes"":[{""type"":""TEXT"",""id"":"""",""nodes"":[],""textData"":{""text"":""\tBananas in a Blue Bowl"",""decorations"":[{""type"":""ITALIC"",""italicData"":true}]}},{""type"":""TEXT"",""id"":"""",""nodes"":[],""textData"":{""text"":"" – acrylic on 8”x10” board"",""decorations"":[]}}],""type"":""PARAGRAPH""},{""paragraphData"":{""textStyle"":{""textAlignment"":""AUTO""}},""style"":{},""id"":""pryp84762"",""nodes"":[{""type"":""TEXT"",""id"":"""",""nodes"":[],""textData"":{""text"":""\tSir Peacock"",""decorations"":[{""type"":""ITALIC"",""italicData"":true}]}},{""type"":""TEXT"",""id"":"""",""nodes"":[],""textData"":{""text"":"" – acrylic on 10”x24” gallery wrap canvas"",""decorations"":[]}}],""type"":""PARAGRAPH""},{""paragraphData"":{""textStyle"":{""textAlignment"":""AUTO""}},""style"":{},""id"":""k0jmm4765"",""nodes"":[{""type"":""TEXT"",""id"":"""",""nodes"":[],""textData"":{""text"":""\tRainy Day Cats"",""decorations"":[{""type"":""ITALIC"",""italicData"":true}]}},{""type"":""TEXT"",""id"":"""",""nodes"":[],""textData"":{""text"":"" – acrylic on 12”x16” canvas"",""decorations"":[]}}],""type"":""PARAGRAPH""},{""type"":""PARAGRAPH"",""id"":""fwt5f4768"",""nodes"":[],""paragraphData"":{""textStyle"":{""textAlignment"":""AUTO""}}},{""type"":""PARAGRAPH"",""id"":""y0b7x9473"",""nodes"":[{""type"":""TEXT"",""id"":"""",""nodes"":[],""textData"":{""text"":""Tipp City Arts Council, Fine Art Exhibit – 2025:"",""decorations"":[]}}],""paragraphData"":{""textStyle"":{""textAlignment"":""AUTO""}}},{""type"":""PARAGRAPH"",""id"":""85uip4770"",""nodes"":[{""type"":""TEXT"",""id"":"""",""nodes"":[],""textData"":{""text"":""\tPuddle Jumpers"",""decorations"":[{""type"":""ITALIC"",""italicData"":true}]}},{""type"":""TEXT"",""id"":"""",""nodes"":[],""textData"":{""text"":"", Acrylic on 12”x16” canvas                  "",""decorations"":[]}}],""paragraphData"":{""textStyle"":{""textAlignment"":""AUTO""}}},{""type"":""PARAGRAPH"",""id"":""qdp218049"",""nodes"":[{""type"":""TEXT"",""id"":"""",""nodes"":[],""textData"":{""text"":""\tWine and Spaghetti"",""decorations"":[{""type"":""ITALIC"",""italicData"":true}]}},{""type"":""TEXT"",""id"":"""",""nodes"":[],""textData"":{""text"":"" – acrylic on 16”x20” canvas"",""decorations"":[]}}],""paragraphData"":{""textStyle"":{""textAlignment"":""AUTO""}}},{""type"":""PARAGRAPH"",""id"":""ucdev4774"",""nodes"":[],""paragraphData"":{""textStyle"":{""textAlignment"":""AUTO""}}},{""type"":""PARAGRAPH"",""id"":""pxwvn7738"",""nodes"":[{""type"":""TEXT"",""id"":"""",""nodes"":[],""textData"":{""text"":""Joy and Whimsy Depot – 2025"",""decorations"":[]}}],""paragraphData"":{""textStyle"":{""textAlignment"":""AUTO""}}},{""paragraphData"":{""textStyle"":{""textAlignment"":""AUTO""}},""style"":{},""id"":""ptvd34776"",""nodes"":[{""type"":""TEXT"",""id"":"""",""nodes"":[],""textData"":{""text"":""\tBananas in a Blue Bowl"",""decorations"":[{""type"":""ITALIC"",""italicData"":true}]}},{""type"":""TEXT"",""id"":"""",""nodes"":[],""textData"":{""text"":"" – acrylic on 8”x10” board"",""decorations"":[]}}],""type"":""PARAGRAPH""},{""paragraphData"":{""textStyle"":{""textAlignment"":""AUTO""}},""style"":{},""id"":""ltlp74779"",""nodes"":[{""type"":""TEXT"",""id"":"""",""nodes"":[],""textData"":{""text"":""\tRainy Day Cats"",""decorations"":[{""type"":""ITALIC"",""italicData"":true}]}},{""type"":""TEXT"",""id"":"""",""nodes"":[],""textData"":{""text"":"" – acrylic on 12”x16” canvas"",""decorations"":[]}}],""type"":""PARAGRAPH""},{""paragraphData"":{""textStyle"":{""textAlignment"":""AUTO""}},""style"":{},""id"":""9r0og4782"",""nodes"":[{""type"":""TEXT"",""id"":"""",""nodes"":[],""textData"":{""text"":""\tArch Rose Chapel"",""decorations"":[{""type"":""ITALIC"",""italicData"":true}]}},{""type"":""TEXT"",""id"":"""",""nodes"":[],""textData"":{""text"":"" – acrylic on 9”x12”                                                "",""decorations"":[]}}],""type"":""PARAGRAPH""},{""paragraphData"":{""textStyle"":{""textAlignment"":""AUTO""}},""style"":{},""id"":""fv4ym4785"",""nodes"":[{""type"":""TEXT"",""id"":"""",""nodes"":[],""textData"":{""text"":""\tWhat’s for Dinner"",""decorations"":[{""type"":""ITALIC"",""italicData"":true}]}},{""type"":""TEXT"",""id"":"""",""nodes"":[],""textData"":{""text"":"" – acrylic on 12”x16 canvas"",""decorations"":[]}}],""type"":""PARAGRAPH""},{""type"":""PARAGRAPH"",""id"":""6rarr4788"",""nodes"":[{""type"":""TEXT"",""id"":"""",""nodes"":[],""textData"":{""text"":"" "",""decorations"":[]}}],""paragraphData"":{""textStyle"":{""textAlignment"":""AUTO""}}},{""type"":""PARAGRAPH"",""id"":""eoht54790"",""nodes"":[{""type"":""TEXT"",""id"":"""",""nodes"":[],""textData"":{""text"":""Dayton Society of Dayton – 2024:                       "",""decorations"":[]}}],""paragraphData"":{""textStyle"":{""textAlignment"":""AUTO""}}},{""type"":""PARAGRAPH"",""id"":""xugw14792"",""nodes"":[{""type"":""TEXT"",""id"":"""",""nodes"":[],""textData"":{""text"":""\tSmall but Mighty – "",""decorations"":[]}},{""type"":""TEXT"",""id"":"""",""nodes"":[],""textData"":{""text"":""Los Gatos"",""decorations"":[{""type"":""ITALIC"",""italicData"":true}]}},{""type"":""TEXT"",""id"":"""",""nodes"":[],""textData"":{""text"":"", acrylic on 6”x8” gallery wrap canvas"",""decorations"":[]}}],""paragraphData"":{""textStyle"":{""textAlignment"":""AUTO""}}},{""type"":""PARAGRAPH"",""id"":""akda74796"",""nodes"":[{""type"":""TEXT"",""id"":"""",""nodes"":[],""textData"":{""text"":"" "",""decorations"":[]}}],""paragraphData"":{""textStyle"":{""textAlignment"":""AUTO""}}},{""type"":""PARAGRAPH"",""id"":""2h30w4798"",""nodes"":[{""type"":""TEXT"",""id"":"""",""nodes"":[],""textData"":{""text"":""Dayton Society of Artists – 2023"",""decorations"":[]}}],""paragraphData"":{""textStyle"":{""textAlignment"":""AUTO""}}},{""type"":""PARAGRAPH"",""id"":""03gim4800"",""nodes"":[{""type"":""TEXT"",""id"":"""",""nodes"":[],""textData"":{""text"":""     \tInspirie(d) – "",""decorations"":[]}},{""type"":""TEXT"",""id"":"""",""nodes"":[],""textData"":{""text"":""Party Cow"",""decorations"":[{""type"":""ITALIC"",""italicData"":true}]}},{""type"":""TEXT"",""id"":"""",""nodes"":[],""textData"":{""text"":"", acrylic on 12”x12” gallery wrap canvas"",""decorations"":[]}}],""paragraphData"":{""textStyle"":{""textAlignment"":""AUTO""}}},{""type"":""PARAGRAPH"",""id"":""4gljx4804"",""nodes"":[{""type"":""TEXT"",""id"":"""",""nodes"":[],""textData"":{""text"":""       \tSmall but Mighty -"",""decorations"":[]}},{""type"":""TEXT"",""id"":"""",""nodes"":[],""textData"":{""text"":""Niteow"",""decorations"":[{""type"":""ITALIC"",""italicData"":true}]}},{""type"":""TEXT"",""id"":"""",""nodes"":[],""textData"":{""text"":""l – acrylic on 8”x10” cradled board"",""decorations"":[]}}],""paragraphData"":{""textStyle"":{""textAlignment"":""AUTO""}}},{""type"":""PARAGRAPH"",""id"":""97pl64808"",""nodes"":[{""type"":""TEXT"",""id"":"""",""nodes"":[],""textData"":{""text"":"" "",""decorations"":[]}}],""paragraphData"":{""textStyle"":{""textAlignment"":""AUTO""}}},{""type"":""PARAGRAPH"",""id"":""reu6g4810"",""nodes"":[{""type"":""TEXT"",""id"":"""",""nodes"":[],""textData"":{""text"":""Tipp City Arts Council, Fine Arts Exhibit – 2023:"",""decorations"":[]}}],""paragraphData"":{""textStyle"":{""textAlignment"":""AUTO""}}},{""type"":""PARAGRAPH"",""id"":""ec6fv4812"",""nodes"":[{""type"":""TEXT"",""id"":"""",""nodes"":[],""textData"":{""text"":""\t"",""decorations"":[]}},{""type"":""TEXT"",""id"":"""",""nodes"":[],""textData"":{""text"":""Great Blue Heron"",""decorations"":[{""type"":""ITALIC"",""italicData"":true}]}},{""type"":""TEXT"",""id"":"""",""nodes"":[],""textData"":{""text"":"" – acrylic on 12”x20” canvas                  "",""decorations"":[]}}],""paragraphData"":{""textStyle"":{""textAlignment"":""AUTO""}}},{""type"":""PARAGRAPH"",""id"":""uqbwd15400"",""nodes"":[{""type"":""TEXT"",""id"":"""",""nodes"":[],""textData"":{""text"":""\t"",""decorations"":[]}},{""type"":""TEXT"",""id"":"""",""nodes"":[],""textData"":{""text"":""Rainbow Loriket"",""decorations"":[{""type"":""ITALIC"",""italicData"":true}]}},{""type"":""TEXT"",""id"":"""",""nodes"":[],""textData"":{""text"":"" – acrylic on 20”x20” gallery wrap canvas"",""decorations"":[]}}],""paragraphData"":{""textStyle"":{""textAlignment"":""AUTO""}}},{""type"":""PARAGRAPH"",""id"":""6lzfr4818"",""nodes"":[{""type"":""TEXT"",""id"":"""",""nodes"":[],""textData"":{""text"":"" "",""decorations"":[]}}],""paragraphData"":{""textStyle"":{""textAlignment"":""AUTO""}}},{""type"":""PARAGRAPH"",""id"":""y56mo4820"",""nodes"":[{""type"":""TEXT"",""id"":"""",""nodes"":[],""textData"":{""text"":""Tipp City Arts Council, Fine Arts Exhibit – 2022"",""decorations"":[]}}],""paragraphData"":{""textStyle"":{""textAlignment"":""AUTO""}}},{""type"":""PARAGRAPH"",""id"":""8ns9a4822"",""nodes"":[{""type"":""TEXT"",""id"":"""",""nodes"":[],""textData"":{""text"":""  \t"",""decorations"":[]}},{""type"":""TEXT"",""id"":"""",""nodes"":[],""textData"":{""text"":""Wading Crane "",""decorations"":[{""type"":""ITALIC"",""italicData"":true}]}},{""type"":""TEXT"",""id"":"""",""nodes"":[],""textData"":{""text"":""– 11”x14 watercolor"",""decorations"":[]}}],""paragraphData"":{""textStyle"":{""textAlignment"":""AUTO""}}},{""type"":""PARAGRAPH"",""id"":""ph4ry4826"",""nodes"":[{""type"":""TEXT"",""id"":"""",""nodes"":[],""textData"":{""text"":"" "",""decorations"":[]}}],""paragraphData"":{""textStyle"":{""textAlignment"":""AUTO""}}},{""type"":""PARAGRAPH"",""id"":""8swrl4828"",""nodes"":[{""type"":""TEXT"",""id"":"""",""nodes"":[],""textData"":{""text"":""Dayton Society of Artists – 2022"",""decorations"":[]}}],""paragraphData"":{""textStyle"":{""textAlignment"":""AUTO""}}},{""type"":""PARAGRAPH"",""id"":""dspbz4830"",""nodes"":[{""type"":""TEXT"",""id"":"""",""nodes"":[],""textData"":{""text"":""\tSmall but Mighty -"",""decorations"":[]}},{""type"":""TEXT"",""id"":"""",""nodes"":[],""textData"":{""text"":""Lady in a Red scarf"",""decorations"":[{""type"":""ITALIC"",""italicData"":true}]}},{""type"":""TEXT"",""id"":"""",""nodes"":[],""textData"":{""text"":"" – acrylic on 4”x6” board                  "",""decorations"":[]}}],""paragraphData"":{""textStyle"":{""textAlignment"":""AUTO""}}},{""type"":""PARAGRAPH"",""id"":""17aea16049"",""nodes"":[{""type"":""TEXT"",""id"":"""",""nodes"":[],""textData"":{""text"":""\t"",""decorations"":[]}},{""type"":""TEXT"",""id"":"""",""nodes"":[],""textData"":{""text"":""Barn in Winter"",""decorations"":[{""type"":""ITALIC"",""italicData"":true}]}},{""type"":""TEXT"",""id"":"""",""nodes"":[],""textData"":{""text"":"" – Acrylic on 10”x12” canvas"",""decorations"":[]}}],""paragraphData"":{""textStyle"":{""textAlignment"":""AUTO""}}}],""documentStyle"":{}}","Artist Statement: I have a great love of nature, especially flowers & animals. With my paintings I try to inspire love, happiness & wellbeing. I have always done some type of creative work. I try to put joy and happiness into every painting I do. I have a great love for bright happy colors that I see all around me, whether it be putting it on paper, canvas or even a rain barrel or flowerpot.","https://www.facebook.com/MKBrandtArtandDesigns","https://www.instagram.com/mkbrandtart/","http://mkbrandtart.com/",,"[{""description"":"""",""fileName"":"""",""slug"":""648eff_d4937464a80d44a48fb651b5f23415b4~mv2.jpg"",""alt"":"""",""src"":""wix:image://v1/648eff_d4937464a80d44a48fb651b5f23415b4~mv2.jpg/Barn%2520Owl.jpg#originWidth=2016&originHeight=2395"",""title"":""Barn Owl.jpg"",""type"":""image"",""settings"":{""width"":2016,""height"":2395,""focalPoint"":[0.5,0.5]}},{""description"":"""",""fileName"":""Salt River Fire Horse.jpeg"",""slug"":""ef7b27_4f436ab35fd84499be3302e63434fe20~mv2.jpeg"",""alt"":"""",""src"":""wix:image://v1/ef7b27_4f436ab35fd84499be3302e63434fe20~mv2.jpeg/Salt%2520River%2520Fire%2520Horse.jpeg#originWidth=1627&originHeight=2166"",""title"":""Salt River Fire Horse.jpeg"",""type"":""image"",""settings"":{""width"":1627,""height"":2166,""focalPoint"":[0.5,0.5]}},{""description"":"""",""fileName"":""Coastal Symphony in color - final.jpeg"",""slug"":""ef7b27_d9e9c5e54fd04409a464b554870b7a4e~mv2.jpeg"",""alt"":"""",""src"":""wix:image://v1/ef7b27_d9e9c5e54fd04409a464b554870b7a4e~mv2.jpeg/Coastal%2520Symphony%2520in%2520color%2520-%2520final.jpeg#originWidth=1781&originHeight=1747"",""title"":""Coastal Symphony in color - final.jpeg"",""type"":""image"",""settings"":{""width"":1781,""height"":1747,""focalPoint"":[0.5,0.5]}},{""description"":"""",""fileName"":""Southern Beach Cottage final.jpeg"",""slug"":""ef7b27_49fef2f76869498ca98817d0a87647cf~mv2.jpeg"",""alt"":"""",""src"":""wix:image://v1/ef7b27_49fef2f76869498ca98817d0a87647cf~mv2.jpeg/Southern%2520Beach%2520Cottage%2520final.jpeg#originWidth=2423&originHeight=1873"",""title"":""Southern Beach Cottage final.jpeg"",""type"":""image"",""settings"":{""width"":2423,""height"":1873,""focalPoint"":[0.5,0.5]}}]","Barn Owl","8""x10""","Acrylic on Gessoboard","wix:image://v1/648eff_0074db4356bf46afbc9ea70b2404435a~mv2.jpg/me%20and%20Allie.jpg#originWidth=1760&originHeight=1901","/artist/michelle-brandt","/artists/","2d0db2b7-306e-45b4-a53e-66e01934b2cf",2024-03-10T00:49:34Z,2026-03-04T22:49:44Z,"648eff38-1300-4400-b20a-ee65209af597"
"Michael Surber","Surber","sevenfinndesign@gmail.com","[""Painting""]","5134820825","{""nodes"":[{""type"":""PARAGRAPH"",""id"":""foo"",""nodes"":[{""type"":""TEXT"",""id"":"""",""nodes"":[],""textData"":{""text"":""Bio: As an award-winning Ohio-based artist, Michael Surber has carved out a unique niche in the art world, one that honors the legacy of painting while pushing its boundaries. His artwork continues to inspire and captivate, securing his place as a significant contemporary artist whose work resonates with a wide audience, inviting us all to find our own stories within the vibrant hues and bold textures of his creations."",""decorations"":[]}}],""paragraphData"":{""textStyle"":{""textAlignment"":""AUTO""},""indentation"":0}}],""documentStyle"":{}}","Artist Statement: My artwork has been described by collectors and curators as poetic, essential, experimental, primal, colorful, and storytelling. I think my love for vibrant color shows most of all in my work.","https://www.facebook.com/michaelsurber","https://www.instagram.com/michaelwsurber","http://www.sevenfinndesign.etsy.com","https://www.michaelsurberart.com","[{""description"":"""",""slug"":""648eff_8ad8fbbd67564044986c76a74d6c58de~mv2.jpeg"",""alt"":"""",""src"":""wix:image://v1/648eff_8ad8fbbd67564044986c76a74d6c58de~mv2.jpeg/IMG_0287.jpeg#originWidth=3428&originHeight=4349"",""title"":""IMG_0287.jpeg"",""type"":""image"",""settings"":{""width"":3428,""height"":4349,""focalPoint"":[0.5,0.5]}},{""description"":"""",""slug"":""648eff_59acaa69fa2d4eb5b1617df93f2bb969~mv2.jpg"",""alt"":"""",""src"":""wix:image://v1/648eff_59acaa69fa2d4eb5b1617df93f2bb969~mv2.jpg/_.jpg#originWidth=4167&originHeight=3356"",""title"":"""",""type"":""image"",""settings"":{""width"":4167,""height"":3356,""focalPoint"":[0.5,0.5]}},{""description"":"""",""slug"":""648eff_25ad67e97c694f758caf9cbfc9ba5dc0~mv2.jpg"",""alt"":"""",""src"":""wix:image://v1/648eff_25ad67e97c694f758caf9cbfc9ba5dc0~mv2.jpg/_.jpg#originWidth=2639&originHeight=3281"",""title"":"""",""type"":""image"",""settings"":{""width"":2639,""height"":3281,""focalPoint"":[0.5,0.5]}},{""description"":"""",""slug"":""648eff_7e9ee6f7a0bb492796ed6ef41df92da3~mv2.jpg"",""alt"":"""",""src"":""wix:image://v1/648eff_7e9ee6f7a0bb492796ed6ef41df92da3~mv2.jpg/_.jpg#originWidth=3267&originHeight=4893"",""title"":"""",""type"":""image"",""settings"":{""width"":3267,""height"":4893,""focalPoint"":[0.5,0.5]}},{""description"":"""",""slug"":""648eff_a82fbea81527462fae8388507fe7068a~mv2.jpg"",""alt"":"""",""src"":""wix:image://v1/648eff_a82fbea81527462fae8388507fe7068a~mv2.jpg/_.jpg#originWidth=3502&originHeight=4412"",""title"":"""",""type"":""image"",""settings"":{""width"":3502,""height"":4412,""focalPoint"":[0.5,0.5]}}]","Still Standing","24x30","Acrylic Pour Paint","wix:image://v1/648eff_8524293b1dba49b8bea5fac79bed5348~mv2.jpeg/IMG_5921.jpeg#originWidth=1024&originHeight=1024","/artist/michael-surber","/artists/","2ed91b23-59cd-4d2d-b435-e7c12b237c22",2024-03-13T16:45:29Z,2026-03-03T23:28:50Z,"648eff38-1300-4400-b20a-ee65209af597"
"Joey Easton","Easton","joeyeaston@gmail.com","[""Painting""]"," 937-750-5058","{""nodes"":[{""type"":""PARAGRAPH"",""id"":""foo"",""nodes"":[{""type"":""TEXT"",""id"":"""",""nodes"":[],""textData"":{""text"":""Bio:"",""decorations"":[{""type"":""COLOR"",""colorData"":{""foreground"":""rgb(71, 71, 71)""}}]}},{""type"":""TEXT"",""id"":"""",""nodes"":[],""textData"":{""text"":"" "",""decorations"":[{""type"":""COLOR"",""colorData"":{""background"":""rgb(255, 255, 255)"",""foreground"":""rgb(0, 0, 0)""}}]}},{""type"":""TEXT"",""id"":"""",""nodes"":[],""textData"":{""text"":""I was raised in a quirky home filled with artwork, books, and piles of salvaged building materials. My father was a professor of fine arts and a self-taught builder. My mother was a lover of books and stories. After years of informal painting and drawing instruction from my father, I started in the fine arts program at Miami University, later graduated from a commercial art program in Cincinnati, and, ultimately, changed direction altogether. For 25 years, I ran a documentary production company with my (now late) husband, Pat O’Donnell. Producing documentaries was its own form of art, but my hands always found their way back to painting and sculpting. In some ways, I find that painting is not that different from making documentaries — I still seek out atmospheric light and an interesting story, but it’s captured in one frame instead of many."",""decorations"":[{""type"":""COLOR"",""colorData"":{""foreground"":""rgb(71, 71, 71)""}}]}}],""paragraphData"":{""textStyle"":{""textAlignment"":""AUTO""},""indentation"":0}}],""documentStyle"":{}}","Artist Statement: Working mostly in oils, my painting style would probably be considered ""expressive realism."" Whether a piece leans more toward “expressive” or more toward realism depends on the mood – mine, and the subject at hand. I am always drawn to scenes with interesting light.","https://www.facebook.com/joeyeaston2026","https://instagram.com/easton80","https://joeyeaston.org",,"[{""description"":"""",""fileName"":""Easton_Long Shadows.png"",""slug"":""ef7b27_27ed6327f95e45c7882af2bd7e41c162~mv2.png"",""alt"":"""",""src"":""wix:image://v1/ef7b27_27ed6327f95e45c7882af2bd7e41c162~mv2.png/Easton_Long%2520Shadows.png#originWidth=1156&originHeight=1544"",""title"":""Easton_Long Shadows.png"",""type"":""image"",""settings"":{""width"":1156,""height"":1544,""focalPoint"":[0.5,0.5]}}]","Long Shadows","11"" x 14""","Oil on canvas panel","wix:image://v1/ef7b27_a07f96a8a6f640639d8cc77a9e1e2d4a~mv2.png/Joey_Easton.png#originWidth=1430&originHeight=1544","/artist/joey-easton","/artists/","2f1c19d3-1fa6-40de-b035-3d72f55031c0",2026-03-06T12:38:10Z,2026-03-06T12:39:24Z,"ef7b2701-85ef-456d-b993-59de09c80fa9"
"Emily Morgan Wick","Wick","emilymorganwick@gmail.com","[""Drawing"",""Painting""]",,"{""documentStyle"":{},""nodes"":[{""id"":""foo"",""nodes"":[{""id"":"""",""nodes"":[],""textData"":{""decorations"":[{""fontWeightValue"":700,""type"":""BOLD""}],""text"":""Bio: ""},""type"":""TEXT""},{""id"":"""",""nodes"":[],""textData"":{""decorations"":[{""fontWeightValue"":700,""type"":""BOLD""},{""colorData"":{""background"":""rgb(255, 255, 255)"",""foreground"":""rgb(34, 34, 34)""},""type"":""COLOR""}],""text"":""Emily Morgan Wick is a painter currently based just outside of Dayton, Ohio, with a BFA from the Columbus College of Art and Design. She enjoys painting and drawing both digitally and traditionally, as well as printmaking, bookbinding, and photography. Growing up in a small farming town, much of her work is inspired by rural landscapes and her nostalgia for the natural environments she grew up with. Alongside their art practice, Emily is a video game and animation enthusiast, a lover of houseplants, and an avid collector of tiny animal figurines.  ""},""type"":""TEXT""}],""paragraphData"":{""indentation"":0,""textStyle"":{""textAlignment"":""AUTO""}},""type"":""PARAGRAPH""}]}","Artist Statement: I find a lot of joy in depicting the beauty of the mundane. Streetlamps on wet pavement, the pale lichen growing on old trees, overgrown run-down old farm roads. Rather than grand mountain ranges or lush seascapes, I paint the landscape I grew up in. A nostalgia for my old, decaying, backwater hometown.  ",,"https://www.instagram.com/emilymwick/","https://emilymwick.neocities.org/",,"[{""description"":"""",""fileName"":""nightlights1.jpg"",""slug"":""0d5490_040d516dac4140cfaf2b7cf29a9e3bd7~mv2.jpg"",""alt"":"""",""src"":""wix:image://v1/0d5490_040d516dac4140cfaf2b7cf29a9e3bd7~mv2.jpg/nightlights1.jpg#originWidth=4356&originHeight=3267"",""title"":""nightlights1.jpg"",""type"":""image"",""settings"":{""focalPoint"":[0.5,0.5],""height"":3267,""width"":4356}}]","Nightlights","12"" x 9""","Oil on cradled wood panel  ","wix:image://v1/0d5490_414dea5c83194c93813d5a513162606b~mv2.jpeg/IMG_4287.jpeg#originWidth=1283&originHeight=1283","/artist/emily-morgan-wick","/artists/","31b944c1-f64a-4890-b9e3-d14d4f1b237c",2026-04-21T21:07:24Z,2026-06-14T12:49:36Z,"37a00a83-8de6-4c78-aaec-4ad3b7010549"
"Britt Nichole","Nichole","brittnbarker98@gmail.com","[""Photography"",""Printmaking""]","317-605-7163","{""nodes"":[{""type"":""PARAGRAPH"",""id"":""foo"",""nodes"":[{""type"":""TEXT"",""id"":"""",""nodes"":[],""textData"":{""text"":""Bio: "",""decorations"":[]}},{""type"":""TEXT"",""id"":"""",""nodes"":[],""textData"":{""text"":""Britt Nichole is a writer and photographer currently residing in the Dayton, OH area. As an artist born and living with multiple disabilities, she loves to uplift and support other independent artists, with extra focus on connecting with fellow disabled artists like herself. Photography has become a major outlet for her with her c-PTSD, and she shares her work under the name Learn To Fly Photography."",""decorations"":[{""type"":""COLOR"",""colorData"":{""background"":""rgb(255, 255, 255)"",""foreground"":""rgb(71, 71, 71)""}}]}}],""paragraphData"":{""textStyle"":{""textAlignment"":""AUTO""},""indentation"":0}}],""documentStyle"":{}}","Artist Statement: As an artist dealing with physical disabilities as well as mental health illness, photography has been my compass, guiding me through trauma, disability, and rediscovery. In creating, I’ve found peace, refuge, and voice, which are things that I struggled for years to grasp. My work often draws from nature’s cycles and quiet spaces, as well as the beauty in seemingly ordinary life and art.","https://www.facebook.com/profile.php?id=61553286001488","https://www.instagram.com/learntoflyphotography/","https://learntoflyphotography.mypixieset.com/",,"[{""description"":"""",""fileName"":""Give Me Love.jpg"",""slug"":""648eff_c09355d4c19942589c263f2227b75973~mv2.jpg"",""alt"":"""",""src"":""wix:image://v1/648eff_c09355d4c19942589c263f2227b75973~mv2.jpg/Give%2520Me%2520Love.jpg#originWidth=6521&originHeight=4347"",""title"":""Give Me Love.jpg"",""type"":""image"",""settings"":{""width"":6521,""height"":4347,""focalPoint"":[0.5,0.5]}}]","Give Me Love","'-","Photography","wix:image://v1/ef7b27_72ba9f4328334bda89ebb1fab95ff86c~mv2.jpg/Author%20Photo_cropped2_edited.jpg#originWidth=1024&originHeight=943","/artist/britt-nichole","/artists/","32be982d-b9e0-4669-8ecd-2fe4e075760e",2026-02-25T02:38:28Z,2026-03-05T13:28:51Z,"648eff38-1300-4400-b20a-ee65209af597"
"Nancy Shuler","Shuler","ART@NANCYSHULER.COM","[""Drawing"",""Painting""]","937-216-8747","{""nodes"":[{""type"":""PARAGRAPH"",""id"":""foo"",""nodes"":[{""type"":""TEXT"",""id"":"""",""nodes"":[],""textData"":{""text"":""Bio: Nancy Shuler is a full-time artist working in Troy, Ohio, north of Dayton. She received her BFA from Wright State University. She studied in Tuscany at La Macina di San Cresci, Greve, Italy. Shuler has been widely recognized in the Dayton area and has exhibited at the Dayton Art Institute, Front Street Galleries, and APAC Performing Arts Center. She has been involved in Art in the City through the Downtown Dayton Partnership. During her time as Interim Director of the Dayton Artist Society, Nancy taught art. Her work has been widely recognized in the Dayton area, and her passion for art is lifelong. Nancy combines color, texture, and design elements to create stunning pieces of art."",""decorations"":[]}}],""paragraphData"":{""textStyle"":{""textAlignment"":""AUTO""},""indentation"":0}}],""documentStyle"":{}}","Artist Statement: My art invites viewers to pause, observe, and appreciate. I invite you on this artistic excursion. This is where dreams intertwine with reality, and life's splendor unfolds through paint, shared experiences, and art's transformative power.",,"https://www.instagram.com/nancyshulerfineart/","https://www.nancyshuler.com/",,"[{""description"":"""",""slug"":""648eff_67b6e42e3e5345e49cd4b8f26d25ba88~mv2.jpg"",""alt"":"""",""src"":""wix:image://v1/648eff_67b6e42e3e5345e49cd4b8f26d25ba88~mv2.jpg/Shuler_DynamicSymmetry.jpg#originWidth=3182&originHeight=4054"",""title"":""Shuler_DynamicSymmetry.jpg"",""type"":""image"",""settings"":{""width"":3182,""height"":4054,""focalPoint"":[0.5,0.5]}},{""description"":"""",""slug"":""648eff_f8a914a909364d8db383a3f36a69af3d~mv2.webp"",""alt"":"""",""src"":""wix:image://v1/648eff_f8a914a909364d8db383a3f36a69af3d~mv2.webp/_.webp#originWidth=1384&originHeight=1804"",""title"":"""",""type"":""image"",""settings"":{""width"":1384,""height"":1804,""focalPoint"":[0.5,0.5]}}]","DYNAMIC SYMMETRY","40 H. X 30 X 2 in","Oil","wix:image://v1/648eff_c06510f9ed8c4eecac76225eddb92384~mv2.jpg/Shuler_2024.jpg#originWidth=1750&originHeight=1734","/artist/nancy-shuler","/artists/","33456025-dff4-4dc5-9032-35a58d715f18",2024-04-22T02:17:12Z,2026-03-03T23:30:06Z,"648eff38-1300-4400-b20a-ee65209af597"
"Kim Ceccarelli","Ceccarelli","Kceccrn@sbcglobal.net","[""Painting""]","(937)6201084","{""nodes"":[{""type"":""PARAGRAPH"",""id"":""foo"",""nodes"":[{""type"":""TEXT"",""id"":"""",""nodes"":[],""textData"":{""text"":""Bio: Kim Ceccarelli is a pastel and oil painter who currently lives in Beavercreek, OH with her husband and puppy, Cookie. She is a self taught artist that has traveled extensively to paint en plein air. She also enjoys painting from live models and has been juried into The Arnold Art Competition in Columbus, OH for 3 years. Kim has won numerous awards for her plein air paintings from various galleries and exhibits in Ohio such as the Tipp City Fine Arts exhibit, the Fairborn Art Association, and the Maria Stein Art exhibit. Her art is currently displayed on an Art Wrap in downtown Dayton, and in the Sparrows Nest in Hot Springs, VA. Her art-o-mat blocks are on display at the Smithsonian Institute in Washington, D.C. She has had solo shows in Tejas K-12 Gallery, the Centerville Art Gallery and the Lofino Art Gallery. Her artwork is also held in private collections in OH, PA, VA, FLA, and CO. Kim is a member of the Dayton Society of Artists, the Ohio Plein Air Society, and the Dayton Plein Air Society. Kim has also been a participant on the Art Show on PBS."",""decorations"":[]}}],""paragraphData"":{""textStyle"":{""textAlignment"":""AUTO""},""indentation"":0}}],""documentStyle"":{}}","Artist Statement: I grew up in Aliquippa, Pennsylvania in a small steel mill town where I lived among great cultural diversity. As a child, I was always drawing on any scrap of paper I could find. I went to college at Duquesne University and Wright State University and then worked many years first as a critical care nurse and then as a school nurse for underprivileged children. Through the process of time, I have been able to return to my first love of drawing and then painting. I choose to work with oils and pastels because of the intensity of the colors of both mediums and I am inspired by the interplay of lights and shadows. My life experiences and travels have given me the opportunity to paint a wide range of subjects both here and abroad. Through my art, I hope to foster a connection between the viewer and the profound beauty that surrounds us.","https://www.facebook.com/kimberly.Ceccarelli","https://www.instagram.com/kcecc","https://paintingsbykimberly.weebly.com",,"[{""description"":"""",""slug"":""648eff_547d7d1be81747c8955e2f9a41f03819~mv2.jpg"",""alt"":"""",""src"":""wix:image://v1/648eff_547d7d1be81747c8955e2f9a41f03819~mv2.jpg/Ceccarelli_Kim_DrippingRedFlower.jpg#originWidth=3804&originHeight=3756"",""title"":""Ceccarelli_Kim_DrippingRedFlower.jpg"",""type"":""image"",""settings"":{""width"":3804,""height"":3756,""focalPoint"":[0.5,0.5]}},{""description"":"""",""slug"":""648eff_e0f2d4b010924a1ea702fd1f89dba3e2~mv2.jpg"",""alt"":"""",""src"":""wix:image://v1/648eff_e0f2d4b010924a1ea702fd1f89dba3e2~mv2.jpg/_.jpg#originWidth=3710&originHeight=2849"",""title"":"""",""type"":""image"",""settings"":{""width"":3710,""height"":2849,""focalPoint"":[0.5,0.5]}},{""description"":"""",""slug"":""648eff_27dd5ac473284bf9959db5eec96a3ce4~mv2.jpg"",""alt"":"""",""src"":""wix:image://v1/648eff_27dd5ac473284bf9959db5eec96a3ce4~mv2.jpg/_.jpg#originWidth=3923&originHeight=3024"",""title"":"""",""type"":""image"",""settings"":{""width"":3923,""height"":3024,""focalPoint"":[0.5,0.5]}},{""description"":"""",""slug"":""648eff_df7345f1eadd4922b382002dfd2d862e~mv2.jpg"",""alt"":"""",""src"":""wix:image://v1/648eff_df7345f1eadd4922b382002dfd2d862e~mv2.jpg/_.jpg#originWidth=2022&originHeight=2022"",""title"":"""",""type"":""image"",""settings"":{""width"":2022,""height"":2022,""focalPoint"":[0.5,0.5]}},{""description"":"""",""slug"":""648eff_acf95c15512b455e80b4025b6dc18c18~mv2.jpg"",""alt"":"""",""src"":""wix:image://v1/648eff_acf95c15512b455e80b4025b6dc18c18~mv2.jpg/_.jpg#originWidth=3024&originHeight=4032"",""title"":"""",""type"":""image"",""settings"":{""width"":3024,""height"":4032,""focalPoint"":[0.5,0.5]}},{""description"":"""",""slug"":""648eff_28734032d4d7484cb6680260ac2d5d4b~mv2.jpg"",""alt"":"""",""src"":""wix:image://v1/648eff_28734032d4d7484cb6680260ac2d5d4b~mv2.jpg/_.jpg#originWidth=3024&originHeight=4032"",""title"":"""",""type"":""image"",""settings"":{""width"":3024,""height"":4032,""focalPoint"":[0.5,0.5]}},{""description"":"""",""slug"":""648eff_18efc2c8c8e44627a660edce7b665af5~mv2.jpg"",""alt"":"""",""src"":""wix:image://v1/648eff_18efc2c8c8e44627a660edce7b665af5~mv2.jpg/_.jpg#originWidth=3024&originHeight=4032"",""title"":"""",""type"":""image"",""settings"":{""width"":3024,""height"":4032,""focalPoint"":[0.5,0.5]}},{""description"":"""",""slug"":""648eff_3b115fe3c6374905b7e828e901cf4d69~mv2.jpg"",""alt"":"""",""src"":""wix:image://v1/648eff_3b115fe3c6374905b7e828e901cf4d69~mv2.jpg/_.jpg#originWidth=3024&originHeight=4032"",""title"":"""",""type"":""image"",""settings"":{""width"":3024,""height"":4032,""focalPoint"":[0.5,0.5]}},{""description"":"""",""slug"":""648eff_35476f909f934df180c8f0ecfb90d85a~mv2.jpg"",""alt"":"""",""src"":""wix:image://v1/648eff_35476f909f934df180c8f0ecfb90d85a~mv2.jpg/_.jpg#originWidth=3024&originHeight=4032"",""title"":"""",""type"":""image"",""settings"":{""width"":3024,""height"":4032,""focalPoint"":[0.5,0.5]}}]","Dripping Red Flower","40x30","Oil","wix:image://v1/648eff_5aa58608b55a48ea997ff3cb7897036d~mv2.jpg/my%20portrait%20from%20Gina.jpg#originWidth=1170&originHeight=1624","/artist/kim-ceccarelli","/artists/","34704f92-3c76-416b-a29c-1b07d32d4100",2024-05-08T13:37:39Z,2026-03-03T23:20:48Z,"648eff38-1300-4400-b20a-ee65209af597"
"Tamiko Stump","Stump","tamikostump@gmail.com","[""Drawing"",""Painting"",""Printmaking""]","3476011444","{""nodes"":[{""type"":""PARAGRAPH"",""id"":""foo"",""nodes"":[{""type"":""TEXT"",""id"":"""",""nodes"":[],""textData"":{""text"":""Bio: "",""decorations"":[]}},{""type"":""TEXT"",""id"":"""",""nodes"":[],""textData"":{""text"":""Tamiko Stump is an Ohio-born artist with a BFA from the School of the Art Institute of Chicago and an MFA from the New York Academy of Art. Her work is centered on figurative art, focusing on themes of identity, transformation, and the evolving nature of womanhood. Drawing on archetypal energies, Tamiko’s pieces explore both personal and universal experiences, inviting viewers to connect with deeper narratives beneath the surface."",""decorations"":[{""type"":""COLOR"",""colorData"":{""background"":""rgb(255, 255, 255)"",""foreground"":""rgb(71, 71, 71)""}}]}}],""paragraphData"":{""textStyle"":{""textAlignment"":""AUTO""},""indentation"":0}},{""type"":""PARAGRAPH"",""id"":""x7wco2399"",""nodes"":[],""paragraphData"":{""textStyle"":{""textAlignment"":""AUTO""},""indentation"":0}},{""type"":""PARAGRAPH"",""id"":""q2ota2402"",""nodes"":[{""type"":""TEXT"",""id"":"""",""nodes"":[],""textData"":{""text"":""Through delicate textures, dreamlike hues, and luminous forms, Tamiko creates work that evokes emotion and introspection. She seeks to reflect the complexities of self-discovery, celebrating both the strength and vulnerability of the human experience. Each piece represents her ongoing exploration of identity, approached with an openness to transformation, both in her art and in life. "",""decorations"":[{""type"":""COLOR"",""colorData"":{""background"":""rgb(255, 255, 255)"",""foreground"":""rgb(71, 71, 71)""}}]}},{""type"":""TEXT"",""id"":"""",""nodes"":[],""textData"":{""text"":""\n"",""decorations"":[]}}],""paragraphData"":{""textStyle"":{""textAlignment"":""AUTO""},""indentation"":0}},{""type"":""PARAGRAPH"",""id"":""skx8v2432"",""nodes"":[{""type"":""TEXT"",""id"":"""",""nodes"":[],""textData"":{""text"":""Now based in Dayton, Ohio, Tamiko is deeply involved in the local art community. She collaborates with galleries, participates in exhibitions, and works to foster connections among artists and the broader public. Her commitment to supporting the arts in Dayton stems from her belief in the power of art to inspire, connect, and provoke thought."",""decorations"":[{""type"":""COLOR"",""colorData"":{""background"":""rgb(255, 255, 255)"",""foreground"":""rgb(71, 71, 71)""}}]}}],""paragraphData"":{""textStyle"":{""textAlignment"":""AUTO""},""indentation"":0}}],""documentStyle"":{}}","Artist Statement: As an artist, I am driven by the profound connection between human emotion, identity, and the universal experience of transformation. My work, primarily rooted in painting, drawing, and mixed media, explores the ethereal and evolving nature of the human form. I delve into the interplay between individuality and universality, often portraying the delicate tension between vulnerability and strength.
My creative practice is deeply influenced by storytelling—whether personal, collective, or imagined. I draw inspiration from the rhythms of life: the fluidity of movement, the beauty of fleeting moments, and the rawness of emotional expression. These themes often manifest in my art through the use of luminous textures, dreamlike hues, and dynamic compositions that aim to evoke introspection and connection.
To someone unfamiliar with my medium, I would describe my art as a visual exploration of inner worlds—a convergence of realism and abstraction where light, color, and form work in harmony to convey a sense of transformation. My subjects are often figures or fragments of the human body, rendered in ways that feel both grounded and transcendent. Each piece is an invitation to pause, reflect, and uncover the layers of meaning beneath the surface.
The process behind my art is as integral as the final work. I approach each piece intuitively, beginning with sketches or loose studies to capture initial impressions. Observing movement—whether through life studies, rehearsals with dancers, or video references—has become a vital part of my process. I translate these observations into expressive marks, blending fluid brushstrokes with detailed drawing techniques. Each layer of paint or line of graphite becomes part of the story I am telling.
At its core, my art seeks to celebrate the complexities of being human. Through my work, I aim to convey a sense of universality while honoring the unique stories and emotions that shape us. By engaging viewers in a dialogue with my pieces, I hope to foster connection and encourage them to see beauty and possibility within their own journeys.
Art, to me, is a bridge—a way to connect with others and to express the intangible. It is a practice of vulnerability and resilience, one that mirrors the complexities of life itself. My goal is to continue exploring these themes and creating works that resonate, inspire, and transform both myself and those who encounter my art.","https://www.facebook.com/tamiko.stump","https://www.instagram.com/tamikostump/","http://tamikostump.com/",,"[{""description"":"""",""slug"":""648eff_e6ce8db65f564edbb40d43b7425e68b5~mv2.jpeg"",""alt"":"""",""src"":""wix:image://v1/648eff_e6ce8db65f564edbb40d43b7425e68b5~mv2.jpeg/_.jpeg#originWidth=1500&originHeight=2000"",""title"":"""",""type"":""image"",""settings"":{""width"":1500,""height"":2000,""focalPoint"":[0.5,0.5]}}]","The Veil","29""x25""","Mixed Media(charcoal, watercolor, and gouache)","wix:image://v1/648eff_9fc1f95d2293413e88a940b4e4d1f3d7~mv2.jpeg/uuid=8DF8194B-1A5E-4292-BBDA-F4FC52A59ED0&code=001&library=1&type=1&mode=2&loc=true&cap=tr.jpeg#originWidth=2316&originHeight=3088","/artist/tamiko-stump","/artists/","36b88585-7cc8-48c0-92b3-5b9436cb59cc",2025-01-26T03:12:53Z,2026-03-03T23:28:56Z,"648eff38-1300-4400-b20a-ee65209af597"
"Francis Trick","Trick","fjt072@gmail.com","[""Painting"",""Jewelry""]","5132882749","{""nodes"":[{""type"":""PARAGRAPH"",""id"":""fthat200"",""nodes"":[{""type"":""TEXT"",""id"":"""",""nodes"":[],""textData"":{""text"":""Bio: Art....my rediscovered passion. I started college as an art major but switched to marketing graduating with a B.S. I have spent the my life in retail in one form or another, 26.5 years spent at The Home Depot with the last 18 years as a flooring specialist. "",""decorations"":[]}}],""paragraphData"":{}},{""type"":""PARAGRAPH"",""id"":""euwhy202"",""nodes"":[{""type"":""TEXT"",""id"":"""",""nodes"":[],""textData"":{""text"":""As an artist I have recently received 1st place recognition in The Dayton Society of Artists Peace Accords Show. I also was given a Judges Merit Award by fellow members of The Fairborn Art Association's members juried show."",""decorations"":[]}}],""paragraphData"":{}}],""documentStyle"":{}}","Artist Statement: As a retired individual and after dabbling all my life in art, I have rediscovered my passion. With some research I have discovered Fluid/Liquid Acrylic Art. I am fascinated by the techniques and the beauty that happens when adding only a few colors to the canvas and then manipulating them in their liquid form.","https://www.facebook.com/francis.trick.2025","https://www.instagram.com/fjt072/profilecard/?igsh=MXRqZDVoaGhkYnp5Ng==",,,"[{""description"":"""",""fileName"":""inbound3512115212715992283.jpg"",""slug"":""648eff_16c22905fbf04c3ea9e6abb49dbc90c0~mv2.jpg"",""alt"":"""",""src"":""wix:image://v1/648eff_16c22905fbf04c3ea9e6abb49dbc90c0~mv2.jpg/inbound3512115212715992283.jpg#originWidth=3024&originHeight=4032"",""title"":""inbound3512115212715992283.jpg"",""type"":""image"",""settings"":{""width"":3024,""height"":4032,""focalPoint"":[0.5,0.5]}}]","Purple Mountain Majesty","12x16","Acrylic","wix:image://v1/648eff_e494169d80df466eb1b84380ee3fa33c~mv2.jpg/1737228862359611886035207162290.jpg#originWidth=1080&originHeight=1440","/artist/francis-trick","/artists/","3e8f0604-5b2f-4a99-97f9-ebf40fa56684",2025-07-01T21:33:32Z,2026-03-28T21:26:23Z,"648eff38-1300-4400-b20a-ee65209af597"
"Lori Daugherty","Daugherty","lori@dartyart.com","[""Painting""]","937-554-2732","{""nodes"":[{""type"":""PARAGRAPH"",""id"":""foo"",""nodes"":[{""type"":""TEXT"",""id"":"""",""nodes"":[],""textData"":{""text"":""Bio: Dayton-based abstract artist, Lori Daugherty, enjoys exploring and experimenting with the encaustic medium. She finds that the encaustic medium provides a wealth of depth, breadth, and texture, with an added twist of mystery."",""decorations"":[]}}],""paragraphData"":{""textStyle"":{""textAlignment"":""AUTO""},""indentation"":0}},{""type"":""PARAGRAPH"",""id"":""lm5ef111"",""nodes"":[],""paragraphData"":{""textStyle"":{""textAlignment"":""AUTO""},""indentation"":0}},{""type"":""PARAGRAPH"",""id"":""rshzq102"",""nodes"":[{""type"":""TEXT"",""id"":"""",""nodes"":[],""textData"":{""text"":""Armed with an arsenal of torches, hot plates, and air compressors Lori melds intricate layers of color with encaustic wax paints, inks, and shellac. She desires to take the viewer on an enchanted adventure while following the painting’s path, embracing the lines, the shapes, the color, and the texture."",""decorations"":[]}}],""paragraphData"":{""textStyle"":{""textAlignment"":""AUTO""}}},{""type"":""PARAGRAPH"",""id"":""r8hnr104"",""nodes"":[],""paragraphData"":{""textStyle"":{""textAlignment"":""AUTO""}}},{""type"":""PARAGRAPH"",""id"":""v5krh159"",""nodes"":[{""type"":""TEXT"",""id"":"""",""nodes"":[],""textData"":{""text"":""Lori has been involved in numerous local shows as well as large exhibitions throughout Ohio. Additionally, she is a member of The Contemporary - Dayton, The Dayton Society of Artists, and The Springfield Museum of Art - Ohio. As a passionate advocate for the local arts scene, she actively participates in various local art committees and projects."",""decorations"":[]}}],""paragraphData"":{""textStyle"":{""textAlignment"":""AUTO""}}},{""type"":""PARAGRAPH"",""id"":""8mtgy119"",""nodes"":[],""paragraphData"":{""textStyle"":{""textAlignment"":""AUTO""}}},{""type"":""PARAGRAPH"",""id"":""8cvjv106"",""nodes"":[{""type"":""TEXT"",""id"":"""",""nodes"":[],""textData"":{""text"":""Lori's artwork is featured in both private and commercial collections across various states in the US including Ohio, Kentucky, Tennessee, New York, Connecticut, Colorado, and Florida, extending its reach to California and even overseas in China."",""decorations"":[]}}],""paragraphData"":{""textStyle"":{""textAlignment"":""AUTO""}}},{""type"":""PARAGRAPH"",""id"":""snsxc126"",""nodes"":[],""paragraphData"":{""textStyle"":{""textAlignment"":""AUTO""}}},{""type"":""PARAGRAPH"",""id"":""lai54108"",""nodes"":[{""type"":""TEXT"",""id"":"""",""nodes"":[],""textData"":{""text"":""Lori’s studio/gallery called “Darty Art” can be found at the Front Street Buildings, which is one of Ohio’s largest art venues devoted to artist studios, art galleries, boutiques, and creative spaces. Lori welcomes the public to visit “Darty Art” during The Front Street’s First Friday and Third Sunday events of each month, or by appointment."",""decorations"":[]}}],""paragraphData"":{""textStyle"":{""textAlignment"":""AUTO""}}}],""documentStyle"":{}}","Artist Statement: Inspired by a vivid imagination and a fascination with color, texture, and motion, my art frequently captures brief moments that have caught my attention. I'm known for my bold, colorful, and lively abstract creations. Captivated by the process, I create intricate layers of color using wax, pigment, ink, shellac, and various other mediums. As an artist, my goal is to immerse the viewer into the intricate journey of each painting, by exploring its depths and complexities.","https://www.facebook.com/dartyartdayton","https://www.instagram.com/dartyartdayton/","https://www.dartyart.com/",,"[{""description"":"""",""slug"":""648eff_fd0fe787dc53496ab1b3c60bf78ec351~mv2.jpg"",""alt"":"""",""src"":""wix:image://v1/648eff_fd0fe787dc53496ab1b3c60bf78ec351~mv2.jpg/Its%2520a%2520Swell%2520Life.JPG.jpg#originWidth=1200&originHeight=1200"",""title"":""Its a Swell Life.JPG.jpg"",""type"":""image"",""settings"":{""width"":1200,""height"":1200,""focalPoint"":[0.5,0.5]}}]","It's a Swell Life","24’ x 24” x 2.5”","Encaustic Mixed Media on Birch Panel","wix:image://v1/648eff_19c240f4f8174166a6e7675d47280861~mv2.jpg/OV-4.jpg#originWidth=1800&originHeight=1200","/artist/lori-daugherty","/artists/","3f7030c6-dbf1-42a1-881a-12b09b1ac4a8",2024-03-13T00:27:10Z,2026-03-03T23:21:14Z,"648eff38-1300-4400-b20a-ee65209af597"
"ScottyD Davis","Davis","scottyd@scottydstudios.com","[""Photography"",""Other""]","9372691760","{""documentStyle"":{},""nodes"":[{""id"":""5pte5371"",""nodes"":[{""id"":"""",""nodes"":[],""textData"":{""decorations"":[{""fontWeightValue"":700,""type"":""BOLD""}],""text"":""Bio: ""},""type"":""TEXT""},{""id"":"""",""nodes"":[],""textData"":{""decorations"":[{""fontWeightValue"":700,""type"":""BOLD""},{""colorData"":{""background"":""rgb(255, 255, 255)"",""foreground"":""rgb(34, 34, 34)""},""type"":""COLOR""}],""text"":""ScottyD\"" (aka: Scott Davis) is a Dayton-based photographer and visual storyteller whose work lives somewhere between documentary realism, street culture, and modern brand narrative. Known for capturing authentic moments in unpredictable environments, his photography focuses less on perfection and more on presence — the energy between people, places, light, and timing.""},""type"":""TEXT""}],""paragraphData"":{},""type"":""PARAGRAPH""},{""id"":""xdzy0373"",""nodes"":[],""paragraphData"":{""textStyle"":{""textAlignment"":""AUTO""}},""type"":""PARAGRAPH""},{""id"":""xo0r9374"",""nodes"":[],""paragraphData"":{""textStyle"":{""textAlignment"":""AUTO""}},""type"":""PARAGRAPH""},{""id"":""jm972375"",""nodes"":[{""id"":"""",""nodes"":[],""textData"":{""decorations"":[{""fontWeightValue"":700,""type"":""BOLD""},{""colorData"":{""background"":""rgb(255, 255, 255)"",""foreground"":""rgb(34, 34, 34)""},""type"":""COLOR""}],""text"":""Working throughout the Miami Valley and Midwest, ScottyD’s imagery ranges from street photography and live events to portraits, cultural documentation, and creative commercial work. His style is shaped by movement, music, urban texture, and the belief that photography should say something honest about the people and communities in front of the lens.""},""type"":""TEXT""}],""paragraphData"":{},""type"":""PARAGRAPH""},{""id"":""vaxqh377"",""nodes"":[],""paragraphData"":{""textStyle"":{""textAlignment"":""AUTO""}},""type"":""PARAGRAPH""},{""id"":""42vil378"",""nodes"":[],""paragraphData"":{""textStyle"":{""textAlignment"":""AUTO""}},""type"":""PARAGRAPH""},{""id"":""ehm98379"",""nodes"":[{""id"":"""",""nodes"":[],""textData"":{""decorations"":[{""fontWeightValue"":700,""type"":""BOLD""},{""colorData"":{""background"":""rgb(255, 255, 255)"",""foreground"":""rgb(34, 34, 34)""},""type"":""COLOR""}],""text"":""Beyond client work, he remains deeply connected to Dayton’s creative community through collaborations with artists, musicians, small businesses, and public art spaces. Whether documenting the evolving culture of the city or creating intentional visual narratives for others, his work is rooted in observation, atmosphere, and real human connection.  ""},""type"":""TEXT""}],""paragraphData"":{},""type"":""PARAGRAPH""}]}","Artist Statement: Photography, for me, has never been about creating perfect moments. It’s about recognizing the ones that already exist.

My work is rooted in observation — the tension between movement and stillness, light and shadow, isolation and connection. Influenced by street photography, music culture, documentary storytelling, and the evolving character of Dayton itself, I’m drawn to environments that feel lived-in and honest. Alleyways, stages, quiet expressions, crowded events, overlooked corners of the city — the spaces where real stories tend to reveal themselves without asking for permission.

I approach photography as both documentation and interpretation. The camera becomes less of a tool for control and more of a way to slow down and pay attention. I’m interested in atmosphere, emotion, texture, and the subtle details that often disappear in a world moving too fast.

Whether I’m photographing artists, performers, communities, or everyday life, my goal remains the same: create images that feel human. Not manufactured. Not disposable. Something that carries presence long after the moment itself has passed.

Dayton continues to shape my perspective. Its creative energy, resilience, and raw authenticity influence not only what I photograph, but why I photograph it. My work is ultimately about connection — to people, to culture, and to the fleeting moments that deserve to be remembered.  ","https://www.facebook.com/scott.l.davis.12/","https://www.instagram.com/scottydfoto/","https://scottydstudios.com/",,"[{""description"":"""",""fileName"":""AR503169.jpg"",""slug"":""f787e3_a65ed4d85826431789809dd2d8ef5959~mv2.jpg"",""alt"":"""",""src"":""wix:image://v1/f787e3_a65ed4d85826431789809dd2d8ef5959~mv2.jpg/AR503169.jpg#originWidth=1418&originHeight=2000"",""title"":""AR503169.jpg"",""type"":""image"",""settings"":{""focalPoint"":[0.5,0.5],""height"":2000,""width"":1418}}]","Beyond the Gem City  ",,"Photography","wix:image://v1/f787e3_b8a9876470d74481a84ae4ab5776f24f~mv2.jpg/website%20pic.jpg#originWidth=1200&originHeight=1200","/artist/scottyd-davis","/artists/","3fac6092-2c9e-4a17-ab4b-b96f430e9e83",2026-05-18T16:52:48Z,2026-06-14T12:46:33Z,"37a00a83-8de6-4c78-aaec-4ad3b7010549"
"Ryan Stoneberger","Stoneberger"," ryan82295@gmail.com","[""Printmaking"",""Mural""]","5136850342","{""nodes"":[{""type"":""PARAGRAPH"",""id"":""foo"",""nodes"":[{""type"":""TEXT"",""id"":"""",""nodes"":[],""textData"":{""text"":""Bio: "",""decorations"":[]}},{""type"":""TEXT"",""id"":"""",""nodes"":[],""textData"":{""text"":""Ryan Stoneberger is a relief printmaker focused on landscape as both subject and memory. Influenced by the Sublime and Impressionist traditions, his work explores the tension between nature’s overwhelming force and its quiet beauty, using contrast and scale to create space for personal interpretation."",""decorations"":[{""type"":""COLOR"",""colorData"":{""background"":""rgb(255, 255, 255)"",""foreground"":""rgb(71, 71, 71)""}}]}}],""paragraphData"":{""textStyle"":{""textAlignment"":""AUTO""},""indentation"":0}},{""type"":""PARAGRAPH"",""id"":""c2ao31194"",""nodes"":[],""paragraphData"":{""textStyle"":{""textAlignment"":""AUTO""},""indentation"":0}},{""type"":""PARAGRAPH"",""id"":""462001197"",""nodes"":[{""type"":""TEXT"",""id"":"""",""nodes"":[],""textData"":{""text"":""Raised on camping and hiking trips with his father, Stoneberger developed a lasting relationship with natural environments. After his father’s passing, landscape became not only an artistic focus but a way of remaining connected to formative experiences."",""decorations"":[{""type"":""COLOR"",""colorData"":{""background"":""rgb(255, 255, 255)"",""foreground"":""rgb(71, 71, 71)""}}]}}],""paragraphData"":{""textStyle"":{""textAlignment"":""AUTO""},""indentation"":0}},{""type"":""PARAGRAPH"",""id"":""23kn21203"",""nodes"":[],""paragraphData"":{""textStyle"":{""textAlignment"":""AUTO""},""indentation"":0}},{""type"":""PARAGRAPH"",""id"":""bnbhg1207"",""nodes"":[{""type"":""TEXT"",""id"":"""",""nodes"":[],""textData"":{""text"":""Working primarily with single black linoleum blocks, he carves from digitally reversed photographic references, using deliberate line variation and pattern to distinguish atmosphere, terrain, and structure. Through ongoing experimentation with carving techniques, his work seeks to translate lived experience into tactile, contemplative imagery."",""decorations"":[{""type"":""COLOR"",""colorData"":{""background"":""rgb(255, 255, 255)"",""foreground"":""rgb(71, 71, 71)""}}]}}],""paragraphData"":{""textStyle"":{""textAlignment"":""AUTO""},""indentation"":0}}],""documentStyle"":{}}","Artist Statement: My work centers on the depiction of landscapes, primarily natural environments while also engaging with urban spaces. Landscape has been a persistent subject of art throughout history and I am particularly drawn to Sublime and Impressionist approaches, incorporating both the overwhelming and unrestrained power of nature with the visual impact of softer tones. The contrast of these styles of depiction and how they draw a viewer to their own interpretations are what drives me to focus on landscape imagery.

My interest in art is rooted in personal experience. Growing up, my father frequently exposed my brother and me to camping and hiking trips where I developed an appreciation for natural environments. These experiences remain central to my work and my focus on landscapes has become a way to stay connected to those memories following my father’s passing.

My primary focus is relief printmaking. I work from photographs that I have taken myself or that I use with permission from others. I am particularly drawn to images that convey a sense of the sublime through their scale or to ones that capture beauty and calmness. I then digitally flip the image before carving so that the final print matches reference. Rather than practicing multicolor wood block printing I prefer to practice a single black linoleum block print. Using the lines created by my tools to separate spaces and components within the piece, I leverage different carving patterns and methods to best suit the depiction of the overall composition. These techniques allow me to differentiate between sky, clouds, grass, rock, and other elements. I am constantly experimenting with and practicing different carving patterns and methods to represent the world around me.",,"https://www.instagram.com/stoney.studio/?hl=en",,,"[{""description"":"""",""fileName"":""IMG_1746.jpeg"",""slug"":""648eff_f60d56d45bee4aa48b40c3370b86e87f~mv2.jpeg"",""alt"":"""",""src"":""wix:image://v1/648eff_f60d56d45bee4aa48b40c3370b86e87f~mv2.jpeg/IMG_1746.jpeg#originWidth=2926&originHeight=2255"",""title"":""IMG_1746.jpeg"",""type"":""image"",""settings"":{""width"":2926,""height"":2255,""focalPoint"":[0.5,0.5]}}]","Mundal “Book Town,” Norway","16”x12”","Relief Printmaking","wix:image://v1/648eff_1c649ead95644d368ccc51559cdc6d84~mv2.jpeg/IMG_6210.jpeg#originWidth=1170&originHeight=1432","/artist/ryan","/artists/","40b80843-4ca8-4750-8141-24514ddf9e16",2026-02-25T02:35:09Z,2026-03-03T23:29:30Z,"648eff38-1300-4400-b20a-ee65209af597"
"Carrie Arnold","Arnold","carrie@snarkety.com","[""Drawing""]","9373817820 ","{""documentStyle"":{},""nodes"":[{""id"":""foo"",""nodes"":[{""id"":"""",""nodes"":[],""textData"":{""decorations"":[{""fontWeightValue"":700,""type"":""BOLD""}],""text"":""Bio: ""},""type"":""TEXT""},{""id"":"""",""nodes"":[],""textData"":{""decorations"":[{""fontWeightValue"":700,""type"":""BOLD""},{""colorData"":{""background"":""rgb(255, 255, 255)"",""foreground"":""rgb(34, 34, 34)""},""type"":""COLOR""}],""text"":""Carrie Arnold is an illustrator based out of Ohio. Her work focuses on societal flash points and political uprisings, with a goal of educating and encouraging activism.  ""},""type"":""TEXT""}],""paragraphData"":{""indentation"":0,""textStyle"":{""textAlignment"":""AUTO""}},""type"":""PARAGRAPH""}]}","Artist Statement: I believe it is the duty of every artist to reflect the times in which they live. My greatest goal in life is for my work to be used as primary source documentation by future generations.  ","https://www.facebook.com/carriearnold13/","https://www.instagram.com/snarkety/","https://www.snarkety.com/",,"[{""description"":"""",""fileName"":""IMG_5090.jpeg"",""slug"":""2ef1e7_ce0e73ecc477465cb99feb946e4d1777~mv2.jpeg"",""alt"":"""",""src"":""wix:image://v1/2ef1e7_ce0e73ecc477465cb99feb946e4d1777~mv2.jpeg/IMG_5090.jpeg#originWidth=1125&originHeight=1447"",""title"":""IMG_5090.jpeg"",""type"":""image"",""settings"":{""focalPoint"":[0.5,0.5],""height"":1447,""width"":1125}}]","Radicalization","18x24""","Pencil, ink, ink wash  ","wix:image://v1/2ef1e7_8b7eda2a8c1e4c8da51088323c22d4a1~mv2.jpeg/IMG_7800.jpeg#originWidth=1125&originHeight=1115","/artist/carrie-arnold","/artists/","444e95ce-ccc0-459b-8959-b6df7f0af0bd",2026-05-15T14:35:56Z,2026-06-14T12:45:46Z,"37a00a83-8de6-4c78-aaec-4ad3b7010549"
"Denee Jones","Jones","denej@live.com","[""Drawing"",""Painting"",""Photography""]",,"{""documentStyle"":{},""nodes"":[{""id"":""xs9gn291"",""nodes"":[{""id"":"""",""nodes"":[],""textData"":{""decorations"":[{""fontWeightValue"":700,""type"":""BOLD""}],""text"":""Bio: ""},""type"":""TEXT""},{""id"":"""",""nodes"":[],""textData"":{""decorations"":[{""fontWeightValue"":700,""type"":""BOLD""},{""colorData"":{""background"":""rgb(255, 255, 255)"",""foreground"":""rgb(34, 34, 34)""},""type"":""COLOR""}],""text"":""Deneé is a software engineer and UX designer who brings her lifelong passion for painting to every digital interface she builds. With a Master’s in Art & Technology and a B.S. in Interactive Media Design, she seamlessly blends fine-art sensibilities with user-centered development to craft interfaces that are not only beautiful but deeply accessible.""},""type"":""TEXT""}],""paragraphData"":{},""type"":""PARAGRAPH""},{""id"":""m8u8a293"",""nodes"":[],""paragraphData"":{""textStyle"":{""textAlignment"":""AUTO""}},""type"":""PARAGRAPH""},{""id"":""87z1c294"",""nodes"":[],""paragraphData"":{""textStyle"":{""textAlignment"":""AUTO""}},""type"":""PARAGRAPH""},{""id"":""5giu6295"",""nodes"":[{""id"":"""",""nodes"":[],""textData"":{""decorations"":[{""fontWeightValue"":700,""type"":""BOLD""},{""colorData"":{""background"":""rgb(255, 255, 255)"",""foreground"":""rgb(34, 34, 34)""},""type"":""COLOR""}],""text"":""A dedicated artist, Deneé’s workspace is as likely to feature an easel and palette as it is a laptop. She draws on her skills in illustration, motion graphics, and 3D design to inform wireframes and prototypes, ensuring each interaction is intuitive and inclusive. Whether she’s sketching user personas, refining color contrast for legibility, or building voice-enabled features in an Agile environment, Deneé champions accessibility — making technology welcoming for all.""},""type"":""TEXT""}],""paragraphData"":{},""type"":""PARAGRAPH""},{""id"":""4fwdx297"",""nodes"":[],""paragraphData"":{""textStyle"":{""textAlignment"":""AUTO""}},""type"":""PARAGRAPH""},{""id"":""95l6i298"",""nodes"":[],""paragraphData"":{""textStyle"":{""textAlignment"":""AUTO""}},""type"":""PARAGRAPH""},{""id"":""z968i299"",""nodes"":[{""id"":"""",""nodes"":[],""textData"":{""decorations"":[{""fontWeightValue"":700,""type"":""BOLD""},{""colorData"":{""background"":""rgb(255, 255, 255)"",""foreground"":""rgb(34, 34, 34)""},""type"":""COLOR""}],""text"":""When she steps away from the screen, Deneé finds inspiration in her garden, her latest acrylic study, or the pages of a good novel. This blend of artistic curiosity and technical rigor drives her mission: to elevate everyday experiences through thoughtful design and code.  ""},""type"":""TEXT""}],""paragraphData"":{},""type"":""PARAGRAPH""}]}","Artist Statement: I am Deneé, a visual artist whose work blends vibrant color, pattern, and a deep commitment to cultural experience. Each canvas is built like an inviting interface—carefully balanced, intuitively composed, and open to all viewers. Drawing inspiration from the natural rhythms of nature, culture, and overall life and the careful layering of colors, I seek to create experiences that feel both expressive and welcoming. Through subtle geometric motifs and rich textures, my art invites you to pause, explore, and connect.  ",,"https://www.instagram.com/dnicole.atelier","https://www.dnicoleatelier.com/",,"[{""description"":"""",""fileName"":""IMG_8481.jpeg"",""slug"":""f2fee5_82e3b5b8d41d412a9ca03e720fe1ecd8~mv2.jpeg"",""alt"":"""",""src"":""wix:image://v1/f2fee5_82e3b5b8d41d412a9ca03e720fe1ecd8~mv2.jpeg/IMG_8481.jpeg#originWidth=3787&originHeight=3790"",""title"":""IMG_8481.jpeg"",""type"":""image"",""settings"":{""focalPoint"":[0.5,0.5],""height"":3790,""width"":3787}}]","Banana Puddin'","40 in x 40 in","Oil Paint","wix:image://v1/f2fee5_5f403f441fe64550a7dae57e8c26fee4~mv2.jpeg/IMG_1237.jpeg#originWidth=1668&originHeight=2182","/artist/denee-jones","/artists/","4471166d-8825-445b-80d6-375d6332bcce",2026-04-13T15:36:29Z,2026-06-14T12:48:05Z,"37a00a83-8de6-4c78-aaec-4ad3b7010549"
"Pat McClelland","McClelland","studiomcc@woh.rr.com","[""Drawing"",""Painting"",""Printmaking""]","937 902 1585","{""nodes"":[{""type"":""PARAGRAPH"",""id"":""foo"",""nodes"":[{""type"":""TEXT"",""id"":"""",""nodes"":[],""textData"":{""text"":""Bio: C. Pat McClelland was born in Dayton, Ohio in 1952. Graduated from Wright State University in 1989, BFA with concentrations in painting and printmaking. Received a MFA from The University of Cincinnati in 1992 with a concentration in printmaking. Retired in 2020 from the position of Gallery Coordinator/Collections Curator at Sinclair Community College."",""decorations"":[]}}],""paragraphData"":{""textStyle"":{""textAlignment"":""AUTO""},""indentation"":0}},{""type"":""PARAGRAPH"",""id"":""uu5yf5444"",""nodes"":[],""paragraphData"":{""textStyle"":{""textAlignment"":""AUTO""},""indentation"":0}},{""type"":""PARAGRAPH"",""id"":""gub2n115"",""nodes"":[{""type"":""TEXT"",""id"":"""",""nodes"":[],""textData"":{""text"":""Has taught drawing, painting or printmaking at The University of Cincinnati, Wright State University, Antioch College, Central State University, The Dayton Art Institute, Rosewood Arts Center, and Sinclair Community College."",""decorations"":[]}}],""paragraphData"":{""textStyle"":{""textAlignment"":""AUTO""}}},{""type"":""PARAGRAPH"",""id"":""12dyx117"",""nodes"":[{""type"":""TEXT"",""id"":"""",""nodes"":[],""textData"":{""text"":""In 2011 was presented Wright State University, Department of Art and Art History, outstanding alum award."",""decorations"":[]}}],""paragraphData"":{""textStyle"":{""textAlignment"":""AUTO""}}},{""type"":""PARAGRAPH"",""id"":""ew3z35451"",""nodes"":[],""paragraphData"":{""textStyle"":{""textAlignment"":""AUTO""}}},{""type"":""PARAGRAPH"",""id"":""z4ge7119"",""nodes"":[{""type"":""TEXT"",""id"":"""",""nodes"":[],""textData"":{""text"":""An active, exhibiting artist with work in many public and private collections including The University of Cincinnati, Sinclair Community College, Indiana University East, Children’s Medical Center - Dayton, and The Montgomery County Office of Management and Budget."",""decorations"":[]}}],""paragraphData"":{""textStyle"":{""textAlignment"":""AUTO""}}}],""documentStyle"":{}}","Artist Statement: Many people think of mathematics and fine art as being polar opposites: formulaic calculation verses creative intuition. When a friend recently asked me a question about art, I think I created more confusion than clarity when I replied that, ultimately, it was about math: wave lengths of light, Fibonacci number sequences, ratios, etc… Art can be understood by its mathematical properties. Fortunately for those of us who do not think in numbers, appreciation does not require understanding.

Life is complex. In an effort to respond to its infinite complexities, many people formulate simplicity by analyzing it in base-2 terms: good/bad, yes/no, male/female, us/them, yin/yang…

My recent work, though complex upon completion, is actually derived from the exploration of a multitude of base-2 relationships: warm/cool, order/chaos, shape/line, reading/looking, formal/narrative, illusionistic space/acknowledgement of surface… As the work develops these concepts merge, overlap, compete, and synthesize into a dynamic visual amalgamation that presents as complexity, but is essentially the result of simple, direct dialogue between prescribed elements. The most challenging aspect of this process for me, the artist, is to manage these conversations and be willing to sacrifice early developments of the composition in favor of newer strata of alteration as the painting progresses. Loss and discovery yield completion.",,,,,"[{""description"":"""",""slug"":""648eff_2b108cc2e37f4934b7514deb395eabe5~mv2.jpg"",""alt"":"""",""src"":""wix:image://v1/648eff_2b108cc2e37f4934b7514deb395eabe5~mv2.jpg/Decending%2520A%2520One%2520Day%2520Apron.JPG.jpg#originWidth=2817&originHeight=3403"",""title"":""Decending A One Day Apron.JPG.jpg"",""type"":""image"",""settings"":{""width"":2817,""height"":3403,""focalPoint"":[0.5,0.5]}}]","Decending A One Day Apron","55 x 44","acrylic on canvas","wix:image://v1/648eff_f48c8469f9214abd9c27864ea5743387~mv2.jpg/Pat.JPG.jpg#originWidth=2084&originHeight=1829","/artist/pat-mcclelland","/artists/","44ebf012-acd8-4f06-8268-29f41b641a5e",2024-04-02T14:04:13Z,2026-03-03T23:31:14Z,"648eff38-1300-4400-b20a-ee65209af597"
"Barbara Mandell","Mandell","barbmandell18@gmail.com","[""Drawing"",""Painting"",""Jewelry"",""Poetry"",""Fabric Arts"",""Photography"",""Flower Arrangement""]","513 226 8040","{""nodes"":[{""type"":""PARAGRAPH"",""id"":""foo"",""nodes"":[{""type"":""TEXT"",""id"":"""",""nodes"":[],""textData"":{""text"":""Bio: "",""decorations"":[]}},{""type"":""TEXT"",""id"":"""",""nodes"":[],""textData"":{""text"":""Barb Mandell has been creating art for over 47 years. Exhibitions in Ohio galleries, hotels, college and in private venues to raise capital campaign funds for non-profit charitable organizations."",""decorations"":[{""type"":""COLOR"",""colorData"":{""background"":""rgb(255, 255, 255)"",""foreground"":""rgb(80, 0, 80)""}}]}}],""paragraphData"":{""textStyle"":{""textAlignment"":""AUTO""},""indentation"":0}}],""documentStyle"":{}}","Artist Statement: Barbara Mandell creates original designs by hand utilizing various mediums.

My interest in Impressionism, abstract, architectural lines, geometric shapes and balance of color strongly influences my work.  The art is designed to be colorful, imaginative, and a fun addition to your art collection for your home, business or industry.

A percentage of all my art sales go to Multiple Sclerosis and Breast Cancer Research.",,,,,"[{""description"":"""",""slug"":""648eff_a9d9f60500c74a898085741943fdb11f~mv2.jpg"",""alt"":"""",""src"":""wix:image://v1/648eff_a9d9f60500c74a898085741943fdb11f~mv2.jpg/IMG_0348.jpg#originWidth=3264&originHeight=2448"",""title"":""IMG_0348.jpg"",""type"":""image"",""settings"":{""width"":3264,""height"":2448,""focalPoint"":[0.5,0.5]}}]",,,,"wix:image://v1/648eff_410fd58eefc740138bd10fa411f37403~mv2.jpeg/image8.JPEG#originWidth=960&originHeight=1280","/artist/barbara-mandell","/artists/","46dda33d-acd4-4645-acba-43cbc22c6d7a",2024-05-01T13:00:13Z,2026-03-03T23:31:32Z,"648eff38-1300-4400-b20a-ee65209af597"
"Lindsey Tribelhorn","Tribelhorn","lindseytribelhorn@gmail.com","[""Drawing"",""Fabric Arts"",""Painting"",""Printmaking"",""Sculpture""]","9376898915","{""nodes"":[{""type"":""PARAGRAPH"",""id"":""foo"",""nodes"":[{""type"":""TEXT"",""id"":"""",""nodes"":[],""textData"":{""text"":""Bio: I am a mostly self taught artist who has lived and worked in the Dayton area most of my life. I have shown work in galleries around Ohio, Indiana, Denver and Chicago. I have been chosen on multiple occasions to create murals for festivals all over the Midwest. I specialize in acrylic painting but also dabble in sculpture work, fiber arts, and digital art."",""decorations"":[]}}],""paragraphData"":{""textStyle"":{""textAlignment"":""AUTO""},""indentation"":0}}],""documentStyle"":{}}","Artist Statement: My creative endeavor revolves around the exploration of sensory perception and the boundaries of reality. Through my art, I strive to evoke a state of hallucination without the use of drugs, inviting viewers to embark on a journey of visual transcendence. By employing various mediums and techniques, I aim to challenge conventional notions of perception and awaken a heightened sense of awareness within the observer. Each piece serves as a portal to an alternate reality, where the mind is free to roam and imagination knows no bounds.","https://www.facebook.com/technocolorart","https://www.instagram.com/technocolorart","https://www.technocolorart.com",,"[{""description"":"""",""slug"":""648eff_4a0a78b426544a739f8ce29d36b721a0~mv2.jpeg"",""alt"":"""",""src"":""wix:image://v1/648eff_4a0a78b426544a739f8ce29d36b721a0~mv2.jpeg/IMG_2205.jpeg#originWidth=2891&originHeight=2889"",""title"":""IMG_2205.jpeg"",""type"":""image"",""settings"":{""width"":2891,""height"":2889,""focalPoint"":[0.5,0.5]}}]","Groovy","24”x24”","Acrylic","wix:image://v1/648eff_3b65ce680a4c43158d20a9704a3ae734~mv2.jpeg/9ABDE73B-B0E7-42AB-ACF6-464073A4CAB1.jpeg#originWidth=750&originHeight=1333","/artist/lindsey-tribelhorn","/artists/","4992043c-8f5e-49c2-8eb7-953d06d15bd3",2024-04-25T14:37:59Z,2026-03-03T23:28:46Z,"648eff38-1300-4400-b20a-ee65209af597"
"Jason Goad","Goad","goad.jason@gmail.com","[""Drawing"",""Painting""]","937-231-8187","{""documentStyle"":{},""nodes"":[{""id"":""foo"",""nodes"":[{""id"":"""",""nodes"":[],""textData"":{""decorations"":[],""text"":""Bio: ""},""type"":""TEXT""},{""id"":"""",""nodes"":[],""textData"":{""decorations"":[{""colorData"":{""background"":""rgb(255, 255, 255)"",""foreground"":""rgb(71, 71, 71)""},""type"":""COLOR""}],""text"":""Jason Goad is a graduate of the Columbus College of Art and Design and has been a freelance illustrator for over 25 years. Throughout his journey as an artist he has done everything from gigposter and music merch design to creating graphics for Hot Wheels, motorcycle helmets, and guitar pedals. As a fine artist, Jason also creates paintings in a variety of styles ranging from portraiture to abstract using watercolors and acrylics.""},""type"":""TEXT""}],""paragraphData"":{""indentation"":0,""textStyle"":{""textAlignment"":""AUTO""}},""type"":""PARAGRAPH""}]}","Artist Statement: My work represents a wide array of my interests.  Sometimes I use the comic books, movies, toys, and video games that shaped my childhood as inspiration. Sometimes it’s portraiture, including public figures as well as friends and family. And sometimes, I just feel like letting go and work instinctually through automatic drawing and abstract painting techniques.  I remain curious about new ways to get my ideas across and am always open to learning new techniques","https://www.facebook.com/ingoadwetrust/","https://www.instagram.com/ingoadwetrust","https://www.ingoadwetrust.com/",,"[{""description"":"""",""fileName"":""IMG_6290.jpeg"",""slug"":""ecf950_f09001076f9d4c4e8b689db0093c8b25~mv2.jpeg"",""alt"":"""",""src"":""wix:image://v1/ecf950_f09001076f9d4c4e8b689db0093c8b25~mv2.jpeg/IMG_6290.jpeg#originWidth=1803&originHeight=2195"",""title"":""IMG_6290.jpeg"",""type"":""image"",""settings"":{""focalPoint"":[0.5,0.5],""height"":2195,""width"":1803}}]","Batgirl","9"" x12""","Dr. Martins Concentrated Watercolors and color pencil","wix:image://v1/ef7b27_020717795904417eac65e8c7ce995c44~mv2.png/Screenshot%202026-04-16%20at%205.24.00%E2%80%AFPM.png#originWidth=366&originHeight=374","/artist/jason-goad","/artists/","4d7f5cc6-896f-4f70-b222-2c76085eb21f",2026-04-14T01:04:48Z,2026-06-14T12:47:05Z,"37a00a83-8de6-4c78-aaec-4ad3b7010549"
"Roxanne Grooms","Grooms","roxannegrooms@yahoo.com","[""Mixed Media""]","6198841951","{""nodes"":[{""type"":""PARAGRAPH"",""id"":""foo"",""nodes"":[{""type"":""TEXT"",""id"":"""",""nodes"":[],""textData"":{""text"":""Bio: Artistically driven, after high school I took a job in the military as an illustrator, illustrating training handbooks of maps, uniforms, ranks and insignias for US Army troops in the field. I used my GI Bill and started my education at Wright State University then transferred to the Minneapolis College of Art and Design, where I also did a work/study program at the Minneapolis Art Institute. I finished my fine arts degree with a concentration in drawing and painting from the University of Minnesota. I studied and learned from faculty members, Herman Somberg (from the “Cedar Bar - Franz Kline” days) as well as Victor Caglioti, Tom Rose, Tom Lane, Jody Williams, George Creamer and Andrew Leicester, to name a few. Simultaneously, I pursued Corporate America in the graphic arts realm. That experience enhanced a professional discipline and commitment to my fine art."",""decorations"":[]}}],""paragraphData"":{""textStyle"":{""textAlignment"":""AUTO""},""indentation"":0}},{""type"":""PARAGRAPH"",""id"":""89t1a1593"",""nodes"":[],""paragraphData"":{""textStyle"":{""textAlignment"":""AUTO""},""indentation"":0}},{""type"":""PARAGRAPH"",""id"":""uxjy0106"",""nodes"":[{""type"":""TEXT"",""id"":"""",""nodes"":[],""textData"":{""text"":""I just recently relocated to Dayton 2 years ago after 25 years in San Diego. Suffice to say, Dayton has a great art scene and I’m proud to be a part of it."",""decorations"":[]}}],""paragraphData"":{""textStyle"":{""textAlignment"":""AUTO""}}}],""documentStyle"":{}}","Artist Statement: The duality of the circle, the perfect shape, boasts a soft and gentle yet strong and dynamic role In my art. It becomes a character amongst rich earthly hues, nurturing stitches or twisted threads which anchor it to the story while inviting you to use your imagination and play along.","https://www.facebook.com/profile.php?id=61557096015436&mibextid=LQQJ4d","https://www.instagram.com/roxannegrooms?igsh=MWRhbnBnZ2E4ZnpmMQ%3D%3D&utm_source=qr","https://roxannegrooms.squarespace.com/",,"[{""description"":"""",""slug"":""648eff_f9c130e99d9946359df4a871f62c2902~mv2.jpeg"",""alt"":"""",""src"":""wix:image://v1/648eff_f9c130e99d9946359df4a871f62c2902~mv2.jpeg/IMG_2815.jpeg#originWidth=2400&originHeight=3143"",""title"":""IMG_2815.jpeg"",""type"":""image"",""settings"":{""width"":2400,""height"":3143,""focalPoint"":[0.5,0.5]}},{""description"":"""",""slug"":""648eff_b7a9d61342b545c0843f3e57eb172abd~mv2.jpg"",""alt"":"""",""src"":""wix:image://v1/648eff_b7a9d61342b545c0843f3e57eb172abd~mv2.jpg/IMG_2817.jpg#originWidth=2467&originHeight=3164"",""title"":""IMG_2817.jpg"",""type"":""image"",""settings"":{""width"":2467,""height"":3164,""focalPoint"":[0.5,0.5]}},{""description"":"""",""slug"":""648eff_d06d8c4abb1343ceaed89a6eab795cc1~mv2.jpeg"",""alt"":"""",""src"":""wix:image://v1/648eff_d06d8c4abb1343ceaed89a6eab795cc1~mv2.jpeg/IMG_4085.jpeg#originWidth=1702&originHeight=1732"",""title"":""IMG_4085.jpeg"",""type"":""image"",""settings"":{""width"":1702,""height"":1732,""focalPoint"":[0.5,0.5]}},{""description"":"""",""slug"":""648eff_b87d28f024f64549a43d79993b10359a~mv2.jpg"",""alt"":"""",""src"":""wix:image://v1/648eff_b87d28f024f64549a43d79993b10359a~mv2.jpg/IMG_2832.jpg#originWidth=2476&originHeight=3206"",""title"":""IMG_2832.jpg"",""type"":""image"",""settings"":{""width"":2476,""height"":3206,""focalPoint"":[0.5,0.5]}},{""description"":"""",""slug"":""648eff_ffd54ca6b2514896a16559a8f7b14b04~mv2.jpeg"",""alt"":"""",""src"":""wix:image://v1/648eff_ffd54ca6b2514896a16559a8f7b14b04~mv2.jpeg/IMG_4082.jpeg#originWidth=2025&originHeight=1989"",""title"":""IMG_4082.jpeg"",""type"":""image"",""settings"":{""width"":2025,""height"":1989,""focalPoint"":[0.5,0.5]}},{""description"":"""",""slug"":""648eff_c3bfa98910634094befc5e7a371ecfe6~mv2.jpeg"",""alt"":"""",""src"":""wix:image://v1/648eff_c3bfa98910634094befc5e7a371ecfe6~mv2.jpeg/IMG_4089.jpeg#originWidth=1739&originHeight=1770"",""title"":""IMG_4089.jpeg"",""type"":""image"",""settings"":{""width"":1739,""height"":1770,""focalPoint"":[0.5,0.5]}},{""description"":"""",""slug"":""648eff_ca44ef18dea34902af641345012950af~mv2.jpg"",""alt"":"""",""src"":""wix:image://v1/648eff_ca44ef18dea34902af641345012950af~mv2.jpg/IMG_2826.jpg#originWidth=2597&originHeight=3382"",""title"":""IMG_2826.jpg"",""type"":""image"",""settings"":{""width"":2597,""height"":3382,""focalPoint"":[0.5,0.5]}},{""description"":"""",""slug"":""648eff_1f9241b0f16a4bceaf2d8139c2c9851c~mv2.jpeg"",""alt"":"""",""src"":""wix:image://v1/648eff_1f9241b0f16a4bceaf2d8139c2c9851c~mv2.jpeg/IMG_4087.jpeg#originWidth=1741&originHeight=1753"",""title"":""IMG_4087.jpeg"",""type"":""image"",""settings"":{""width"":1741,""height"":1753,""focalPoint"":[0.5,0.5]}},{""description"":"""",""slug"":""648eff_8cad3cf68fef4422a3c68cf99907f7af~mv2.jpg"",""alt"":"""",""src"":""wix:image://v1/648eff_8cad3cf68fef4422a3c68cf99907f7af~mv2.jpg/IMG_2827.jpg#originWidth=2514&originHeight=3313"",""title"":""IMG_2827.jpg"",""type"":""image"",""settings"":{""width"":2514,""height"":3313,""focalPoint"":[0.5,0.5]}},{""description"":"""",""slug"":""648eff_58186de082464e1c9af5902960c3cced~mv2.jpeg"",""alt"":"""",""src"":""wix:image://v1/648eff_58186de082464e1c9af5902960c3cced~mv2.jpeg/IMG_4091.jpeg#originWidth=1848&originHeight=1871"",""title"":""IMG_4091.jpeg"",""type"":""image"",""settings"":{""width"":1848,""height"":1871,""focalPoint"":[0.5,0.5]}},{""description"":"""",""slug"":""648eff_2ec1f5fb4eec427c876b0d9dc914e0ff~mv2.jpeg"",""alt"":"""",""src"":""wix:image://v1/648eff_2ec1f5fb4eec427c876b0d9dc914e0ff~mv2.jpeg/IMG_4095.jpeg#originWidth=2192&originHeight=2145"",""title"":""IMG_4095.jpeg"",""type"":""image"",""settings"":{""width"":2192,""height"":2145,""focalPoint"":[0.5,0.5]}},{""description"":"""",""slug"":""648eff_f4685d2bc7ec442e89ac7acd637a02a2~mv2.jpeg"",""alt"":"""",""src"":""wix:image://v1/648eff_f4685d2bc7ec442e89ac7acd637a02a2~mv2.jpeg/IMG_4093.jpeg#originWidth=1897&originHeight=1859"",""title"":""IMG_4093.jpeg"",""type"":""image"",""settings"":{""width"":1897,""height"":1859,""focalPoint"":[0.5,0.5]}},{""description"":"""",""slug"":""648eff_44172bf823a642ccb6348d7267146132~mv2.jpeg"",""alt"":"""",""src"":""wix:image://v1/648eff_44172bf823a642ccb6348d7267146132~mv2.jpeg/IMG_4099.jpeg#originWidth=2047&originHeight=2043"",""title"":""IMG_4099.jpeg"",""type"":""image"",""settings"":{""width"":2047,""height"":2043,""focalPoint"":[0.5,0.5]}},{""description"":"""",""slug"":""648eff_f3da8514ba7a42c7b72e7c91b37b510d~mv2.jpeg"",""alt"":"""",""src"":""wix:image://v1/648eff_f3da8514ba7a42c7b72e7c91b37b510d~mv2.jpeg/IMG_4124.jpeg#originWidth=1395&originHeight=1920"",""title"":""IMG_4124.jpeg"",""type"":""image"",""settings"":{""width"":1395,""height"":1920,""focalPoint"":[0.5,0.5]}},{""description"":"""",""slug"":""648eff_8e9de359a30e4c019b3994cfdb30d0f8~mv2.jpeg"",""alt"":"""",""src"":""wix:image://v1/648eff_8e9de359a30e4c019b3994cfdb30d0f8~mv2.jpeg/IMG_4108.jpeg#originWidth=2416&originHeight=2411"",""title"":""IMG_4108.jpeg"",""type"":""image"",""settings"":{""width"":2416,""height"":2411,""focalPoint"":[0.5,0.5]}},{""description"":"""",""slug"":""648eff_2c7fa0955db6444da366da3257569cd5~mv2.jpeg"",""alt"":"""",""src"":""wix:image://v1/648eff_2c7fa0955db6444da366da3257569cd5~mv2.jpeg/IMG_4102.jpeg#originWidth=2235&originHeight=2259"",""title"":""IMG_4102.jpeg"",""type"":""image"",""settings"":{""width"":2235,""height"":2259,""focalPoint"":[0.5,0.5]}},{""description"":"""",""slug"":""648eff_4a25a31040634d15bc15f2cf0c581e74~mv2.jpeg"",""alt"":"""",""src"":""wix:image://v1/648eff_4a25a31040634d15bc15f2cf0c581e74~mv2.jpeg/IMG_4104.jpeg#originWidth=2167&originHeight=2185"",""title"":""IMG_4104.jpeg"",""type"":""image"",""settings"":{""width"":2167,""height"":2185,""focalPoint"":[0.5,0.5]}},{""description"":"""",""slug"":""648eff_3e124fab91254c18abcf5bec6572a9ad~mv2.jpeg"",""alt"":"""",""src"":""wix:image://v1/648eff_3e124fab91254c18abcf5bec6572a9ad~mv2.jpeg/IMG_4106.jpeg#originWidth=2520&originHeight=2565"",""title"":""IMG_4106.jpeg"",""type"":""image"",""settings"":{""width"":2520,""height"":2565,""focalPoint"":[0.5,0.5]}},{""description"":"""",""slug"":""648eff_8218210996414975bc9f39d95df77a68~mv2.jpeg"",""alt"":"""",""src"":""wix:image://v1/648eff_8218210996414975bc9f39d95df77a68~mv2.jpeg/IMG_4109.jpeg#originWidth=2259&originHeight=2304"",""title"":""IMG_4109.jpeg"",""type"":""image"",""settings"":{""width"":2259,""height"":2304,""focalPoint"":[0.5,0.5]}},{""description"":"""",""slug"":""648eff_e934a7e784d44859af1a50fbd38e8674~mv2.jpeg"",""alt"":"""",""src"":""wix:image://v1/648eff_e934a7e784d44859af1a50fbd38e8674~mv2.jpeg/IMG_4112.jpeg#originWidth=2170&originHeight=2222"",""title"":""IMG_4112.jpeg"",""type"":""image"",""settings"":{""width"":2170,""height"":2222,""focalPoint"":[0.5,0.5]}},{""description"":"""",""slug"":""648eff_ccfc9c42310542608f0d8c8bea356633~mv2.jpeg"",""alt"":"""",""src"":""wix:image://v1/648eff_ccfc9c42310542608f0d8c8bea356633~mv2.jpeg/IMG_4114.jpeg#originWidth=2318&originHeight=2354"",""title"":""IMG_4114.jpeg"",""type"":""image"",""settings"":{""width"":2318,""height"":2354,""focalPoint"":[0.5,0.5]}},{""description"":"""",""slug"":""648eff_0a689c5889da432aa27a5b0f16a3eec0~mv2.jpeg"",""alt"":"""",""src"":""wix:image://v1/648eff_0a689c5889da432aa27a5b0f16a3eec0~mv2.jpeg/IMG_4117.jpeg#originWidth=2398&originHeight=2448"",""title"":""IMG_4117.jpeg"",""type"":""image"",""settings"":{""width"":2398,""height"":2448,""focalPoint"":[0.5,0.5]}},{""description"":"""",""slug"":""648eff_365fbe099ec04f7db2a1117b6482b0df~mv2.jpeg"",""alt"":"""",""src"":""wix:image://v1/648eff_365fbe099ec04f7db2a1117b6482b0df~mv2.jpeg/IMG_4123.jpeg#originWidth=2119&originHeight=2885"",""title"":""IMG_4123.jpeg"",""type"":""image"",""settings"":{""width"":2119,""height"":2885,""focalPoint"":[0.5,0.5]}},{""description"":"""",""slug"":""648eff_7e98a726bc4646fb9a73117c0d49a5e8~mv2.jpeg"",""alt"":"""",""src"":""wix:image://v1/648eff_7e98a726bc4646fb9a73117c0d49a5e8~mv2.jpeg/IMG_4121.jpeg#originWidth=2191&originHeight=2974"",""title"":""IMG_4121.jpeg"",""type"":""image"",""settings"":{""width"":2191,""height"":2974,""focalPoint"":[0.5,0.5]}},{""description"":"""",""slug"":""648eff_ebdffc0bd9e74e76ad98a52d5565bf83~mv2.jpg"",""alt"":"""",""src"":""wix:image://v1/648eff_ebdffc0bd9e74e76ad98a52d5565bf83~mv2.jpg/unnamed.jpg#originWidth=1870&originHeight=2546"",""title"":""unnamed.jpg"",""type"":""image"",""settings"":{""width"":1870,""height"":2546,""focalPoint"":[0.5,0.5]}},{""description"":"""",""slug"":""648eff_192ee46f0f5d42cba1b4b660b92e18bc~mv2.jpg"",""alt"":"""",""src"":""wix:image://v1/648eff_192ee46f0f5d42cba1b4b660b92e18bc~mv2.jpg/unnamed%2520(1).jpg#originWidth=1810&originHeight=2416"",""title"":""unnamed (1).jpg"",""type"":""image"",""settings"":{""width"":1810,""height"":2416,""focalPoint"":[0.5,0.5]}}]","The Dream","18x14x1 inches","Mixed Media on Wood Panel","wix:image://v1/648eff_7b0eb3c0b48640b58041e4289562f464~mv2.jpeg/05E4A075-B73C-4711-A515-AB96CB6A6379.jpeg#originWidth=640&originHeight=744","/artist/roxanne-grooms","/artists/","4ebe9be2-8b49-4ef3-8c63-84844e69c0c6",2024-03-30T19:49:33Z,2026-03-03T23:32:45Z,"648eff38-1300-4400-b20a-ee65209af597"
"Dan Sproul","Sproul","sproulphoto@gmail.com","[""Photography""]","5677123661","{""documentStyle"":{},""nodes"":[{""id"":""g3ftw262"",""nodes"":[{""id"":"""",""nodes"":[],""textData"":{""decorations"":[{""fontWeightValue"":700,""type"":""BOLD""},{""colorData"":{""background"":""rgb(255, 255, 255)"",""foreground"":""rgb(34, 34, 34)""},""type"":""COLOR""}],""text"":""Dan Sproul is an Ohio-based landscape photographer and mixed media artist whose work explores atmosphere, light, and a sense of place. Drawing inspiration from the forests, coastlines, mountains, and waterways of North America, he creates imagery that invites viewers to slow down and reconnect with the natural world.""},""type"":""TEXT""}],""paragraphData"":{},""type"":""PARAGRAPH""},{""id"":""k0qv0264"",""nodes"":[],""paragraphData"":{""textStyle"":{""textAlignment"":""AUTO""}},""type"":""PARAGRAPH""},{""id"":""llh3b265"",""nodes"":[],""paragraphData"":{""textStyle"":{""textAlignment"":""AUTO""}},""type"":""PARAGRAPH""},{""id"":""vuvru266"",""nodes"":[{""id"":"""",""nodes"":[],""textData"":{""decorations"":[{""fontWeightValue"":700,""type"":""BOLD""},{""colorData"":{""background"":""rgb(255, 255, 255)"",""foreground"":""rgb(34, 34, 34)""},""type"":""COLOR""}],""text"":""His work ranges from traditional fine art photography to contemporary mixed media pieces and has been collected by private collectors and featured in homes and interior spaces across the United States. Through his artwork, Sproul seeks to create environments that evoke calm, reflection, and a deeper appreciation for nature.""},""type"":""TEXT""}],""paragraphData"":{},""type"":""PARAGRAPH""},{""id"":""mm5f1268"",""nodes"":[],""paragraphData"":{""textStyle"":{""textAlignment"":""AUTO""}},""type"":""PARAGRAPH""},{""id"":""xaie9269"",""nodes"":[],""paragraphData"":{""textStyle"":{""textAlignment"":""AUTO""}},""type"":""PARAGRAPH""},{""id"":""18txv270"",""nodes"":[{""id"":"""",""nodes"":[],""textData"":{""decorations"":[{""fontWeightValue"":700,""type"":""BOLD""},{""colorData"":{""background"":""rgb(255, 255, 255)"",""foreground"":""rgb(34, 34, 34)""},""type"":""COLOR""}],""text"":""Based in Lima, Ohio, he continues to photograph and create new work while building collections that bridge fine art, interior design, and restorative environmental imagery.  ""},""type"":""TEXT""}],""paragraphData"":{},""type"":""PARAGRAPH""}]}","I am drawn to places that evoke a feeling rather than simply document a location. Whether photographing a quiet forest, a rugged coastline, or a misty mountain landscape, my goal is to create artwork that captures atmosphere, memory, and a sense of connection to the natural world.

Much of my work focuses on the restorative qualities of nature and the way imagery can influence how we experience a space. I believe artwork has the ability to slow us down, create moments of reflection, and bring a sense of calm into our daily environments.

My practice combines fine art photography and mixed media approaches to create pieces that are both visually engaging and emotionally resonant. The resulting collections are intended not only to be viewed, but to contribute to the feeling of a room—whether in a home, workplace, hospitality setting, or healthcare environment.

Ultimately, my work is an invitation to pause, breathe, and experience the quiet beauty that exists in the landscapes around us.  ",,,"https://dsproul.com/",,"[{""description"":"""",""fileName"":""alaska autumn landscape.jpg"",""slug"":""878100_87e9dc217ba9456d851c9d9e42b7feb1~mv2.jpg"",""alt"":"""",""src"":""wix:image://v1/878100_87e9dc217ba9456d851c9d9e42b7feb1~mv2.jpg/alaska%2520autumn%2520landscape.jpg#originWidth=6720&originHeight=3485"",""title"":""alaska autumn landscape.jpg"",""type"":""image"",""settings"":{""focalPoint"":[0.5,0.5],""height"":3485,""width"":6720}}]","Alaska Range In Autumn Landscape",,"Photography","wix:image://v1/878100_86b36889df444117ab95d906ea057b27~mv2.jpg/me1.jpg#originWidth=603&originHeight=603","/artist/dan-sproul","/artists/","4f89dd1d-93cc-4d5e-981f-321f153e5968",2026-07-01T14:58:07Z,2026-07-01T14:58:07Z,"37a00a83-8de6-4c78-aaec-4ad3b7010549"
"Jake Schneider","Schneider","aschneider6@live.com","[""Photography""]","(937) 564-9094","{""documentStyle"":{},""nodes"":[{""id"":""qxlbb285"",""nodes"":[{""id"":"""",""nodes"":[],""textData"":{""decorations"":[{""fontWeightValue"":700,""type"":""BOLD""}],""text"":""Bio: ""},""type"":""TEXT""},{""id"":"""",""nodes"":[],""textData"":{""decorations"":[{""fontWeightValue"":700,""type"":""BOLD""},{""colorData"":{""background"":""rgb(255, 255, 255)"",""foreground"":""rgb(34, 34, 34)""},""type"":""COLOR""}],""text"":""Jake Schneider (b.1999) is an American photographer from the Dayton, Ohio area. His work ranges from street photography to photojournalism. He is inspired by photographers such as Jim Marshall, Mary Ellen Mark, Joel Meyerowitz, and Eugene Smith. ""},""type"":""TEXT""}],""paragraphData"":{},""type"":""PARAGRAPH""},{""id"":""v3dyw287"",""nodes"":[],""paragraphData"":{""textStyle"":{""textAlignment"":""AUTO""}},""type"":""PARAGRAPH""},{""id"":""cntak288"",""nodes"":[],""paragraphData"":{""textStyle"":{""textAlignment"":""AUTO""}},""type"":""PARAGRAPH""},{""id"":""ud30v289"",""nodes"":[{""id"":"""",""nodes"":[],""textData"":{""decorations"":[{""fontWeightValue"":700,""type"":""BOLD""},{""colorData"":{""background"":""rgb(255, 255, 255)"",""foreground"":""rgb(34, 34, 34)""},""type"":""COLOR""}],""text"":""His current projects are Doors at 8, Music at 9 a longform documentation of Dayton vast music scene. Showcasing Dayton's supportive music scene. His other is Swing Your Partner documents tradition and community surrounding Greenville's square dance club.""},""type"":""TEXT""}],""paragraphData"":{},""type"":""PARAGRAPH""},{""id"":""5udes291"",""nodes"":[],""paragraphData"":{""textStyle"":{""textAlignment"":""AUTO""}},""type"":""PARAGRAPH""},{""id"":""d4a8l292"",""nodes"":[],""paragraphData"":{""textStyle"":{""textAlignment"":""AUTO""}},""type"":""PARAGRAPH""},{""id"":""acpx1293"",""nodes"":[{""id"":"""",""nodes"":[],""textData"":{""decorations"":[{""fontWeightValue"":700,""type"":""BOLD""},{""colorData"":{""background"":""rgb(255, 255, 255)"",""foreground"":""rgb(34, 34, 34)""},""type"":""COLOR""}],""text"":""He current works with the Darke County Parks as their event photographer, Bummer Brews Music Publication in Columbus as a photojournalist, Joyzine in London, UK, as a photojournalist, and with ZUMA Press as a photojournalist. He has contributed works to Dayton Daily News, Joyzine, Bummer Brews, and Columbus Dispatch.  ""},""type"":""TEXT""}],""paragraphData"":{},""type"":""PARAGRAPH""}]}","Artist Statement: I use film photography to document the unscripted, fleeting realities of the human experience. My work spans across different genres such as photojournalism, street, documentary, and concert. Working exclusively with analog formats forces intention, relying on patience and intuition to capture a scene. Based in Dayton, my photographs serve as a visual record of life as it happens.  ","https://www.facebook.com/p/Jake-Schneider-Photography-61563766810776/","https://www.instagram.com/jakesphoto_/","https://sites.google.com/view/jake-schneider-/about",,"[{""description"":"""",""fileName"":""NK-1-1.jpg"",""slug"":""ec495d_5c25a1f935804979954c9ac09d8f056b~mv2.jpg"",""alt"":"""",""src"":""wix:image://v1/ec495d_5c25a1f935804979954c9ac09d8f056b~mv2.jpg/NK-1-1.jpg#originWidth=5976&originHeight=3984"",""title"":""NK-1-1.jpg"",""type"":""image"",""settings"":{""focalPoint"":[0.5,0.5],""height"":3984,""width"":5976}}]","""No Kings"" Dayton Ohio 2026","11 x 14","Chromogenic print  ","wix:image://v1/ec495d_df9ebbbcd22242888d9d1b5ea81f6a7e~mv2.jpg/unnamed.jpg#originWidth=1280&originHeight=1280","/artist/jake-schneider","/artists/","56465aa3-ceff-4cbc-ab76-d8730c8b2af3",2026-06-01T14:53:34Z,2026-06-14T12:48:35Z,"37a00a83-8de6-4c78-aaec-4ad3b7010549"
"Jed Helmers","Helmers","jedhelmers@gmail.com","[""Painting""]",,"{""nodes"":[{""type"":""PARAGRAPH"",""id"":""foo"",""nodes"":[{""type"":""TEXT"",""id"":"""",""nodes"":[],""textData"":{""text"":""Bio: Jed Helmers was born and raised in Dayton, Ohio."",""decorations"":[]}}],""paragraphData"":{""textStyle"":{""textAlignment"":""AUTO""},""indentation"":0}}],""documentStyle"":{}}","Artist Statement: Artist Statement: I focus on illustrative technique. No deeper meanings, just execution.",,"https://www.instagram.com/jedwardthegreat/",,,"[{""description"":"""",""fileName"":""LogLady.png"",""slug"":""ef7b27_186b5a83f43e45ceba5cf936d331bad5~mv2.png"",""alt"":"""",""src"":""wix:image://v1/ef7b27_186b5a83f43e45ceba5cf936d331bad5~mv2.png/LogLady.png#originWidth=1234&originHeight=1546"",""title"":""LogLady.png"",""type"":""image"",""settings"":{""width"":1234,""height"":1546,""focalPoint"":[0.5,0.5]}}]","Log Lady","24"" x 36""","Acrylic + Pencil","wix:image://v1/ef7b27_8cc5632fba364af2a34449860a387e9b~mv2.png/JedHelmers.png#originWidth=1544&originHeight=1544","/artist/jed-helmers","/artists/","570f36b2-1ca0-4f72-8d72-6d208e10a0db",2026-03-03T13:34:21Z,2026-03-03T23:32:25Z,"ef7b2701-85ef-456d-b993-59de09c80fa9"
"Jan Heaton","Heaton","jan@janheaton.com","[""Drawing"",""Painting""]","5127913617","{""nodes"":[{""type"":""PARAGRAPH"",""id"":""foo"",""nodes"":[{""type"":""TEXT"",""id"":"""",""nodes"":[],""textData"":{""text"":""Bio: "",""decorations"":[]}},{""type"":""TEXT"",""id"":"""",""nodes"":[],""textData"":{""text"":""Jan Heaton's art quietly unravels a story that creates an emotional connection with the viewer and reminds us of a feeling, place, or time. A quest for the natural beauty that surrounds us, her paintings are inspired by the structure, color, and patterns in nature. Working in watercolor, her organic forms integrate with the texture of the heavy cotton paper. The marks, pigment selections, and translucent layers are precise, thoughtful, and carefully planned."",""decorations"":[{""type"":""COLOR"",""colorData"":{""background"":""rgb(255, 255, 255)"",""foreground"":""rgb(71, 71, 71)""}}]}}],""paragraphData"":{""textStyle"":{""textAlignment"":""AUTO""},""indentation"":0}},{""type"":""PARAGRAPH"",""id"":""xe6vl110"",""nodes"":[],""paragraphData"":{""textStyle"":{""textAlignment"":""AUTO""},""indentation"":0}},{""type"":""PARAGRAPH"",""id"":""1hwpj112"",""nodes"":[{""type"":""TEXT"",""id"":"""",""nodes"":[],""textData"":{""text"":""Jan’s observations on how color influences our well-being are translated into a visual escape. A reverent personal journey created by thousands of stories, life experiences, and what brings her peace, inform Jan’s desire to offer a new perspective on familiar forms. She opens a window to the beauty she finds in her world and offers it up for the interpretation of the viewer in her works."",""decorations"":[{""type"":""COLOR"",""colorData"":{""background"":""rgb(255, 255, 255)"",""foreground"":""rgb(71, 71, 71)""}}]}}],""paragraphData"":{""textStyle"":{""textAlignment"":""AUTO""},""indentation"":0}},{""type"":""PARAGRAPH"",""id"":""e6u4y122"",""nodes"":[],""paragraphData"":{""textStyle"":{""textAlignment"":""AUTO""},""indentation"":0}},{""type"":""PARAGRAPH"",""id"":""8eo3v125"",""nodes"":[{""type"":""TEXT"",""id"":"""",""nodes"":[],""textData"":{""text"":""Born in Detroit, Jan Heaton is a third-generation artist. Her artwork is represented by Sharon Weiss Gallery in Columbus, and galleries in Austin, San Antonio, Seattle, Boston, and San Francisco. She teaches workshops at Anderson Ranch Arts Center, Rosewood Arts Center, Oklahoma Fine Arts Institute, Peninsula School of Art, and the Contemporary Austin Art School. "",""decorations"":[{""type"":""COLOR"",""colorData"":{""foreground"":""rgb(0, 0, 0)""}}]}}],""paragraphData"":{""textStyle"":{""textAlignment"":""AUTO""},""indentation"":0}},{""type"":""PARAGRAPH"",""id"":""i4kl4140"",""nodes"":[],""paragraphData"":{""textStyle"":{""textAlignment"":""AUTO""},""indentation"":0}},{""type"":""PARAGRAPH"",""id"":""8gq2t144"",""nodes"":[{""type"":""TEXT"",""id"":"""",""nodes"":[],""textData"":{""text"":""Selected Collections:"",""decorations"":[{""type"":""COLOR"",""colorData"":{""background"":""rgb(255, 255, 255)"",""foreground"":""rgb(71, 71, 71)""}}]}}],""paragraphData"":{""textStyle"":{""textAlignment"":""AUTO""},""indentation"":0}},{""type"":""PARAGRAPH"",""id"":""9rjw2168"",""nodes"":[],""paragraphData"":{""textStyle"":{""textAlignment"":""AUTO""},""indentation"":0}},{""type"":""PARAGRAPH"",""id"":""3qdme174"",""nodes"":[{""type"":""TEXT"",""id"":"""",""nodes"":[],""textData"":{""text"":""University of Virginia Medical Center, Charlottesville, Virginia  "",""decorations"":[{""type"":""COLOR"",""colorData"":{""background"":""rgb(255, 255, 255)"",""foreground"":""rgb(71, 71, 71)""}}]}}],""paragraphData"":{""textStyle"":{""textAlignment"":""AUTO""},""indentation"":0}},{""type"":""PARAGRAPH"",""id"":""6et8s181"",""nodes"":[{""type"":""TEXT"",""id"":"""",""nodes"":[],""textData"":{""text"":""University Hospital, San Antonio, Texas  "",""decorations"":[{""type"":""COLOR"",""colorData"":{""background"":""rgb(255, 255, 255)"",""foreground"":""rgb(71, 71, 71)""}}]}}],""paragraphData"":{""textStyle"":{""textAlignment"":""AUTO""},""indentation"":0}},{""type"":""PARAGRAPH"",""id"":""3o4fx189"",""nodes"":[{""type"":""TEXT"",""id"":"""",""nodes"":[],""textData"":{""text"":""Dell Children’s Medical Center, Austin, Texas "",""decorations"":[{""type"":""COLOR"",""colorData"":{""background"":""rgb(255, 255, 255)"",""foreground"":""rgb(71, 71, 71)""}}]}}],""paragraphData"":{""textStyle"":{""textAlignment"":""AUTO""},""indentation"":0}},{""type"":""PARAGRAPH"",""id"":""5p1iy198"",""nodes"":[{""type"":""TEXT"",""id"":"""",""nodes"":[],""textData"":{""text"":""Dell Children’s Rosedale School Clinic, Austin, Texas  "",""decorations"":[{""type"":""COLOR"",""colorData"":{""background"":""rgb(255, 255, 255)"",""foreground"":""rgb(71, 71, 71)""}}]}}],""paragraphData"":{""textStyle"":{""textAlignment"":""AUTO""},""indentation"":0}},{""type"":""PARAGRAPH"",""id"":""28qpk208"",""nodes"":[{""type"":""TEXT"",""id"":"""",""nodes"":[],""textData"":{""text"":""University of Texas Nursing School, Round Rock  "",""decorations"":[{""type"":""COLOR"",""colorData"":{""background"":""rgb(255, 255, 255)"",""foreground"":""rgb(71, 71, 71)""}}]}}],""paragraphData"":{""textStyle"":{""textAlignment"":""AUTO""},""indentation"":0}},{""type"":""PARAGRAPH"",""id"":""8kd7p219"",""nodes"":[{""type"":""TEXT"",""id"":"""",""nodes"":[],""textData"":{""text"":""Hiatus Spa + Retreat: Austin, Dallas, Houston, San Antonio, Ft. Worth, Plano "",""decorations"":[{""type"":""COLOR"",""colorData"":{""background"":""rgb(255, 255, 255)"",""foreground"":""rgb(71, 71, 71)""}}]}}],""paragraphData"":{""textStyle"":{""textAlignment"":""AUTO""},""indentation"":0}},{""type"":""PARAGRAPH"",""id"":""8fzok231"",""nodes"":[{""type"":""TEXT"",""id"":"""",""nodes"":[],""textData"":{""text"":""Texas Oncology, Austin, Texas  "",""decorations"":[{""type"":""COLOR"",""colorData"":{""background"":""rgb(255, 255, 255)"",""foreground"":""rgb(71, 71, 71)""}}]}}],""paragraphData"":{""textStyle"":{""textAlignment"":""AUTO""},""indentation"":0}},{""type"":""PARAGRAPH"",""id"":""czgpo244"",""nodes"":[{""type"":""TEXT"",""id"":"""",""nodes"":[],""textData"":{""text"":""University of Colorado Health Center, Denver, Colorado "",""decorations"":[{""type"":""COLOR"",""colorData"":{""background"":""rgb(255, 255, 255)"",""foreground"":""rgb(71, 71, 71)""}}]}}],""paragraphData"":{""textStyle"":{""textAlignment"":""AUTO""},""indentation"":0}},{""type"":""PARAGRAPH"",""id"":""74ak3258"",""nodes"":[{""type"":""TEXT"",""id"":"""",""nodes"":[],""textData"":{""text"":""Elizabeth Arden Red Door Spa, Atlantic City, Atlanta  "",""decorations"":[{""type"":""COLOR"",""colorData"":{""background"":""rgb(255, 255, 255)"",""foreground"":""rgb(71, 71, 71)""}}]}}],""paragraphData"":{""textStyle"":{""textAlignment"":""AUTO""},""indentation"":0}},{""type"":""PARAGRAPH"",""id"":""z6y5k273"",""nodes"":[{""type"":""TEXT"",""id"":"""",""nodes"":[],""textData"":{""text"":""Stephen F. Austin Hotel, Austin, Texas  "",""decorations"":[{""type"":""COLOR"",""colorData"":{""background"":""rgb(255, 255, 255)"",""foreground"":""rgb(71, 71, 71)""}}]}}],""paragraphData"":{""textStyle"":{""textAlignment"":""AUTO""},""indentation"":0}},{""type"":""PARAGRAPH"",""id"":""8osc6289"",""nodes"":[{""type"":""TEXT"",""id"":"""",""nodes"":[],""textData"":{""text"":""Ritz Carlton Hotels: Atlanta, Dallas, Boston, Chicago, Laguna Niguel, St. Louis, Kuwait, Shenzhen, China, and more  "",""decorations"":[{""type"":""COLOR"",""colorData"":{""background"":""rgb(255, 255, 255)"",""foreground"":""rgb(71, 71, 71)""}}]}}],""paragraphData"":{""textStyle"":{""textAlignment"":""AUTO""},""indentation"":0}},{""type"":""PARAGRAPH"",""id"":""nkk0b306"",""nodes"":[{""type"":""TEXT"",""id"":"""",""nodes"":[],""textData"":{""text"":""Four Seasons Hotels: Marrakesh, Austin, Boston, Dallas, Denver, and more "",""decorations"":[{""type"":""COLOR"",""colorData"":{""background"":""rgb(255, 255, 255)"",""foreground"":""rgb(71, 71, 71)""}}]}}],""paragraphData"":{""textStyle"":{""textAlignment"":""AUTO""},""indentation"":0}},{""type"":""PARAGRAPH"",""id"":""vq7c5324"",""nodes"":[{""type"":""TEXT"",""id"":"""",""nodes"":[],""textData"":{""text"":""Bellagio Hotel, Las Vegas, Nevada "",""decorations"":[{""type"":""COLOR"",""colorData"":{""background"":""rgb(255, 255, 255)"",""foreground"":""rgb(71, 71, 71)""}}]}}],""paragraphData"":{""textStyle"":{""textAlignment"":""AUTO""},""indentation"":0}},{""type"":""PARAGRAPH"",""id"":""kuoal343"",""nodes"":[{""type"":""TEXT"",""id"":"""",""nodes"":[],""textData"":{""text"":""Wynn Hotel, Las Vegas, Nevada "",""decorations"":[{""type"":""COLOR"",""colorData"":{""background"":""rgb(255, 255, 255)"",""foreground"":""rgb(71, 71, 71)""}}]}}],""paragraphData"":{""textStyle"":{""textAlignment"":""AUTO""},""indentation"":0}},{""type"":""PARAGRAPH"",""id"":""079ua363"",""nodes"":[{""type"":""TEXT"",""id"":"""",""nodes"":[],""textData"":{""text"":""OH Restaurant, Chicago, Illinois  Cato’s Restaurant, Noosa Head, Australia  "",""decorations"":[{""type"":""COLOR"",""colorData"":{""background"":""rgb(255, 255, 255)"",""foreground"":""rgb(71, 71, 71)""}}]}}],""paragraphData"":{""textStyle"":{""textAlignment"":""AUTO""},""indentation"":0}},{""type"":""PARAGRAPH"",""id"":""3hcaj384"",""nodes"":[{""type"":""TEXT"",""id"":"""",""nodes"":[],""textData"":{""text"":""Wachovia Bank, Houston, Texas"",""decorations"":[{""type"":""COLOR"",""colorData"":{""background"":""rgb(255, 255, 255)"",""foreground"":""rgb(71, 71, 71)""}}]}}],""paragraphData"":{""textStyle"":{""textAlignment"":""AUTO""},""indentation"":0}}],""documentStyle"":{}}","Artist Statement: What makes a work successful, for me, is rhythm.  I love the marks on the paper to move, dance, and unravel a journey. I always start with an idea, small color studies, and sketches. The color palette I work with is guided by the subject matter, sometimes the weather and even the mood I am in. I never start a painting with the same colors. I am always mixing colors, and rarely use a color straight from the tube. I prefer transparent watercolors, as opposed to opaque, as my work has many layers.

My paintings are personal observations of color, movement, relationships and forms in nature. I prefer the watercolor medium, as I love paper, and the tactile manner in which the pigment integrates with the paper. Painting on cold pressed 100% cotton paper I patiently build translucent, veiled layers of color, allowing the forms and values to evolve in a detailed and orchestrated manner. I normally work in a series, which permits the wet color to dry thoroughly between layers. The images are not restricted by the paper’s edges. Every random mark is there because it needs to be there. The reputed “happy mistakes” (that watercolor legend reports often occur in this medium) are planned and controlled.
The circular orbs in my current work are simple, bold, direct, sensual, playful and often mysterious. The sphere recalls harmony, rhythm, movement, patterns, and boundless symbolic metaphors. In my work the circle exists independently and in groups, referencing water patterns on a shore, or a rising moon, rounded fruits, or the shape of a flower. The circle reminds me of family and friends, who are very important to my creative process. The times spent in a circle, talking, eating, dancing, playing, telling stories and solving the problems of everyday life. The memories of this connection to the circle are important to me.
My intention is not to impose a specific message to the viewer. I often hesitate to title my paintings for fear that they will be translated only according to my vision and close a door to the viewer’s interpretations. I hope my paintings will allow the viewer to observe a familiar object in a new way. 

""The body is made up of thousands of stories. You hold the pen every moment of every day and night. One small stroke of a yes can alter the book. An ongoing reminder that every chapter is yours"". - Victoria Erickson","https://www.facebook.com/janheatonstudio","https://www.instagram.com/janheatonwatercolor/","https://www.janheaton.com/",,"[{""description"":"""",""slug"":""648eff_99532bfab6b14eeea2838b4fa40cf49a~mv2.jpeg"",""alt"":"""",""src"":""wix:image://v1/648eff_99532bfab6b14eeea2838b4fa40cf49a~mv2.jpeg/_.jpeg#originWidth=640&originHeight=426"",""title"":"""",""type"":""image"",""settings"":{""width"":640,""height"":426,""focalPoint"":[0.5,0.5]}}]","Floribunda","60 x 40""","Watercolor on Arches 1114# cold press paper","wix:image://v1/648eff_47b5cace93194a649fb736df8d0841c7~mv2.jpeg/242961%20-%20Dahlia%201%20-%2022.5%20x%2022.5%20.jpeg#originWidth=640&originHeight=639","/artist/jan-heaton","/artists/","59625626-b412-4376-964d-69c6da0ea25d",2025-03-04T22:57:02Z,2026-03-07T19:22:31Z,"648eff38-1300-4400-b20a-ee65209af597"
"David Humphrey","Humphrey","dhump4@gmail.com","[""Drawing"",""Painting""]","3477542583","{""documentStyle"":{},""nodes"":[{""id"":""zrs27271"",""nodes"":[{""id"":"""",""nodes"":[],""textData"":{""decorations"":[{""fontWeightValue"":700,""type"":""BOLD""}],""text"":""Bio: ""},""type"":""TEXT""},{""id"":"""",""nodes"":[],""textData"":{""decorations"":[{""fontWeightValue"":700,""type"":""BOLD""},{""colorData"":{""background"":""rgb(255, 255, 255)"",""foreground"":""rgb(34, 34, 34)""},""type"":""COLOR""}],""text"":""Barbadian born artist. Educated at Parsons new school and Lehman College New York. I’ve been creating art since 1985. I’m a former owner of an art gallery in the city of new Rochelle New York. My work was represented by several art exhibitions.""},""type"":""TEXT""}],""paragraphData"":{},""type"":""PARAGRAPH""},{""id"":""0sf6i273"",""nodes"":[],""paragraphData"":{""textStyle"":{""textAlignment"":""AUTO""}},""type"":""PARAGRAPH""},{""id"":""1ti4b274"",""nodes"":[{""id"":"""",""nodes"":[],""textData"":{""decorations"":[{""fontWeightValue"":700,""type"":""BOLD""},{""colorData"":{""background"":""rgb(255, 255, 255)"",""foreground"":""rgb(34, 34, 34)""},""type"":""COLOR""}],""text"":""My work was exhibited at the affordable art fair, Janet’s center New York, blue door gallery Yonkers New York , gallery roc new Rochelle New York, gallery 18 Riverdale New York and MODHArts Gallery of contemporary realism, New Rochelle New York.  ""},""type"":""TEXT""}],""paragraphData"":{},""type"":""PARAGRAPH""}]}","Artist Statement: My reason for doing art is to bring beauty and an appreciation for fine arts to the community.  ","https://facebook.com/davidhumphreyart","https://instagram.com/dhump4","https://davidhumphreyart.com/",,"[{""description"":"""",""fileName"":""IMG_6591.jpeg"",""slug"":""f8df13_79350ab45e1d4c7f8c8406a5bf9ea46c~mv2.jpeg"",""alt"":"""",""src"":""wix:image://v1/f8df13_79350ab45e1d4c7f8c8406a5bf9ea46c~mv2.jpeg/IMG_6591.jpeg#originWidth=2538&originHeight=3141"",""title"":""IMG_6591.jpeg"",""type"":""image"",""settings"":{""focalPoint"":[0.5,0.5],""height"":3141,""width"":2538}}]","Melancholy","18 x 24","Oil on canvas","wix:image://v1/f8df13_83aaf8739cc04cccbe1441bbf16cafb1~mv2.jpeg/IMG_2568.jpeg#originWidth=691&originHeight=929","/artist/david-humphrey","/artists/","5f33b633-c774-4216-8ad4-03e2f66efccd",2026-05-30T14:09:33Z,2026-06-14T12:47:46Z,"37a00a83-8de6-4c78-aaec-4ad3b7010549"
"Brian Mathus","Mathus","mathus.brian@gmail.com","[""Drawing"",""Painting""]","5033499078","{""nodes"":[{""type"":""PARAGRAPH"",""id"":""foo"",""nodes"":[{""type"":""TEXT"",""id"":"""",""nodes"":[],""textData"":{""text"":""Bio: "",""decorations"":[]}},{""type"":""TEXT"",""id"":"""",""nodes"":[],""textData"":{""text"":""Brian is a Dayton-based artist with a lifelong passion for visual expression. His artistic journey began in childhood, inspired by his mother’s drawings and fueled by early experiences at the Charles H. Taylor Arts Center and a formative period in Portland, OR, included studies at C.E. Mason and the Pacific NW College of Art, where he embraced a vibrant Fauvist approach. "",""decorations"":[{""type"":""COLOR"",""colorData"":{""background"":""rgb(255, 255, 255)"",""foreground"":""rgb(71, 71, 71)""}}]}}],""paragraphData"":{""textStyle"":{""textAlignment"":""AUTO""},""indentation"":0}},{""type"":""PARAGRAPH"",""id"":""763e5441"",""nodes"":[],""paragraphData"":{""textStyle"":{""textAlignment"":""AUTO""},""indentation"":0}},{""type"":""PARAGRAPH"",""id"":""zj8a2444"",""nodes"":[{""type"":""TEXT"",""id"":"""",""nodes"":[],""textData"":{""text"":""As a founding member of Rake Art Gallery, Brian’s work garnered recognition, including a visit to China. While family and a decade of service in the Air National Guard took precedence, his creative spirit remained strong. He earned a graphic design degree, further developing his eye for composition and order. Today, his Dayton studio is a hub of artistic exploration, where he focuses on figurative painting and brings a unique perspective to his work."",""decorations"":[{""type"":""COLOR"",""colorData"":{""background"":""rgb(255, 255, 255)"",""foreground"":""rgb(71, 71, 71)""}}]}}],""paragraphData"":{""textStyle"":{""textAlignment"":""AUTO""},""indentation"":0}}],""documentStyle"":{}}","Artist Statement:  In the past when I drew my face I drew the nose too big. A societal imposed prejudice had distorted how I saw. Determined, I sat down and painstakingly measured my nose on my face and drew it with emotional clarity. I rooted out a racist trope. Which distorted how I saw myself and others. Along the way, I removed more distorting imposed prejudice in my vision that was shifting how I saw.  Over time removing one idea or another, I realized I could see trees like poetry I could see people without distortion, and I could see meaning in the shapes of things. I could see the world with emotional clarity and that’s what I paint.

	I paint on canvas, wood, and paper. I use graphite and Conte crayon to draw interwoven relationships between objects, environments, and people. Using acrylic and oil paint, I create an atmosphere that shapes meaning with composition and color. I imbue my marks with my emotion then I step back and look at the construction of it to create the composition. I use the layers of paint to create depth and history. I scratch into it to reveal layers. I’ve integrated fauvism, cubism, abstract expressionism, and African art into my unique language of marks. I paint the work until I feel ecstatic at the sight of it. 

	Our minds navigate the world by creating images of it. I actively remove the distorted images and move towards emotionally clear ones. I use thin layers of paint to let the light in, which acts like a metaphor. It builds layer by layer until it reaches the ecstatic and the sublime. Shifting the images in my mind on canvas changes the world and it is as plain as the nose on my face.

There is an energy that lives inside us that is vital for vibrating strings and movement. These colors vibrate as if to vibrate into the picture or of the canvas. There is a whole in the perception that we have of each other that can never truly be filled except with presence. We carry the energy of our past and our nature and contain it in multiple ways. The stripes represent that kind of energy and where it is directed.  It’s a representation of how we filter ourselves our natural energy and the tension that surfaces because of that containment. And its interaction between systems of people.","https://www.facebook.com/mathus.brian","https://www.instagram.com/brian_mathus_artist/","https://elementalstudiodayton.com/sub-page-fine-art-biran",,"[{""description"":"""",""slug"":""648eff_06ba7b7ff3e6431b87d0755312706637~mv2.jpeg"",""alt"":"""",""src"":""wix:image://v1/648eff_06ba7b7ff3e6431b87d0755312706637~mv2.jpeg/_.jpeg#originWidth=3435&originHeight=2592"",""title"":"""",""type"":""image"",""settings"":{""width"":3435,""height"":2592,""focalPoint"":[0.5,0.5]}}]","Evening",,"Acrylic and Oil on Wood","wix:image://v1/648eff_bc2ff1b8a8854e0987543076591b61fa~mv2.jpeg/IMG_3767.jpeg#originWidth=2320&originHeight=3088","/artist/brian-mathus","/artists/","60e3e125-3ccc-45a8-8b1c-b49964230369",2024-10-29T23:42:29Z,2026-03-12T21:45:54Z,"648eff38-1300-4400-b20a-ee65209af597"
"Mikee Huber","Huber","mikee.arts@gmail.com","[""Painting""]","9374752709","{""nodes"":[{""type"":""PARAGRAPH"",""id"":""foo"",""nodes"":[{""type"":""TEXT"",""id"":"""",""nodes"":[],""textData"":{""text"":""Bio: "",""decorations"":[]}},{""type"":""TEXT"",""id"":"""",""nodes"":[],""textData"":{""text"":""Mikee Huber is a painter based in Dayton, Ohio, working through a process-driven approach that balances intuition, structure, and sustained attention. Her work moves fluidly between abstraction, gesture, geometry, and stylized landscape, evolving through layering, revision, and response to place."",""decorations"":[{""type"":""COLOR"",""colorData"":{""foreground"":""rgb(0, 0, 0)""}}]}}],""paragraphData"":{""textStyle"":{""textAlignment"":""AUTO""},""indentation"":0}},{""paragraphData"":{""textStyle"":{""textAlignment"":""AUTO""}},""style"":{},""id"":""kyj6h235"",""nodes"":[],""type"":""PARAGRAPH""},{""type"":""PARAGRAPH"",""id"":""668ud236"",""nodes"":[{""type"":""TEXT"",""id"":"""",""nodes"":[],""textData"":{""text"":""Influenced by the natural and built environments, memory, and music — particularly disco, funk, and 1990s hip hop — her paintings explore rhythm, movement, and visual tension. She is interested in how patterns emerge, dissolve, and re-form over time, and how color and form can hold both energy and stillness within a single surface."",""decorations"":[{""type"":""COLOR"",""colorData"":{""foreground"":""rgb(0, 0, 0)""}}]}}],""paragraphData"":{}},{""paragraphData"":{""textStyle"":{""textAlignment"":""AUTO""}},""style"":{},""id"":""ixfw3239"",""nodes"":[],""type"":""PARAGRAPH""},{""type"":""PARAGRAPH"",""id"":""mz6nh240"",""nodes"":[{""type"":""TEXT"",""id"":"""",""nodes"":[],""textData"":{""text"":""With formal training in fine art, commercial art, and photography, her practice blends technical skill with experimentation. Whether working from direct observation, reference, or memory, she allows each painting to develop slowly, guided by curiosity and careful decision-making.  She regularly works in series, with each body of work serving as a sustained exploration of a distinct theme or idea."",""decorations"":[{""type"":""COLOR"",""colorData"":{""foreground"":""rgb(0, 0, 0)""}}]}}],""paragraphData"":{}}],""documentStyle"":{}}","Artist Statement: In my Connections series, I explore the intricate bonds that tie individuals and communities together. Through vibrant color fields and intersecting lines, viewers are invited on a journey of discovery, witnessing the beauty of human connection unfold.

Each line in my paintings represents a unique individual, and as they converge, they form a cohesive whole — a metaphor for the strength found in unity. Inspired by the rich diversity of urban life, I celebrate the blending of cultures and traditions that enrich our communities.

My art serves as a reminder of the transformative power of connection. By embracing diversity and fostering meaningful relationships, we can build stronger, more inclusive communities where every individual is valued and respected.","https://www.facebook.com/Mikee.Huber.Artist","https://www.instagram.com/mikee.huber.artist/","https://mikeehuber.square.site/",,"[{""src"":""wix:image://v1/648eff_20537050be27417ea7767943c6ed314b~mv2.jpg/Urban%20Mosaic_2024.jpg#originWidth=1769&originHeight=2210"",""type"":""image"",""title"":""Urban Mosaic_2024.jpg"",""slug"":""648eff_20537050be27417ea7767943c6ed314bmv2.jpg""}]","Urban Mosaic","30""h x 24""w x 1.5""d","acrylic","wix:image://v1/648eff_65bf1d36ae7b43abb56461babce0347d~mv2.jpg/Mikee_Huber_20181216_39-Edit.jpg#originWidth=4000&originHeight=6000","/artist/mikee-huber","/artists/","625d3418-8d8e-4b22-9b31-642e582ac2d6",2024-03-08T19:24:27Z,2026-03-09T01:47:58Z,"648eff38-1300-4400-b20a-ee65209af597"
"Pam Geisel","Geisel","PamGeiselArtQuilts@gmail.com","[""Fabric Arts""]","937-767-8013","{""nodes"":[{""type"":""PARAGRAPH"",""id"":""foo"",""nodes"":[{""type"":""TEXT"",""id"":"""",""nodes"":[],""textData"":{""text"":""Bio: Pam Geisel's background is in graphic design, which is why her art quilts have a strong graphic quality. She was raised in suburbs outside of Dayton, Ohio, and currently lives in Yellow Springs, Ohio."",""decorations"":[]}}],""paragraphData"":{""textStyle"":{""textAlignment"":""AUTO""},""indentation"":0}}],""documentStyle"":{}}","Artist Statement: I enjoy making both traditional pieced abstract quilts and also representational landscape quilts. With traditional quilts I enjoy the secondary patterns that start to emerge when the blocks are joined together and also how a design will look different if the colors or layout is changed. Lately I've been playing with using words and typography in my quilts and exploring creating socio-political art to help the public better understand particular social or political issues.","https://Facebook.com/PamGeiselArtQuilts","https://Instagram.com/PamGeiselArtQuilts","https://PamGeiselArtQuilts.com",,"[{""description"":"""",""slug"":""648eff_25ff9928043c483791ebdcdc00255b50~mv2.jpg"",""alt"":"""",""src"":""wix:image://v1/648eff_25ff9928043c483791ebdcdc00255b50~mv2.jpg/LavenderDiamonds_F_sq_IG.jpg#originWidth=1200&originHeight=1200"",""title"":""LavenderDiamonds_F_sq_IG.jpg"",""type"":""image"",""settings"":{""width"":1200,""height"":1200,""focalPoint"":[0.5,0.5]}}]","Lavender Diamonds","68"" x 68""","Quilted Fiber","wix:image://v1/648eff_5502d63a59a043b9961ecd189005a29c~mv2.jpg/PamGeisel_ByBillFranz.jpg#originWidth=1000&originHeight=1000","/artist/pam-geisel","/artists/","637bafff-9c42-4ee5-ba8a-8c8c5d88c682",2024-03-17T12:15:17Z,2026-03-03T23:33:00Z,"648eff38-1300-4400-b20a-ee65209af597"
"Eva Lewis","Lewis","Evielewis03@gmail.com","[""Drawing"",""Painting""]","9377894204","{""nodes"":[{""type"":""PARAGRAPH"",""id"":""foo"",""nodes"":[{""type"":""TEXT"",""id"":"""",""nodes"":[],""textData"":{""text"":""Bio: "",""decorations"":[]}},{""type"":""TEXT"",""id"":"""",""nodes"":[],""textData"":{""text"":""Eva Lewis is a painter currently residing in her home town of Dayton, Ohio. She attended Wright State University for her BFA in painting with a minor in Art History, graduating in 2017. She did a summer residency at Mount Gretna School of Art, participated as a fellow at the Dayton Art Institute, and began teaching art in Catholic Schools. In 2020 Lewis began graduate school at Boston University, formed many friendships, new understandings of life and paintings, and graduated in 2022 alongside her first solo show with the Laisun Keane Gallery. Moving back to Ohio, she began teaching again. Currently Lewis is teaching at Archbishop Alter High School, and at a local arts center, Rosewood Arts Center. She continues painting at her home studio, inspired by the Midwestern landscape, friendship, and the color red."",""decorations"":[{""type"":""COLOR"",""colorData"":{""background"":""rgb(255, 255, 255)"",""foreground"":""rgb(71, 71, 71)""}}]}}],""paragraphData"":{""textStyle"":{""textAlignment"":""AUTO""},""indentation"":0}}],""documentStyle"":{}}","Artist Statement: My work focuses on my own experiences manipulated with color and composition. Taking a close look at moments with friends, animals, and nature. Cropping in on details part of a bigger story, asking for the viewer to understand their own narrative through subject and light.","https://www.facebook.com/evalewisart","https://www.instagram.com/evalewisart","https://www.evalewisart.com/",,"[{""description"":"""",""fileName"":""EvaLewis_Leghorn.png"",""slug"":""ef7b27_c724be47184f4d4ab9a760fd7a158f71~mv2.png"",""alt"":"""",""src"":""wix:image://v1/ef7b27_c724be47184f4d4ab9a760fd7a158f71~mv2.png/EvaLewis_Leghorn.png#originWidth=1224&originHeight=1552"",""title"":""EvaLewis_Leghorn.png"",""type"":""image"",""settings"":{""width"":1224,""height"":1552,""focalPoint"":[0.5,0.5]}}]","Leghorn","18"" x 24""","Oil on canvas","wix:image://v1/ef7b27_f6b9205ff7894d468396b4c0871edaee~mv2.png/EvaLewis.png#originWidth=1236&originHeight=1546","/artist/eva","/artists/","69cd4695-6bb6-48d5-beb9-ae2cf36f4e91",2026-03-03T13:17:46Z,2026-03-03T23:31:38Z,"ef7b2701-85ef-456d-b993-59de09c80fa9"
"Lee Maxwell","Maxwell","leemaxwell1981@gmail.com","[""Mosaic"",""Photography"",""Sculpture"",""Other""]",,"{""nodes"":[{""type"":""PARAGRAPH"",""id"":""foo"",""nodes"":[{""type"":""TEXT"",""id"":"""",""nodes"":[],""textData"":{""text"":""Bio: "",""decorations"":[]}},{""type"":""TEXT"",""id"":"""",""nodes"":[],""textData"":{""text"":""Aspiring artist"",""decorations"":[{""type"":""COLOR"",""colorData"":{""background"":""rgb(255, 255, 255)"",""foreground"":""rgb(71, 71, 71)""}}]}}],""paragraphData"":{""textStyle"":{""textAlignment"":""AUTO""},""indentation"":0}}],""documentStyle"":{}}","Artist Statement: Let's get Started",,,,,"[{""description"":"""",""fileName"":""IMG_20251211_142711_1.jpg"",""slug"":""648eff_d993653bedca4f1ebd6d39773de77c08~mv2.jpg"",""alt"":"""",""src"":""wix:image://v1/648eff_d993653bedca4f1ebd6d39773de77c08~mv2.jpg/IMG_20251211_142711_1.jpg#originWidth=2448&originHeight=3264"",""title"":""IMG_20251211_142711_1.jpg"",""type"":""image"",""settings"":{""width"":2448,""height"":3264,""focalPoint"":[0.5,0.5]}}]","Vision","S","Board","wix:image://v1/648eff_d993653bedca4f1ebd6d39773de77c08~mv2.jpg/IMG_20251211_142711_1.jpg#originWidth=2448&originHeight=3264","/artist/lee-maxwell","/artists/","6b26e7e6-82aa-4c79-bb0f-a32b8d06da4b",2025-12-16T15:05:37Z,2026-03-03T23:31:25Z,"648eff38-1300-4400-b20a-ee65209af597"
"Erin Smith Glenn","Glenn","esmith1@centralstate.edu","[""Drawing"",""Fabric Arts"",""Painting"",""Mixed Media""]","9378566456","{""nodes"":[{""type"":""PARAGRAPH"",""id"":""foo"",""nodes"":[{""type"":""TEXT"",""id"":"""",""nodes"":[],""textData"":{""text"":""Bio: Erin Morgan Smith Glenn is an associate professor of art, former VP of the board for the Dayton Society of Artists, and proud alum of Central State University. She holds an M.F.A. from the University of Cincinnati, respectfully. Erin has had her work shown in various regional, national and international exhibitions in Ohio, Tennessee, Kentucky, Missouri, Louisiana, Vermont, Texas, Virginia and Illinois, including numerous solo exhibitions. Erin is also the creator and faculty lead for CSU’s Fine Arts Study Abroad program, which has covered Italy (2022) and more recently, Paris (2024)."",""decorations"":[]}}],""paragraphData"":{""textStyle"":{""textAlignment"":""AUTO""},""indentation"":0}},{""type"":""PARAGRAPH"",""id"":""9coz1244"",""nodes"":[],""paragraphData"":{""textStyle"":{""textAlignment"":""AUTO""},""indentation"":0}},{""type"":""PARAGRAPH"",""id"":""sa8jx235"",""nodes"":[{""type"":""TEXT"",""id"":"""",""nodes"":[],""textData"":{""text"":""Among Erin’s lifelong pursuits is to continually practice her overall creative experiences, vowing never to stop “growing as an artist and individual”, while always striving to instill this concept in her students, mentees and her three children, as she does within herself."",""decorations"":[]}}],""paragraphData"":{""textStyle"":{""textAlignment"":""AUTO""}}},{""type"":""PARAGRAPH"",""id"":""54ovp251"",""nodes"":[],""paragraphData"":{""textStyle"":{""textAlignment"":""AUTO""}}},{""type"":""PARAGRAPH"",""id"":""5b4dh237"",""nodes"":[{""type"":""TEXT"",""id"":"""",""nodes"":[],""textData"":{""text"":""When not participating as an educator or practitioner, TheScarvinArtist LLC occupies much of her entrepreneurial time, as she accepts painting and drawing commissions, and creates unique crocheted and other artisanal designs and mixed media projects. Etsy, IG and FB have been her main platform for showcasing her business exploits."",""decorations"":[]}}],""paragraphData"":{""textStyle"":{""textAlignment"":""AUTO""}}},{""type"":""PARAGRAPH"",""id"":""evhup258"",""nodes"":[],""paragraphData"":{""textStyle"":{""textAlignment"":""AUTO""}}},{""type"":""PARAGRAPH"",""id"":""pjh8f239"",""nodes"":[{""type"":""TEXT"",""id"":"""",""nodes"":[],""textData"":{""text"":""\""Follow the gravitational pull within you that leads to a life of consistent growth and development through the pursuant act of creative imagination.\"""",""decorations"":[]}}],""paragraphData"":{""textStyle"":{""textAlignment"":""AUTO""}}},{""type"":""PARAGRAPH"",""id"":""rhezx265"",""nodes"":[],""paragraphData"":{""textStyle"":{""textAlignment"":""AUTO""}}},{""type"":""PARAGRAPH"",""id"":""hgpq2241"",""nodes"":[{""type"":""TEXT"",""id"":"""",""nodes"":[],""textData"":{""text"":""Erin M Smith Glenn"",""decorations"":[]}}],""paragraphData"":{""textStyle"":{""textAlignment"":""AUTO""}}}],""documentStyle"":{}}","Artist Statement: Nothing gives me more pleasure as an artist than knowing that the creative process is just that: a process by which I can explore my unique style while also staying true to the things that stir me most: advocacy, activism, HAIRitage, mental health awareness and even the constant discovery and utilization of Mother Nature, as she will always rule supreme. As an educator, I believe it truly is essential for us to hold true to our craft being careful not to become comfortable, stagnant or otherwise uninterested in the ever-changing world around us.

My greatest hope is that when people see my work, they will see someone who embodied, most of all, a desire to leave this world better than I found it.","https://www.facebook.com/erin.smithglenn/","https://www.instagram.com/thescarvinartist/","https://www.etsy.com/shop/TheScarvinArtist",,"[{""description"":"""",""slug"":""648eff_c7ad54a712984706ba25aa2d7e12dc7a~mv2.png"",""alt"":"""",""src"":""wix:image://v1/648eff_c7ad54a712984706ba25aa2d7e12dc7a~mv2.png/The%2520Bold%2520The%2520Bald%2520The%2520Beautiful.heic.png#originWidth=3884&originHeight=2386"",""title"":""The Bold The Bald The Beautiful.heic.png"",""type"":""image"",""settings"":{""width"":3884,""height"":2386,""focalPoint"":[0.5,0.5]}}]","The Bold. The Bald. The Beautiful","24""x48""","acrylic paint on canvas","wix:image://v1/648eff_df3894846bdf4fae957a60612e6acc7a~mv2.jpg/BIO%20PIC%202021.jpg#originWidth=2889&originHeight=2152","/artist/erin-smith-glenn","/artists/","6c27b6b9-5255-4cf1-958d-1782d756048d",2024-03-20T00:45:08Z,2026-03-03T23:32:50Z,"648eff38-1300-4400-b20a-ee65209af597"
"Xiera Younce","Younce","burnedmilk@xiera.art","[""Painting"",""Drawing"",""Ceramics"",""Other""]","9376108240 ","{""documentStyle"":{},""nodes"":[{""paragraphData"":{""textStyle"":{""textAlignment"":""AUTO""}},""style"":{},""id"":""j7781247"",""nodes"":[{""id"":"""",""nodes"":[],""textData"":{""decorations"":[{""colorData"":{""background"":""initial"",""foreground"":""rgb(14, 16, 26)""},""type"":""COLOR""}],""text"":""Bio: Xiera is an illustrator, surface designer, animator, and ceramicist with a Bachelor of Fine Arts (BFA) in Illustration from the Columbus College of Art & Design.""},""type"":""TEXT""},{""id"":"""",""nodes"":[],""textData"":{""decorations"":[{""fontWeightValue"":700,""type"":""BOLD""},{""colorData"":{""background"":""initial"",""foreground"":""rgb(14, 16, 26)""},""type"":""COLOR""}],""text"":""⁠""},""type"":""TEXT""}],""type"":""PARAGRAPH""},{""paragraphData"":{""textStyle"":{""textAlignment"":""AUTO""}},""style"":{},""id"":""v0jko251"",""nodes"":[],""type"":""PARAGRAPH""},{""paragraphData"":{""textStyle"":{""textAlignment"":""AUTO""}},""style"":{},""id"":""sb4la252"",""nodes"":[{""id"":"""",""nodes"":[],""textData"":{""decorations"":[{""colorData"":{""background"":""initial"",""foreground"":""rgb(14, 16, 26)""},""type"":""COLOR""}],""text"":""Their distinctive style is characterized by vibrant colors and diverse characters, inviting viewers into the imaginative worlds they create. Driven by a passion for storytelling, Xiera believes in the power of creativity to foster meaningful connections.⁠""},""type"":""TEXT""}],""type"":""PARAGRAPH""}]}","Artist Statement: My work explores a diverse array of characters and vibrant colors, drawing inspiration from the feelings and connections I experienced in my childhood. I focus on bright, playful characters that resonate with audiences and invite them to engage with my art.

Each piece I create tells a story, offering viewers a chance to learn more about me while also encouraging them to discover reflections of themselves within my work. My ultimate goal is to evoke connection and emotion, allowing people to experience the joy and depth that art can bring.",,"https://www.instagram.com/burned.milk/","https://xiera.art/",,"[{""description"":"""",""fileName"":""Xiera_Younce_Soul_Sisters.png"",""slug"":""7b9b9e_fb437f4b76ef423f8e06da4475d5c983~mv2.png"",""alt"":"""",""src"":""wix:image://v1/7b9b9e_fb437f4b76ef423f8e06da4475d5c983~mv2.png/Xiera_Younce_Soul_Sisters.png#originWidth=2000&originHeight=1385"",""title"":""Xiera_Younce_Soul_Sisters.png"",""type"":""image"",""settings"":{""focalPoint"":[0.5,0.5],""height"":1385,""width"":2000}}]","Soul Sisters","13 in. x 9 in.","Mixed media","wix:image://v1/7b9b9e_8ac3fb1400aa4ef1873123e8e11e32b5~mv2.png/Xiera_Younce_Profile_Picture.png#originWidth=1032&originHeight=1032","/artist/xiera-younce","/artists/","70c7b4ee-30b1-4da5-857e-771ffd3e7ea0",2026-04-06T19:46:01Z,2026-05-26T14:11:48Z,"37a00a83-8de6-4c78-aaec-4ad3b7010549"
"Nanette B. Isaac","Isaac","nansHolynspyrdart55@gmail.com","[""Drawing""]","9374779266","{""documentStyle"":{},""nodes"":[{""id"":""foo"",""nodes"":[{""id"":"""",""nodes"":[],""textData"":{""decorations"":[{""fontWeightValue"":700,""type"":""BOLD""}],""text"":""Bio: ""},""type"":""TEXT""}],""paragraphData"":{""indentation"":0,""textStyle"":{""textAlignment"":""AUTO""}},""type"":""PARAGRAPH""},{""id"":""ub5a23649"",""nodes"":[],""paragraphData"":{""indentation"":0,""textStyle"":{""textAlignment"":""AUTO""}},""type"":""PARAGRAPH""},{""id"":""64qay3659"",""nodes"":[{""id"":"""",""nodes"":[],""textData"":{""decorations"":[{""fontWeightValue"":700,""type"":""BOLD""},{""colorData"":{""background"":""rgb(255, 255, 255)"",""foreground"":""rgb(71, 71, 71)""},""type"":""COLOR""}],""text"":""My Artistic Journey of Faith""},""type"":""TEXT""}],""paragraphData"":{""indentation"":0,""textStyle"":{""textAlignment"":""AUTO""}},""type"":""PARAGRAPH""},{""id"":""7537y266"",""nodes"":[{""id"":"""",""nodes"":[],""textData"":{""decorations"":[{""colorData"":{""background"":""rgb(255, 255, 255)"",""foreground"":""rgb(71, 71, 71)""},""type"":""COLOR""}],""text"":""A Message of Gratitude and Purpose Blessings to all. I want to share my steps as I continue on my journey in using my art to glorify God. This path began in 2007 when I prayed and asked God how I could fulfill the desire to use the gift He gave me. In response, I felt led by the Holy Spirit to create a way for people to engage with His word—to encourage others to pick up a Bible and seek a message from God. That inspiration led me to include book, chapter, and verse references in my drawings, giving each piece a title. The intention was for viewers to find these references, look them up, and discover which one matched the title of the art. I named this collection my Holy Inspired Series.""},""type"":""TEXT""}],""paragraphData"":{""indentation"":0,""textStyle"":{""textAlignment"":""AUTO""}},""type"":""PARAGRAPH""},{""id"":""84ir43477"",""nodes"":[],""paragraphData"":{""indentation"":0,""textStyle"":{""textAlignment"":""AUTO""}},""type"":""PARAGRAPH""},{""id"":""we6ek272"",""nodes"":[{""id"":"""",""nodes"":[],""textData"":{""decorations"":[{""fontWeightValue"":700,""type"":""BOLD""},{""colorData"":{""background"":""rgb(255, 255, 255)"",""foreground"":""rgb(71, 71, 71)""},""type"":""COLOR""}],""text"":""Early Challenges and Persistence""},""type"":""TEXT""},{""id"":"""",""nodes"":[],""textData"":{""decorations"":[{""colorData"":{""background"":""rgb(255, 255, 255)"",""foreground"":""rgb(71, 71, 71)""},""type"":""COLOR""}],""text"":"" ""},""type"":""TEXT""}],""paragraphData"":{""indentation"":0,""textStyle"":{""textAlignment"":""AUTO""}},""type"":""PARAGRAPH""},{""id"":""8kpz1282"",""nodes"":[{""id"":"""",""nodes"":[],""textData"":{""decorations"":[{""colorData"":{""background"":""rgb(255, 255, 255)"",""foreground"":""rgb(71, 71, 71)""},""type"":""COLOR""}],""text"":""However, the journey was not straightforward. I struggled to find the right venues to share my work with others, and my efforts were often inconsistent—sometimes reaching people, but many times not. After several attempts with little progress, I paused and tried again multiple times over the years. During these periods, I continued to study the word of God, seeking to deepen my relationship with Him, understand my place in His Kingdom, and, most importantly, learn how the Holy Spirit works in my life. I realize now that when I first set out to follow the Holy Spirit’s guidance in my art, I did not truly understand what that meant. That lack of understanding is why my efforts did not flourish then. ""},""type"":""TEXT""}],""paragraphData"":{""indentation"":0,""textStyle"":{""textAlignment"":""AUTO""}},""type"":""PARAGRAPH""},{""id"":""0c0is3491"",""nodes"":[],""paragraphData"":{""indentation"":0,""textStyle"":{""textAlignment"":""AUTO""}},""type"":""PARAGRAPH""},{""id"":""942uj304"",""nodes"":[{""id"":"""",""nodes"":[],""textData"":{""decorations"":[{""fontWeightValue"":700,""type"":""BOLD""},{""colorData"":{""background"":""rgb(255, 255, 255)"",""foreground"":""rgb(71, 71, 71)""},""type"":""COLOR""}],""text"":""Growth Through Faith and Patience""},""type"":""TEXT""}],""paragraphData"":{""indentation"":0,""textStyle"":{""textAlignment"":""AUTO""}},""type"":""PARAGRAPH""},{""id"":""xr96k318"",""nodes"":[{""id"":"""",""nodes"":[],""textData"":{""decorations"":[{""colorData"":{""background"":""rgb(255, 255, 255)"",""foreground"":""rgb(71, 71, 71)""},""type"":""COLOR""}],""text"":""As I devoted more time to studying God's word, my desire to fulfill His will for my life grew stronger. Gradually, I began to see things happen that traced back to that first prayer twenty years ago. While it saddens me that it took so long to reach this understanding, I am filled with joy knowing that it is never too late when God takes control and the Holy Spirit leads. I am still a work in progress, but each step forward is shaped by God’s will—His plan to use the gift He gave me to honor Him. It brings me great joy to be a vessel filled by the Holy Spirit. Although I do not always know what the next day will bring, I trust God and the Holy Spirit to guide me each day. ""},""type"":""TEXT""}],""paragraphData"":{""indentation"":0,""textStyle"":{""textAlignment"":""AUTO""}},""type"":""PARAGRAPH""},{""id"":""vft4v287"",""nodes"":[],""paragraphData"":{""indentation"":0,""textStyle"":{""textAlignment"":""AUTO""}},""type"":""PARAGRAPH""},{""id"":""nmgv7298"",""nodes"":[{""id"":"""",""nodes"":[],""textData"":{""decorations"":[{""fontWeightValue"":700,""type"":""BOLD""}],""text"":""Awards""},""type"":""TEXT""}],""paragraphData"":{""indentation"":0,""textStyle"":{""textAlignment"":""AUTO""}},""type"":""PARAGRAPH""},{""id"":""zurni387"",""nodes"":[{""id"":"""",""nodes"":[],""textData"":{""decorations"":[{""colorData"":{""foreground"":""rgb(0, 0, 0)""},""type"":""COLOR""}],""text"":""I am a member of the Women's TriArt Society. Since I returned to drawing last year, 2025, I entered two shows coming in 2nd place for one of my charcoal pencil drawings in the pencil drawing category of the Women's TriArt Society 2025 Art Show. The second show, The18th Annual Hoffman Global Methodist Church Fine Arts Show, I fell 7th among the People's Choice Awards for the drawing shown here.""},""type"":""TEXT""}],""paragraphData"":{""indentation"":0,""textStyle"":{""textAlignment"":""AUTO""}},""type"":""PARAGRAPH""},{""id"":""wda683504"",""nodes"":[],""paragraphData"":{""indentation"":0,""textStyle"":{""textAlignment"":""AUTO""}},""type"":""PARAGRAPH""},{""id"":""dm8zo373"",""nodes"":[{""id"":"""",""nodes"":[],""textData"":{""decorations"":[{""fontWeightValue"":700,""type"":""BOLD""},{""colorData"":{""background"":""rgb(255, 255, 255)"",""foreground"":""rgb(71, 71, 71)""},""type"":""COLOR""}],""text"":""A Blessing for Others ""},""type"":""TEXT""}],""paragraphData"":{""indentation"":0,""textStyle"":{""textAlignment"":""AUTO""}},""type"":""PARAGRAPH""},{""id"":""jmycv364"",""nodes"":[{""id"":"""",""nodes"":[],""textData"":{""decorations"":[{""colorData"":{""background"":""rgb(255, 255, 255)"",""foreground"":""rgb(71, 71, 71)""},""type"":""COLOR""}],""text"":""May my art be a blessing to you. “May the God of hope fill you with all joy and peace in believing, so that by the power of the Holy Spirit you may abound in hope.” Romans 15:13""},""type"":""TEXT""}],""paragraphData"":{""indentation"":0,""textStyle"":{""textAlignment"":""AUTO""}},""type"":""PARAGRAPH""}]}","Artist Statement: I am a portrait artist whose creative gift flows from a deep spiritual connection, drawing inspiration and guidance from God through the Holy Spirit. Prayer is an integral part of my process, shaping both commissioned and original works with intention and reverence, guiding my hand and heart as I strive to honor the divine source of my talent.  This spiritual dialogue infuses my art with meaning and purpose.

Each portrait is crafted with humility, gratitude, and the desire to evoke hope, reflection, and spiritual truth.","https://www.facebook.com/profile.php?id=61586338205638","https://www.facebook.com/profile.php?id=61586338205638",,,"[{""description"":"""",""fileName"":""AZ2Cor5_17.jpg"",""slug"":""648eff_9b91fc8c52ee4295bf184fe2508ca830~mv2.jpg"",""alt"":"""",""src"":""wix:image://v1/648eff_9b91fc8c52ee4295bf184fe2508ca830~mv2.jpg/AZ2Cor5_17.jpg#originWidth=2862&originHeight=3464"",""title"":""AZ2Cor5_17.jpg"",""type"":""image"",""settings"":{""focalPoint"":[0.5,0.5],""height"":3464,""width"":2862}}]","2 Corinthians 5:17","19"" x 23""","Colored Pencils","wix:image://v1/648eff_35201d5a9f7c4b86b2e529263cbf1013~mv2.jpg/Picme.jpg#originWidth=2544&originHeight=3392","/artist/nanette-b.-isaac","/artists/","7232043c-1bcc-4a06-8a22-59ef55b56545",2026-02-21T01:13:19Z,2026-06-14T12:47:58Z,"648eff38-1300-4400-b20a-ee65209af597"
"Iden Crockett","Crockett","mynameisidenart@gmail.com","[""Drawing"",""Photography"",""Digital/Anolog Collage""]"," 614-270-8821","{""nodes"":[{""type"":""PARAGRAPH"",""id"":""orxk2341"",""nodes"":[{""type"":""TEXT"",""id"":"""",""nodes"":[],""textData"":{""text"":""Bio:"",""decorations"":[{""type"":""COLOR"",""colorData"":{""foreground"":""rgb(71, 71, 71)""}}]}},{""type"":""TEXT"",""id"":"""",""nodes"":[],""textData"":{""text"":"" "",""decorations"":[{""type"":""COLOR"",""colorData"":{""foreground"":""rgb(0, 0, 0)""}}]}},{""type"":""TEXT"",""id"":"""",""nodes"":[],""textData"":{""text"":""Transgender poet, essayist, artist, and activist Iden Crockett uses her intensely personal work to share her journey through adversity and discovery. She is the author of seven volumes of poetry and writes the award winning column My Name is Iden for the Yellow Springs News. She lives and works with her family in Yellow Springs."",""decorations"":[{""type"":""COLOR"",""colorData"":{""foreground"":""rgb(71, 71, 71)""}}]}}],""paragraphData"":{}},{""type"":""PARAGRAPH"",""id"":""17g5l349"",""nodes"":[],""paragraphData"":{}},{""type"":""PARAGRAPH"",""id"":""43820360"",""nodes"":[],""paragraphData"":{}}],""documentStyle"":{}}","Artist Statement: I speak of the power and the horror of self-knowledge. My words, my poetry, and my pictures, these are the record of battles fought against a body, and often a mind, that are not my own. They are the testimony of an amateur masochist and a career non-conformist. They are screams, and tears, and blood drying on the edge of a razor, and the discovery of a fundamental truth: that to regenerate, first you must degenerate. I destroyed the self that could not contain the fire of my soul and now I stand, reborn from the ashes, powerful and unafraid.",,"https://www.instagram.com/my_name_is_iden/","https://www.mynameisiden.com",,"[{""description"":"""",""fileName"":""Crockett_Just4Today.png"",""slug"":""ef7b27_138a6b08517d44d6a4decf046fe06f7d~mv2.png"",""alt"":"""",""src"":""wix:image://v1/ef7b27_138a6b08517d44d6a4decf046fe06f7d~mv2.png/Crockett_Just4Today.png#originWidth=1170&originHeight=1558"",""title"":""Crockett_Just4Today.png"",""type"":""image"",""settings"":{""width"":1170,""height"":1558,""focalPoint"":[0.5,0.5]}}]","NVR DUN",,"Pen/Pencil/Digital","wix:image://v1/ef7b27_138a6b08517d44d6a4decf046fe06f7d~mv2.png/Crockett_Just4Today.png#originWidth=1170&originHeight=1558","/artist/iden-crockett","/artists/","7338ddde-bce9-4576-84e8-447de823315b",2026-03-23T17:01:40Z,2026-03-23T17:01:40Z,"ef7b2701-85ef-456d-b993-59de09c80fa9"
"Bruce Soifer","Soifer","brucephoto125@gmail.com","[""Painting"",""Photography""]","9372383227","{""nodes"":[{""type"":""PARAGRAPH"",""id"":""foo"",""nodes"":[{""type"":""TEXT"",""id"":"""",""nodes"":[],""textData"":{""text"":""Bio: I am a member of The Contemporary Gallery (formerly DVAC), Tri-Pod Camera Club, Professional Photographers of America. Also, Piqua Arts Council and Dayton Society of Artists."",""decorations"":[]}}],""paragraphData"":{""textStyle"":{""textAlignment"":""AUTO""},""indentation"":0}},{""type"":""PARAGRAPH"",""id"":""0qae6241"",""nodes"":[],""paragraphData"":{""textStyle"":{""textAlignment"":""AUTO""},""indentation"":0}},{""type"":""PARAGRAPH"",""id"":""0hce8236"",""nodes"":[{""type"":""TEXT"",""id"":"""",""nodes"":[],""textData"":{""text"":""My work has been displayed and sold in various shows throughout the Miami Valley."",""decorations"":[]}}],""paragraphData"":{""textStyle"":{""textAlignment"":""AUTO""}}},{""type"":""PARAGRAPH"",""id"":""7xd4k246"",""nodes"":[],""paragraphData"":{""textStyle"":{""textAlignment"":""AUTO""}}},{""type"":""PARAGRAPH"",""id"":""bnp8d238"",""nodes"":[{""type"":""TEXT"",""id"":"""",""nodes"":[],""textData"":{""text"":""I have won an award for Best of Show, Amateur, in \"" Light Up Dayton\"" in 2009 and 2012, First Place in Photography at Piqua Art Council's multi-media show in 2019 and Second Place in Photography at Troy Hayner Cultural Center's \""Through Your Eyes\"" photography show. I recently received a First Place in the MAC Art show in 2023 in the People Category."",""decorations"":[]}}],""paragraphData"":{""textStyle"":{""textAlignment"":""AUTO""}}}],""documentStyle"":{}}","Artist Statement: I am a artist and photographer, I have the eye of a painter, the mind of a camera, and the heart of an elephant.

My passion to capture the creation of art, whatever form it may come from; Nature, man, or woman. It could be a painter creating on a canvas or a sculptor shaping a clump of clay from their minds eye. A dancer leaping across the stage with grace and strength, maybe conductor directing an orchestra, interpreting the score of a composer. The moment a musician creating his or her music that moves us to sing and dance maybe cry or laugh. The Magic of the Sun Rise and Sunset or the mystique of the clouds interacting with Sun. As with everything so fleeting are the moments of creation that I strive to capture with my camera; Their passion, joy, frustration, agony, and the beauty of it all.","https://www.facebook.com/profile.php?id=100036650292425","https://www.instagram.com/brucephotoimaging/","https://www.bpi-studio125artphotography.com/shop-art",,"[{""description"":"""",""slug"":""648eff_efcb5a75ac0f4ef89dd5fd839655b4ec~mv2.jpg"",""alt"":"""",""src"":""wix:image://v1/648eff_efcb5a75ac0f4ef89dd5fd839655b4ec~mv2.jpg/IMG_4027.JPG.jpg#originWidth=1187&originHeight=800"",""title"":""IMG_4027.JPG.jpg"",""type"":""image"",""settings"":{""width"":1187,""height"":800,""focalPoint"":[0.5,0.5]}}]","Sunrise at Lamar Valley","36x24","Photography","wix:image://v1/648eff_2d25e845389a42ce8d8f18da4b739b46~mv2.jpg/IMG_6262.JPG.jpg#originWidth=224&originHeight=224","/artist/bruce-soifer","/artists/","8010494c-2fce-4fdd-8b83-27fb40c173dd",2024-03-12T01:02:59Z,2026-03-03T23:29:43Z,"648eff38-1300-4400-b20a-ee65209af597"
"Misty Lynn Bankhead","Bankhead","mistylynnart@gmail.com","[""Painting""]","9375725488  ","{""documentStyle"":{},""nodes"":[{""id"":""qwg3a791"",""nodes"":[{""id"":"""",""nodes"":[],""textData"":{""decorations"":[{""fontWeightValue"":700,""type"":""BOLD""}],""text"":""Bio: ""},""type"":""TEXT""},{""id"":"""",""nodes"":[],""textData"":{""decorations"":[{""fontWeightValue"":700,""type"":""BOLD""},{""colorData"":{""background"":""rgb(255, 255, 255)"",""foreground"":""rgb(34, 34, 34)""},""type"":""COLOR""}],""text"":""Misty is an Ohioan living in the Dayton area. Painting became more of a regular hobby for her during the pandemic years. She had been admiring the local artists on display at the Yellow Cab community space and wishing to one day share her own creations. Her style is as varied as her taste, ranging from abstract to landscape with some whimsical imaginative pieces. ""},""type"":""TEXT""}],""paragraphData"":{},""type"":""PARAGRAPH""},{""id"":""710ga715"",""nodes"":[],""paragraphData"":{},""type"":""PARAGRAPH""},{""id"":""jtkqe703"",""nodes"":[{""id"":"""",""nodes"":[],""textData"":{""decorations"":[{""colorData"":{""background"":""rgb(255, 255, 255)"",""foreground"":""rgb(34, 34, 34)""},""type"":""COLOR""}],""text"":""She is now a member of the Dayton Society of Artists and has shown paintings at multiple events and in local businesses.""},""type"":""TEXT""}],""paragraphData"":{},""type"":""PARAGRAPH""},{""id"":""ul953793"",""nodes"":[],""paragraphData"":{""textStyle"":{""textAlignment"":""AUTO""}},""type"":""PARAGRAPH""},{""id"":""q3qsb794"",""nodes"":[{""id"":"""",""nodes"":[],""textData"":{""decorations"":[{""fontWeightValue"":700,""type"":""BOLD""},{""colorData"":{""background"":""rgb(255, 255, 255)"",""foreground"":""rgb(34, 34, 34)""},""type"":""COLOR""}],""text"":""Much of her art is influenced by nature, daily life and travel. However, some are directly related to music, inspired by lyrics or feelings. You can view one such commissioned work as the album cover art for the single, “Mont Blanc Massif” by the band We Met In Paris. ""},""type"":""TEXT""}],""paragraphData"":{},""type"":""PARAGRAPH""},{""id"":""6rfrb796"",""nodes"":[],""paragraphData"":{""textStyle"":{""textAlignment"":""AUTO""}},""type"":""PARAGRAPH""},{""id"":""mrxqj797"",""nodes"":[{""id"":"""",""nodes"":[],""textData"":{""decorations"":[{""fontWeightValue"":700,""type"":""BOLD""},{""colorData"":{""background"":""rgb(255, 255, 255)"",""foreground"":""rgb(34, 34, 34)""},""type"":""COLOR""}],""text"":""For available items not on display please refer to her Instagram @Mistylynnart_ or send an email directly to ""},""type"":""TEXT""},{""id"":"""",""nodes"":[],""textData"":{""decorations"":[{""fontWeightValue"":700,""type"":""BOLD""},{""colorData"":{""background"":""rgb(255, 255, 255)"",""foreground"":""rgb(17, 85, 204)""},""type"":""COLOR""},{""linkData"":{""link"":{""rel"":{""noreferrer"":true},""target"":""BLANK"",""url"":""mailto:mistylynnart@gmail.com""}},""type"":""LINK""},{""type"":""UNDERLINE""}],""text"":""mistylynnart@gmail.com""},""type"":""TEXT""},{""id"":"""",""nodes"":[],""textData"":{""decorations"":[{""fontWeightValue"":700,""type"":""BOLD""},{""colorData"":{""background"":""rgb(255, 255, 255)"",""foreground"":""rgb(34, 34, 34)""},""type"":""COLOR""}],""text"":""  ""},""type"":""TEXT""}],""paragraphData"":{},""type"":""PARAGRAPH""}]}","Artist Statement: I make art with big emotions for small spaces.  ",,"https://www.instagram.com/mistylynnart_?igsh=MXF5MXN3YWc2Z3loNA==","http://www.mistylynnart.com/",,"[{""description"":"""",""fileName"":""20260125_191834.jpg"",""slug"":""b27912_faff32e00dae4b9fb26d34aeefde57b5~mv2.jpg"",""alt"":"""",""src"":""wix:image://v1/b27912_faff32e00dae4b9fb26d34aeefde57b5~mv2.jpg/20260125_191834.jpg#originWidth=3024&originHeight=3024"",""title"":""20260125_191834.jpg"",""type"":""image"",""settings"":{""focalPoint"":[0.5,0.5],""height"":3024,""width"":3024}}]","Forest Floor","8 x 8","Acrylic","wix:image://v1/b27912_54840b5fe2844e0c942954db000d1fed~mv2.jpg/20260409_124051.jpg#originWidth=2208&originHeight=2208","/artist/misty-lynn-bankhead","/artists/","82d47744-7a07-45c5-b6c2-6f4bc2f43d3c",2026-04-16T16:31:35Z,2026-06-14T12:45:59Z,"37a00a83-8de6-4c78-aaec-4ad3b7010549"
"Jeff Rutledge","Rutledge","jeff@rutledge-art.com","[""Printmaking"",""Sculpture"",""Jewelry""]","9372864697","{""nodes"":[{""type"":""PARAGRAPH"",""id"":""foo"",""nodes"":[{""type"":""TEXT"",""id"":"""",""nodes"":[],""textData"":{""text"":""Bio: "",""decorations"":[]}},{""type"":""TEXT"",""id"":"""",""nodes"":[],""textData"":{""text"":""BFA and MFA"",""decorations"":[{""type"":""COLOR"",""colorData"":{""background"":""rgb(255, 255, 255)"",""foreground"":""rgb(71, 71, 71)""}}]}}],""paragraphData"":{""textStyle"":{""textAlignment"":""AUTO""},""indentation"":0}}],""documentStyle"":{}}","Artist Statement: I make welded stainless steel sculptures for collectors  and corporations",,,"https://www.Rutledge-art.com",,"[{""description"":"""",""fileName"":""IMG_3935.JPG"",""slug"":""648eff_4641b7a689bc490c98b2deb39bf25bd1~mv2.jpg"",""alt"":"""",""src"":""wix:image://v1/648eff_4641b7a689bc490c98b2deb39bf25bd1~mv2.jpg/IMG_3935.JPG#originWidth=2366&originHeight=3586"",""title"":""IMG_3935.JPG"",""type"":""image"",""settings"":{""width"":2366,""height"":3586,""focalPoint"":[0.5,0.5]}}]","untitled",,"stainless steel","wix:image://v1/648eff_521fe09881a24047b94203666b051c4e~mv2.jpg/Dayton%20new%20house%20%20file%20(65).JPG#originWidth=3024&originHeight=4032","/artist/jeff-rutledge","/artists/","8336d380-8820-47cf-927d-188e72d06ed4",2026-02-26T02:03:06Z,2026-03-03T23:30:30Z,"648eff38-1300-4400-b20a-ee65209af597"
"Alisa H. Workman","Workman","ahworkmanart@gmail.com","[""Painting""]","1-937-654-6068","{""nodes"":[{""type"":""PARAGRAPH"",""id"":""foo"",""nodes"":[{""type"":""TEXT"",""id"":"""",""nodes"":[],""textData"":{""text"":""Bio: Alisa H. Workman has had a love for nature and gardening all of her life. As a young child, she remembers pulling the marigold blooms off of the flowers in her grandmother’s garden. She started out creating mosaic pots and birdbaths, painted garden pots, and other art installations for the garden. In the summer of 2015 she picked up a paintbrush and brought her love of flowers to the canvas."",""decorations"":[]}}],""paragraphData"":{""textStyle"":{""textAlignment"":""AUTO""},""indentation"":0}},{""type"":""PARAGRAPH"",""id"":""ktexc8995"",""nodes"":[],""paragraphData"":{""textStyle"":{""textAlignment"":""AUTO""},""indentation"":0}},{""type"":""PARAGRAPH"",""id"":""aktl6230"",""nodes"":[{""type"":""TEXT"",""id"":"""",""nodes"":[],""textData"":{""text"":""Alisa has been a Dayton, Ohio area resident most of her life. She is a graduate of Wright State University earning a BS in Geology with a specialty in Crystallography. Her career has included working in a bioacoustics lab and a 15 year stint as a stay-at-home mom. Since 1998 she has worked at The Miami Valley School and currently is a full time preschool art teacher at the Soin Early Childhood School at MVS."",""decorations"":[]}}],""paragraphData"":{""textStyle"":{""textAlignment"":""AUTO""}}},{""type"":""PARAGRAPH"",""id"":""iujtv9001"",""nodes"":[],""paragraphData"":{""textStyle"":{""textAlignment"":""AUTO""}}},{""type"":""PARAGRAPH"",""id"":""dblrd232"",""nodes"":[{""type"":""TEXT"",""id"":"""",""nodes"":[],""textData"":{""text"":""Her paintings have been exhibited in the Dayton, Cincinnati, and Columbus areas of Ohio. Her work can be found in collections throughout the United States, Canada, and Europe."",""decorations"":[]}}],""paragraphData"":{""textStyle"":{""textAlignment"":""AUTO""}}},{""type"":""PARAGRAPH"",""id"":""pw25v9007"",""nodes"":[],""paragraphData"":{""textStyle"":{""textAlignment"":""AUTO""}}},{""type"":""PARAGRAPH"",""id"":""zxzxm234"",""nodes"":[{""type"":""TEXT"",""id"":"""",""nodes"":[],""textData"":{""text"":""Her love of nature, art, and science are translated into acrylic paintings of bold flowers and vibrant splashes of color. Each and every painting tells a story."",""decorations"":[]}}],""paragraphData"":{""textStyle"":{""textAlignment"":""AUTO""}}}],""documentStyle"":{}}","Artist Statement: I dabbled at the edge of the art pool for years ... mixed media collages, painted garden pots, colorful tiled garden hardscape installations.

The work that I consider my first completed painting, my frightening leap into the deep end of the pool, is SURVIVE. It was done in 2017, in the first art workshop that I attended. It was begun a year after my mother's death and my sister's suicide. It was completed after my husband's cancer diagnosis.

Life is filled with happiness and sadness. I choose to focus on the sadness and to turn that darkness into something bright and wonderful and happy. Vibrant colors energize and excite. I LOVE color.

Inspired by all that surrounds me, I paint lightly abstract floral works ... renderings of bold flowers with rich splashes of color.","https://www.facebook.com/AHWorkmanArt","https://www.instagram.com/ahworkman","https://www.ahworkmanart.com",,"[{""description"":"""",""slug"":""648eff_1ba4cf1336cc49c7b756bab271629724~mv2.jpeg"",""alt"":"""",""src"":""wix:image://v1/648eff_1ba4cf1336cc49c7b756bab271629724~mv2.jpeg/2024%2520SheLikestoDrinkaBottledFrappuccinoEveryDyBeforeNoon48x24Mar2024.jpeg#originWidth=3795&originHeight=1854"",""title"":""2024 SheLikestoDrinkaBottledFrappuccinoEveryDyBeforeNoon48x24Mar2024.jpeg"",""type"":""image"",""settings"":{""width"":3795,""height"":1854,""focalPoint"":[0.5,0.5]}}]","She Likes to Drink a Bottled Frappuccino Every Day Before Noon","48""x24""x1.5""","Acrylic on Canvas","wix:image://v1/648eff_28014662b31f474e86e931386ef7e941~mv2.jpeg/Alisa%20photo%20copy%202.jpeg#originWidth=491&originHeight=515","/artist/alisa-h.-workman","/artists/","86fd276f-6cfe-40a5-8b07-81a535d4daed",2024-03-26T22:38:37Z,2026-03-03T23:27:20Z,"648eff38-1300-4400-b20a-ee65209af597"
"Michele BonDurant","BonDurant","michelebondurant@gmail.com","[""Painting"",""Mixed Media""]",,"{""nodes"":[{""type"":""PARAGRAPH"",""id"":""foo"",""nodes"":[{""type"":""TEXT"",""id"":"""",""nodes"":[],""textData"":{""text"":""Bio: Michele BonDurant is an artist based in Dayton, Ohio. Her hand-painted paper, mixed-media collages, and paintings explore ordinary and imaginary objects and the landscapes around her. She earned a Bachelor of Fine Arts from Wright State University in Dayton, Ohio. BonDurant has exhibited in solo and group shows across the United States, the United Kingdom, and Australia. Select solo exhibitions include the Prince Street Gallery, NYC, and Dutoit Gallery, Dayton, Ohio. Select group exhibitions include Hampstead Art Society, UK. West End Art Space, Melbourne, Australia; First Street Gallery, Prince Street Gallery, and Blue Mountain Gallery, NYC; the Brand Library, Glendale, California; the Maryland Federation of Art Circle Gallery, The Riffe Gallery and Sarah Gormley Gallery, Columbus, Ohio; Wright State University, Robert and Elaine Stein Gallery, the Contemporary Dayton and Dutoit Gallery, Dayton. Her collages have been featured in Contemporary Collage Magazine and Painter’s Tubes Magazine, United Kingdom. She has had residencies at the London Collage Project, the Chautauqua School of Art, Vermont Studio Center, and the Arc of Appalachia Artists in Sanctuary. She is represented by Sarah Gormley Gallery, Columbus, Ohio."",""decorations"":[{""type"":""COLOR"",""colorData"":{""background"":""rgb(255, 255, 255)"",""foreground"":""rgb(71, 71, 71)""}}]}}],""paragraphData"":{""textStyle"":{""textAlignment"":""AUTO""},""indentation"":0}}],""documentStyle"":{}}","Artist Statement: Scissors, cutting, gluing, and painted paper are how I deliberately make the ordinary and familiar exciting by experimenting with layering, shadows, color, patterns, and subtle gradations of light and form.

My collage process with painted and other types of paper is both spontaneous and intentional. Applying multiple layers of paint to the paper creates unexpected brush marks and textures. The thickness of the glued paper forms a rhythm of edges, increasing the composition's complexity. I progress from background to foreground, refining each detail until I achieve the desired result. This method helps me create artworks filled with light and shapes.

I hope viewers notice the color, shapes, and light in everyday objects and landscapes, and come to appreciate the wonder and uniqueness of our world.","https://www.facebook.com/michele.bondurant","https://www.instagram.com/michele_bondurant_studio/","https://michelebondurant.net",,"[{""description"":"""",""fileName"":""MicheleBD_TheStreetLamp.png"",""slug"":""ef7b27_226348a98691431eb7394341d4f87487~mv2.png"",""alt"":"""",""src"":""wix:image://v1/ef7b27_226348a98691431eb7394341d4f87487~mv2.png/MicheleBD_TheStreetLamp.png#originWidth=1290&originHeight=1552"",""title"":""MicheleBD_TheStreetLamp.png"",""type"":""image"",""settings"":{""width"":1290,""height"":1552,""focalPoint"":[0.5,0.5]}}]","The Street Lamp","8"" x 10""","Painted Paper Collage","wix:image://v1/ef7b27_b39bfc20ff594ea28cb3ea376ac732a3~mv2.png/Michele_BD.png#originWidth=930&originHeight=1160","/artist/michele-bondurant","/artists/","8b668613-e181-43f8-81f4-68243ff843fe",2026-03-03T22:34:22Z,2026-03-03T22:38:02Z,"ef7b2701-85ef-456d-b993-59de09c80fa9"
"Bil Tipton","Tipton","bil.tipton@yahoo.com","[""Drawing"",""Fabric Arts"",""Painting"",""Photography"",""Printmaking"",""Sculpture""]","9378296597","{""documentStyle"":{},""nodes"":[{""id"":""su06r264"",""nodes"":[{""id"":"""",""nodes"":[],""textData"":{""decorations"":[{""fontWeightValue"":700,""type"":""BOLD""}],""text"":""Bio: ""},""type"":""TEXT""},{""id"":"""",""nodes"":[],""textData"":{""decorations"":[{""fontWeightValue"":700,""type"":""BOLD""},{""colorData"":{""background"":""rgb(255, 255, 255)"",""foreground"":""rgb(34, 34, 34)""},""type"":""COLOR""}],""text"":""Bil Tipton is a multidisciplinary artist, curator, and community organizer based in Dayton, Ohio. Working under Bil Tipton Art, his practice spans painting, fabrication, and collaborative projects rooted in skateboarding, DIY culture, and community-driven art.""},""type"":""TEXT""}],""paragraphData"":{},""type"":""PARAGRAPH""},{""id"":""u2l43266"",""nodes"":[],""paragraphData"":{""textStyle"":{""textAlignment"":""AUTO""}},""type"":""PARAGRAPH""},{""id"":""qxi6g267"",""nodes"":[],""paragraphData"":{""textStyle"":{""textAlignment"":""AUTO""}},""type"":""PARAGRAPH""},{""id"":""s87rg268"",""nodes"":[{""id"":"""",""nodes"":[],""textData"":{""decorations"":[{""fontWeightValue"":700,""type"":""BOLD""},{""colorData"":{""background"":""rgb(255, 255, 255)"",""foreground"":""rgb(34, 34, 34)""},""type"":""COLOR""}],""text"":""With over 20 years of hands-on experience in construction, custom framing, and creative production, Tipton brings a deep, working knowledge of how to take ideas from concept to completion. His background allows him to move fluidly between disciplines, creating original work while also building the physical and logistical framework that supports exhibitions and events.""},""type"":""TEXT""}],""paragraphData"":{},""type"":""PARAGRAPH""},{""id"":""7znha270"",""nodes"":[],""paragraphData"":{""textStyle"":{""textAlignment"":""AUTO""}},""type"":""PARAGRAPH""},{""id"":""05v7y271"",""nodes"":[],""paragraphData"":{""textStyle"":{""textAlignment"":""AUTO""}},""type"":""PARAGRAPH""},{""id"":""q8v9c272"",""nodes"":[{""id"":"""",""nodes"":[],""textData"":{""decorations"":[{""fontWeightValue"":700,""type"":""BOLD""},{""colorData"":{""background"":""rgb(255, 255, 255)"",""foreground"":""rgb(34, 34, 34)""},""type"":""COLOR""}],""text"":""Tipton is known for organizing grassroots art shows and fundraisers that directly support local artists and DIY skateparks. He has built a reputation for bringing people together, connecting artists, small businesses, and community members through projects that create real, tangible impact.""},""type"":""TEXT""}],""paragraphData"":{},""type"":""PARAGRAPH""},{""id"":""joee0274"",""nodes"":[],""paragraphData"":{""textStyle"":{""textAlignment"":""AUTO""}},""type"":""PARAGRAPH""},{""id"":""6ago4275"",""nodes"":[],""paragraphData"":{""textStyle"":{""textAlignment"":""AUTO""}},""type"":""PARAGRAPH""},{""id"":""7csg8276"",""nodes"":[{""id"":"""",""nodes"":[],""textData"":{""decorations"":[{""fontWeightValue"":700,""type"":""BOLD""},{""colorData"":{""background"":""rgb(255, 255, 255)"",""foreground"":""rgb(34, 34, 34)""},""type"":""COLOR""}],""text"":""His work balances raw, independent energy with thoughtful execution, resulting in experiences that feel both accessible and culturally relevant. Whether producing original artwork, fabricating custom pieces, or curating group shows, his focus remains consistent: building momentum, strengthening community, and creating opportunities for others.""},""type"":""TEXT""}],""paragraphData"":{},""type"":""PARAGRAPH""},{""id"":""ltd2p278"",""nodes"":[],""paragraphData"":{""textStyle"":{""textAlignment"":""AUTO""}},""type"":""PARAGRAPH""},{""id"":""brosq279"",""nodes"":[],""paragraphData"":{""textStyle"":{""textAlignment"":""AUTO""}},""type"":""PARAGRAPH""},{""id"":""0ulro280"",""nodes"":[{""id"":"""",""nodes"":[],""textData"":{""decorations"":[{""fontWeightValue"":700,""type"":""BOLD""},{""colorData"":{""background"":""rgb(255, 255, 255)"",""foreground"":""rgb(34, 34, 34)""},""type"":""COLOR""}],""text"":""At its core, Tipton’s practice is about building culture from the ground up.  ""},""type"":""TEXT""}],""paragraphData"":{},""type"":""PARAGRAPH""}]}","Artist Statement: My work comes from a hands-on, self-taught background rooted in skateboarding, DIY culture, and years of building things with my hands. I’m interested in the intersection of physical labor and creative expression, where construction, fabrication, and art overlap.

Process plays a major role in how I approach my work. Cutting, assembling, layering, and reworking materials is just as important as the finished piece. I’m drawn to work that carries that history, where the decisions, adjustments, and imperfections remain visible.

Beyond the work itself, I focus on creating opportunities for others through organizing shows, fundraisers, and collaborative projects. I see these efforts as an extension of my practice, bringing people together and building momentum within the community.

I don’t separate art from everyday life. The same mindset I bring to problem-solving, building, and working with my hands carries directly into my creative work. It’s all part of the same process.  ",,"https://www.instagram.com/biltiptonart/",,,"[{""description"":"""",""fileName"":""IMG_1456.jpeg"",""slug"":""41b941_72ccfdf882e84ea5b5cd65efbf03c932~mv2.jpeg"",""alt"":"""",""src"":""wix:image://v1/41b941_72ccfdf882e84ea5b5cd65efbf03c932~mv2.jpeg/IMG_1456.jpeg#originWidth=1152&originHeight=1167"",""title"":""IMG_1456.jpeg"",""type"":""image"",""settings"":{""focalPoint"":[0.5,0.5],""height"":1167,""width"":1152}}]","fragile","12 x 12","aerosol on canvas","wix:image://v1/41b941_aee72c2c0fc74859b8a54879326fb604~mv2.jpeg/IMG_1027.jpeg#originWidth=2316&originHeight=3088","/artist/bil-tipton","/artists/","8dc9a11d-3cfc-4edc-b503-27fdbd10e912",2026-03-31T13:39:53Z,2026-06-14T12:48:59Z,"37a00a83-8de6-4c78-aaec-4ad3b7010549"
"Beth Borchers","Borchers","bethannborchers@gmail.com","[""Painting"",""Photography"",""Sculpture""]","5133134378","{""documentStyle"":{},""nodes"":[{""paragraphData"":{""textStyle"":{""textAlignment"":""AUTO""}},""style"":{},""id"":""09xec183"",""nodes"":[{""id"":"""",""nodes"":[],""textData"":{""decorations"":[{""colorData"":{""foreground"":""rgb(0, 0, 0)""},""type"":""COLOR""}],""text"":""Bio: Beth Borchers is overall a self-learned artist. She currently resides in Kettering, Ohio with her beloved companion, Gracie, the rescue dog.""},""type"":""TEXT""}],""type"":""PARAGRAPH""},{""paragraphData"":{""textStyle"":{""textAlignment"":""AUTO""}},""style"":{},""id"":""1o49y187"",""nodes"":[],""type"":""PARAGRAPH""},{""paragraphData"":{""textStyle"":{""textAlignment"":""AUTO""}},""style"":{},""id"":""4j43z188"",""nodes"":[{""id"":"""",""nodes"":[],""textData"":{""decorations"":[{""colorData"":{""foreground"":""rgb(0, 0, 0)""},""type"":""COLOR""}],""text"":""Her first memory of artistic expression was in kindergarten when she made a cross and painted it purple for her Pioneer Wagon (a woodpile) at home. No one around her understood her vision, but she was committed to her purpose and instincts even then.""},""type"":""TEXT""}],""type"":""PARAGRAPH""},{""paragraphData"":{""textStyle"":{""textAlignment"":""AUTO""}},""style"":{},""id"":""2u9i2190"",""nodes"":[],""type"":""PARAGRAPH""},{""paragraphData"":{""textStyle"":{""textAlignment"":""AUTO""}},""style"":{},""id"":""kxkoh191"",""nodes"":[{""id"":"""",""nodes"":[],""textData"":{""decorations"":[{""colorData"":{""foreground"":""rgb(0, 0, 0)""},""type"":""COLOR""}],""text"":""She adjusted to her unfortunate childhood by escaping into nature; ankle deep in the creek, where she found crawdads, frogs, solace and joy.""},""type"":""TEXT""}],""type"":""PARAGRAPH""},{""paragraphData"":{""textStyle"":{""textAlignment"":""AUTO""}},""style"":{},""id"":""t8ns2193"",""nodes"":[],""type"":""PARAGRAPH""},{""paragraphData"":{""textStyle"":{""textAlignment"":""AUTO""}},""style"":{},""id"":""g2101194"",""nodes"":[{""id"":"""",""nodes"":[],""textData"":{""decorations"":[{""colorData"":{""foreground"":""rgb(0, 0, 0)""},""type"":""COLOR""}],""text"":""Her high school had an extensive art program where she jumped in fully committed to trying everything offered. Her favorites were painting (oil especially), pencil sketches, metal casting and pottery. She got straight A’s and was the teacher’s favorite student.""},""type"":""TEXT""}],""type"":""PARAGRAPH""},{""paragraphData"":{""textStyle"":{""textAlignment"":""AUTO""}},""style"":{},""id"":""g588f196"",""nodes"":[],""type"":""PARAGRAPH""},{""paragraphData"":{""textStyle"":{""textAlignment"":""AUTO""}},""style"":{},""id"":""0z6kk197"",""nodes"":[{""id"":"""",""nodes"":[],""textData"":{""decorations"":[{""colorData"":{""foreground"":""rgb(0, 0, 0)""},""type"":""COLOR""}],""text"":""At a certain point, her resistance to being “normal” morphed into a solid sense of identifying as an artist that not everyone will like or understand, but she promises her intention is to spread peace, love, and connection into a world that needs these things so badly.""},""type"":""TEXT""}],""type"":""PARAGRAPH""},{""paragraphData"":{""textStyle"":{""textAlignment"":""AUTO""}},""style"":{},""id"":""z3yhj199"",""nodes"":[],""type"":""PARAGRAPH""},{""paragraphData"":{""textStyle"":{""textAlignment"":""AUTO""}},""style"":{},""id"":""fqgvi200"",""nodes"":[{""id"":"""",""nodes"":[],""textData"":{""decorations"":[{""colorData"":{""foreground"":""rgb(0, 0, 0)""},""type"":""COLOR""}],""text"":""Because she took the long meandering road here... her only gallery shows, awards and special recognitions are living in her imagination for some time in the future. She invites you to be a part of her amazing adventure!""},""type"":""TEXT""}],""type"":""PARAGRAPH""}]}","Artist Statement: It’s been fun,” is what I love to say about hopefully most everything. Life is not to be taken too seriously because when you do, well... it gets serious. I had my share of seriousness growing up, it cost me my childhood. Something I don’t share lightly.

I spent years unraveling the pain and confusion of it all. You can look deeply into my paintings to see glimpses into that.

Now after deep intentional work... it’s all about love; self-love, love for others, love of nature, love of creating from a place of wholeness, sharing the energy of love and connection. Add a passion for trees, animals, the four elements, Spirit, intention, heart and ancient wisdom and you have the me that confidently creates now.

I believe wholeheartedly in magic. Sounds like I am coming back around to what I had hoped to learn in kindergarten.

While I do have some paintings still available, today I create sculptures: Spirit sculptures. Spirit guides me... spirit inspires me... spirit speaks through me, and if you find connection to any particular piece... Spirit can do the same for you.

Please reach out with your questions or requests and let’s see what we can co-create.",,,"https://bethborchersart.carrd.co/",,"[{""description"":"""",""fileName"":"""",""slug"":""648eff_459597569f8a4414bb7050ad833c631e~mv2.jpg"",""alt"":"""",""src"":""wix:image://v1/648eff_459597569f8a4414bb7050ad833c631e~mv2.jpg/_.jpg#originWidth=2641&originHeight=2653"",""title"":"""",""type"":""image"",""settings"":{""focalPoint"":[0.5,0.5],""height"":2653,""width"":2641}},{""description"":"""",""fileName"":""20241230_155835.jpg"",""slug"":""ef7b27_08d4e031f3144d2f8c8c106dd15a9f43~mv2.jpg"",""alt"":"""",""src"":""wix:image://v1/ef7b27_08d4e031f3144d2f8c8c106dd15a9f43~mv2.jpg/20241230_155835.jpg#originWidth=2764&originHeight=3514"",""title"":""20241230_155835.jpg"",""type"":""image"",""settings"":{""focalPoint"":[0.5,0.5],""height"":3514,""width"":2764}},{""description"":"""",""fileName"":""Winter in Eden Park.jpg"",""slug"":""ef7b27_e6f5078e91a843c7b71a62a0e9981ad3~mv2.jpg"",""alt"":"""",""src"":""wix:image://v1/ef7b27_e6f5078e91a843c7b71a62a0e9981ad3~mv2.jpg/Winter%2520in%2520Eden%2520Park.jpg#originWidth=3317&originHeight=2651"",""title"":""Winter in Eden Park.jpg"",""type"":""image"",""settings"":{""focalPoint"":[0.5,0.5],""height"":2651,""width"":3317}},{""description"":"""",""fileName"":""fungus on a log.jpg"",""slug"":""ef7b27_a3604fe2b9dd42959e6b50b243ef6366~mv2.jpg"",""alt"":"""",""src"":""wix:image://v1/ef7b27_a3604fe2b9dd42959e6b50b243ef6366~mv2.jpg/fungus%2520on%2520a%2520log.jpg#originWidth=1857&originHeight=1467"",""title"":""fungus on a log.jpg"",""type"":""image"",""settings"":{""focalPoint"":[0.5,0.5],""height"":1467,""width"":1857}},{""description"":"""",""fileName"":""20241230_153224.jpg"",""slug"":""ef7b27_915d991dd0324f658d67371a1e68d9bf~mv2.jpg"",""alt"":"""",""src"":""wix:image://v1/ef7b27_915d991dd0324f658d67371a1e68d9bf~mv2.jpg/20241230_153224.jpg#originWidth=3582&originHeight=2797"",""title"":""20241230_153224.jpg"",""type"":""image"",""settings"":{""focalPoint"":[0.5,0.5],""height"":2797,""width"":3582}}]","Lost in a Dream","22x22","Acrylic on Canvas","wix:image://v1/ef7b27_47fa6fc5adce4344b58e010ac8aa0696~mv2.png/BB_10872_v2.png#originWidth=2280&originHeight=1968","/artist/beth-borchers","/artists/","8ebf28b2-463a-4b60-9db8-09fea2805760",2024-11-10T19:23:15Z,2026-04-27T14:54:04Z,"648eff38-1300-4400-b20a-ee65209af597"
"Amy Kollar Anderson","Anderson","aka@kollaranderson.com","[""Painting""]",,"{""nodes"":[{""type"":""PARAGRAPH"",""id"":""foo"",""nodes"":[{""type"":""TEXT"",""id"":"""",""nodes"":[],""textData"":{""text"":""Bio: Amy Kollar Anderson creates surreal narrative paintings inspired by natural forms, the decorative arts and her love of animals. Her work has been shown internationally and featured in the publication, Imagine the Imagination: New Visions of Surrealism. Anderson was awarded three of the ReImagining Works commissions for the Dayton Metro Library in 2014-17, a commission for the Miami Valley Hospital and the Woodbourne Centerville Library in 2018 and a Culture Works MCACD Artist Opportunity Grant in 2018 & 2020."",""decorations"":[]}}],""paragraphData"":{""textStyle"":{""textAlignment"":""AUTO""},""indentation"":0}},{""type"":""PARAGRAPH"",""id"":""6hjoz516"",""nodes"":[],""paragraphData"":{""textStyle"":{""textAlignment"":""AUTO""},""indentation"":0}},{""type"":""PARAGRAPH"",""id"":""gcs15667"",""nodes"":[{""type"":""TEXT"",""id"":"""",""nodes"":[],""textData"":{""text"":""She received her B.F.A. from The School of the Art Institute of Chicago, and a Master of Humanities, with a focus in Fine Arts, from Wright State University."",""decorations"":[]}}],""paragraphData"":{""textStyle"":{""textAlignment"":""AUTO""}}},{""type"":""PARAGRAPH"",""id"":""2b5ai669"",""nodes"":[{""type"":""TEXT"",""id"":"""",""nodes"":[],""textData"":{""text"":""Amy Kollar Anderson lives with her husband and their three cats in the birthplace of aviation, Dayton, Ohio. Until recently, she was the Gallery Coordinator for the Rosewood Gallery, but left that position to pursue her art career full-time."",""decorations"":[]}}],""paragraphData"":{""textStyle"":{""textAlignment"":""AUTO""}}}],""documentStyle"":{}}","Artist Statement: Inspired by her sewing hobby and the thrift stores she frequents, Amy Kollar Anderson’s paintings pair patterns, textures and colors in unconventional ways. Using a panel base, she builds the painting surface with layers of Pouring Medium embedded with unique materials, such as glitter, mica, washi, and holographic/metallic foils. These layers also include areas of paint that she applies with her fingers or in puddles, allowing the material to drip and evaporate in unpredictable ways. These dense layers hover above each other with an effect similar to glass or resin, then she incorporates detailed narrative images. The narratives explore tension/anxiety, obsession, humor, and transformation. Her subject matter is influenced by the natural world and her environmental concerns, dreams, and personal experiences. She recently finished a 13 panel series inspired by the symbolism of the Zodiac constellations and is currently working on another 13 panel series focused on the Celtic Tree Zodiac.","https://www.facebook.com/AmyKollarAnderson/","https://www.instagram.com/amykollaranderson/","http://www.kollaranderson.com",,"[{""src"":""wix:image://v1/648eff_5b01fefeba274f3196e39d283c25b880~mv2.jpg/The_Den_KollarAnderson.jpg#originWidth=1200&originHeight=1200"",""type"":""image"",""title"":""The_Den_KollarAnderson.jpg"",""slug"":""648eff_5b01fefeba274f3196e39d283c25b880mv2.jpg""}]","The Den","14 x 14","Acrylic, glitter and pouring medium on panel","wix:image://v1/648eff_7cda163afd6a4edb863384145588047e~mv2.jpg/Studio_2023_small.jpg#originWidth=2000&originHeight=1501","/artist/amy-kollar-anderson","/artists/","90232992-d7ff-45c2-be5b-4f40635e837e",2024-03-08T01:25:13Z,2026-03-03T23:19:34Z,"648eff38-1300-4400-b20a-ee65209af597"
"Erica Keener","Keener","erica@ericakeenerart.com","[""Drawing"",""Painting""]",,"{""nodes"":[{""type"":""PARAGRAPH"",""id"":""foo"",""nodes"":[{""type"":""TEXT"",""id"":"""",""nodes"":[],""textData"":{""text"":""Bio: With her bold use of color and her eye for natural detail, Erica’s work captures the world around us, asking viewers to reconsider even the most apparently ordinary scenes. In particular she enjoys trying to recreate clouds and storms as they move over the landscape. Through her paintings, Erica’s hope is to share the sanctuary that she finds in nature, particularly when contemplating the ever changing skies above. She encourages everyone to look around more often - and especially to look up."",""decorations"":[]}}],""paragraphData"":{""textStyle"":{""textAlignment"":""AUTO""},""indentation"":0}},{""type"":""PARAGRAPH"",""id"":""5aimc231"",""nodes"":[{""type"":""TEXT"",""id"":"""",""nodes"":[],""textData"":{""text"":""Working from her own reference photos, many taken in the vicinity of her home in the country in Preble County, the tactile nature of her preferred medium of pastels allows Erica to directly interact with the source of inspiration, creating pieces that evoke a sense of wonder and awe at the beauty of the natural world."",""decorations"":[]}}],""paragraphData"":{""textStyle"":{""textAlignment"":""AUTO""}}},{""type"":""PARAGRAPH"",""id"":""11181237"",""nodes"":[],""paragraphData"":{""textStyle"":{""textAlignment"":""AUTO""}}},{""type"":""PARAGRAPH"",""id"":""tj85e233"",""nodes"":[{""type"":""TEXT"",""id"":"""",""nodes"":[],""textData"":{""text"":""She is privileged to be a member of the supportive art community in Dayton and has a studio at the Front Street Art complex. Her award winning art has been exhibited in Richmond, Oxford, Dayton and Cincinnati and can be found at the McCullough-Hyde Memorial Hospital in Oxford, the Henny Penny Corporate Headquarters in Eaton, the Five Rivers Health Center Edmonton Campus in Dayton as well as local private collections throughout the Miami Valley area and beyond."",""decorations"":[]}}],""paragraphData"":{""textStyle"":{""textAlignment"":""AUTO""}}}],""documentStyle"":{}}","Artist Statement: I used to think of painting in solitary terms. It was simply straight-forward observation of light and shadow and color, capturing a fleeting moment on canvas or paper for my own satisfaction. But when others began to tell me about the joy my paintings brought to them, I realized it was more than that. It meant something. It was personal to them as well, it made them smile, gave them solace. What was on the surface just a painting of the sky or fields became a source of comfort and have come to realize that my little contribution to making the world a better place is to share with others the sanctuary that I have found when shadow and light and color come together in those fleeting moments of harmony. And maybe that small sanctuary in a chaotic world is not such a little thing after all.","https://www.facebook.com/ericakeenerart/","https://www.instagram.com/ericakeenerart/","https://www.ericakeenerart.com/contact",,"[{""description"":"""",""fileName"":"""",""slug"":""648eff_ed751437fee84eed8a908a59270bb0a1~mv2.jpeg"",""alt"":"""",""src"":""wix:image://v1/648eff_ed751437fee84eed8a908a59270bb0a1~mv2.jpeg/Scattering%2520copy.jpeg#originWidth=4376&originHeight=2073"",""title"":""Scattering copy.jpeg"",""type"":""image"",""settings"":{""width"":4376,""height"":2073,""focalPoint"":[0.5,0.5]}},{""description"":"""",""fileName"":""last glimpse copy.jpg"",""slug"":""ef7b27_1d7239d3634c49879f4fb44b2c3bd169~mv2.jpg"",""alt"":"""",""src"":""wix:image://v1/ef7b27_1d7239d3634c49879f4fb44b2c3bd169~mv2.jpg/last%2520glimpse%2520copy.jpg#originWidth=3339&originHeight=2283"",""title"":""last glimpse copy.jpg"",""type"":""image"",""settings"":{""width"":3339,""height"":2283,""focalPoint"":[0.5,0.5]}},{""description"":"""",""fileName"":""wave crash copy.jpeg"",""slug"":""ef7b27_6568a55ccc41439aae8fd0cf198f8792~mv2.jpeg"",""alt"":"""",""src"":""wix:image://v1/ef7b27_6568a55ccc41439aae8fd0cf198f8792~mv2.jpeg/wave%2520crash%2520copy.jpeg#originWidth=2000&originHeight=1295"",""title"":""wave crash copy.jpeg"",""type"":""image"",""settings"":{""width"":2000,""height"":1295,""focalPoint"":[0.5,0.5]}},{""description"":"""",""fileName"":""Pinkly Glow copy.JPG"",""slug"":""ef7b27_77a4435775c54fe4998b76326da64fb2~mv2.jpg"",""alt"":"""",""src"":""wix:image://v1/ef7b27_77a4435775c54fe4998b76326da64fb2~mv2.jpg/Pinkly%2520Glow%2520copy.JPG#originWidth=2500&originHeight=1647"",""title"":""Pinkly Glow copy.JPG"",""type"":""image"",""settings"":{""width"":2500,""height"":1647,""focalPoint"":[0.5,0.5]}},{""description"":"""",""fileName"":""Cedar Falls copy.JPG"",""slug"":""ef7b27_b32440f3ccb74993b888e779791ebe31~mv2.jpg"",""alt"":"""",""src"":""wix:image://v1/ef7b27_b32440f3ccb74993b888e779791ebe31~mv2.jpg/Cedar%2520Falls%2520copy.JPG#originWidth=1877&originHeight=2500"",""title"":""Cedar Falls copy.JPG"",""type"":""image"",""settings"":{""width"":1877,""height"":2500,""focalPoint"":[0.5,0.5]}},{""description"":"""",""fileName"":""wave crash copy.jpeg"",""slug"":""ef7b27_6568a55ccc41439aae8fd0cf198f8792~mv2.jpeg"",""alt"":"""",""src"":""wix:image://v1/ef7b27_6568a55ccc41439aae8fd0cf198f8792~mv2.jpeg/wave%2520crash%2520copy.jpeg#originWidth=2000&originHeight=1295"",""title"":""wave crash copy.jpeg"",""type"":""image"",""settings"":{""width"":2000,""height"":1295,""focalPoint"":[0.5,0.5]}}]","Last Glimpse","6 x 9","Pastel","wix:image://v1/ef7b27_c82df34519f142a388170cba217dada9~mv2.jpg/e%20keener%20profile.jpg#originWidth=4515&originHeight=6769","/artist/erica-keener","/artists/","91299bde-ea60-4dac-9a6f-082466e38df6",2024-03-17T12:17:28Z,2026-03-06T12:27:26Z,"648eff38-1300-4400-b20a-ee65209af597"
"Karen Bender","Bender","karenleebender@gmail.com","[""Drawing"",""Painting""]","513 320 5352","{""documentStyle"":{},""nodes"":[{""id"":""foo"",""nodes"":[{""id"":"""",""nodes"":[],""textData"":{""decorations"":[{""fontWeightValue"":700,""type"":""BOLD""}],""text"":""Bio: ""},""type"":""TEXT""},{""id"":"""",""nodes"":[],""textData"":{""decorations"":[{""fontWeightValue"":700,""type"":""BOLD""},{""colorData"":{""background"":""rgb(255, 255, 255)"",""foreground"":""rgb(34, 34, 34)""},""type"":""COLOR""}],""text"":""I knew at age 5 I wanted to be an artist and have pursued my passion ever since. My primary media are pen drawings, acrylic, and watercolor paintings. I am proud to call Southwest Ohio my home.  ""},""type"":""TEXT""}],""paragraphData"":{""indentation"":0,""textStyle"":{""textAlignment"":""AUTO""}},""type"":""PARAGRAPH""}]}","Artist Statement: My story begins with a deep connection to my subject matter, whether it be animal, human, landscape, or still life. I portray intimate, vulnerable moments through highly detailed and realistic ink drawings. The solitary figures go beyond representation; they engage in a shared introspective experience with the viewer so that art and audience listen to and understand one another.  

","https://www.facebook.com/profile.php?id=100013043885207","https://www.instagram.com/karen_bender_artworks/","https://karenbenderartworks.com/",,"[{""description"":"""",""fileName"":""IMG_0849.jpeg"",""slug"":""efd583_5f0af420026845fbb8cc101305c6e5a6~mv2.jpeg"",""alt"":"""",""src"":""wix:image://v1/efd583_5f0af420026845fbb8cc101305c6e5a6~mv2.jpeg/IMG_0849.jpeg#originWidth=1280&originHeight=1741"",""title"":""IMG_0849.jpeg"",""type"":""image"",""settings"":{""focalPoint"":[0.5,0.5],""height"":1741,""width"":1280}}]","Jen during Swing","11"" x 14""","Pen","wix:image://v1/efd583_c03857b3d3ea4a32871c0aa88b31b145~mv2.jpeg/IMG_5239.jpeg#originWidth=2316&originHeight=3088","/artist/karen","/artists/","91c0d29c-485b-4d31-905a-1e0e66e5d021",2026-03-30T13:42:36Z,2026-06-14T12:46:15Z,"37a00a83-8de6-4c78-aaec-4ad3b7010549"
"Gretchen Durst Jacobs","Jacobs","gretchendurstjacobs@gmail.com","[""Drawing"",""Painting"",""Printmaking""]","9376094225","{""nodes"":[{""type"":""PARAGRAPH"",""id"":""foo"",""nodes"":[{""type"":""TEXT"",""id"":"""",""nodes"":[],""textData"":{""text"":""Bio: Gretchen Durst Jacobs was born in Dayton, Ohio. She holds degrees in painting from Wright State University in Dayton, OH (BFA, 2000) and The University of Cincinnati, Cincinnati, OH (MFA, 2008). In 2000 and 2001, she attended The New York Studio School, Drawing and Painting Marathons. She received a Montgomery County Arts and Cultural District, Individual Artist Grant in 2023. Her work has been the subject of 9 solo exhibitions. She has shown extensively in Ohio, the US and Canada venues including Manifest Gallery, Cincinnati, OH (2023), The Lambton Heritage Museum, Ontario, Canada (2022) The Dana Wiley Gallery, Dayton, OH (2021), The University of Cincinnati (2018), Truro Center for the Arts at Castle Hill, (2020) Zea Mays, Florence, MA (2019) Morgan Conservatory, Cleveland, OH (2019) Alten Feuerwache Loschwitz, Grafikwerkstatt, Dresden, Germany (2018), Dayton/Kyoto Print Exchange, (2016, 2018, 2020, 2023), Ohio Northern University (2010). You can see her public art installed at The Dayton Metro Library (completed in 2017) and the Kettering Government Center (completed 2015). She is represented by The Dana Wiley Gallery, Dayton, Ohio."",""decorations"":[]}}],""paragraphData"":{""textStyle"":{""textAlignment"":""AUTO""},""indentation"":0}}],""documentStyle"":{}}","Artist Statement: I create non-objective paintings informed by the scale of my body; most of my paintings are near my height and reach from fingertip to fingertip. I am fascinated by the qualities of color, movement, rhythm, and space. I work with themes such as the natural world, climate change, and feminist ideas. A limited and carefully considered color palette references the body/nature, psychological interior and power. Muscle memory informs my mark-making, aligning my perception and thoughts. Paint is applied intuitively and is expressive and tender, and in this, I embody the landscape.
A carefully designed grid is at the heart of each new painting. The grid forms a hard and soft boundary for the work and creates a mutable tension between the geometry and the interweaving large gesture. This pictorial dichotomy references the relational dualism at work in our modern lives and our environment.
The dominant canon of abstract painting has long been associated with masculinity, and so I reclaim this process as I wonder, what is feminine abstract painting? As a woman it is what I know. By utilizing all of my faculties, body and mind, I can best observe my subject of consequence—my enduring and sacred relationship with the natural world and its essential place in my life and work.",,"https://www.instagram.com/gretchendjacobs/","https://gretchendurstjacobs.com",,"[{""description"":"""",""slug"":""648eff_263896132a044a3987fd6ba79457ce9e~mv2.jpg"",""alt"":"""",""src"":""wix:image://v1/648eff_263896132a044a3987fd6ba79457ce9e~mv2.jpg/Gold%2520Rush.jpg#originWidth=2578&originHeight=3072"",""title"":""Gold Rush.jpg"",""type"":""image"",""settings"":{""width"":2578,""height"":3072,""focalPoint"":[0.5,0.5]}}]","Gold Rush","42""x50""","acrylic on paper mounted to panel","wix:image://v1/648eff_a5c03e9bf4ac40cc9b79d1d1d9329f1a~mv2.jpeg/IMG_4121.jpeg#originWidth=2316&originHeight=3088","/artist/gretchen-durst-jacobs","/artists/","92817f08-fec5-4fa8-85dc-865a19e2b1a0",2024-03-10T23:55:45Z,2026-03-03T23:32:12Z,"648eff38-1300-4400-b20a-ee65209af597"
"Lydia Williamson","Williamson","lydiawdesign@gmail.com","[""Drawing"",""Painting""]","5137557892","{""nodes"":[{""type"":""PARAGRAPH"",""id"":""foo"",""nodes"":[{""type"":""TEXT"",""id"":"""",""nodes"":[],""textData"":{""text"":""Bio: "",""decorations"":[]}},{""type"":""TEXT"",""id"":"""",""nodes"":[],""textData"":{""text"":""I’m Lydia Williamson, an acrylic and mixed media painter with a studio and gallery in Dayton, Ohio, which I opened three years ago with my dad. I’ve been a professional artist for five years, and my work revolves around my \""NOODLE People,\"" a series of exaggerated, long-limbed people that explore the humor and awkwardness of human experience. "",""decorations"":[{""type"":""COLOR"",""colorData"":{""background"":""rgb(255, 255, 255)"",""foreground"":""rgb(71, 71, 71)""}}]}}],""paragraphData"":{""textStyle"":{""textAlignment"":""AUTO""},""indentation"":0}},{""type"":""PARAGRAPH"",""id"":""zd2bg142"",""nodes"":[],""paragraphData"":{""textStyle"":{""textAlignment"":""AUTO""},""indentation"":0}},{""type"":""PARAGRAPH"",""id"":""lmcxs146"",""nodes"":[{""type"":""TEXT"",""id"":"""",""nodes"":[],""textData"":{""text"":""One of the most notable aspects of my artistic journey is the development of this distinct style, which has allowed me to create accessible, playful pieces that encourage viewers to project their own meaning onto them. What excites me most right now is experimenting with new ways to push the boundaries of these figures—exploring how abstract or surreal they can become while still inviting connection and curiosity."",""decorations"":[{""type"":""COLOR"",""colorData"":{""background"":""rgb(255, 255, 255)"",""foreground"":""rgb(71, 71, 71)""}}]}}],""paragraphData"":{""textStyle"":{""textAlignment"":""AUTO""},""indentation"":0}},{""type"":""PARAGRAPH"",""id"":""0js8z151"",""nodes"":[],""paragraphData"":{""textStyle"":{""textAlignment"":""AUTO""},""indentation"":0}},{""type"":""PARAGRAPH"",""id"":""9nvfu137"",""nodes"":[{""type"":""TEXT"",""id"":"""",""nodes"":[],""textData"":{""text"":""My creative practice is about freedom, spontaneity, and the joy of creating without rigid rules. Each piece is an adventure, and I’m always excited to see where the noodle people take me next."",""decorations"":[{""type"":""COLOR"",""colorData"":{""background"":""rgb(255, 255, 255)"",""foreground"":""rgb(71, 71, 71)""}}]}}],""paragraphData"":{""textStyle"":{""textAlignment"":""AUTO""},""indentation"":0}}],""documentStyle"":{}}","Artist Statement: My artwork features ""Noodle People"" with elongated limbs, inviting viewers to explore the playful and open-ended nature of human expression.",,"https://www.instagram.com/lydianoodlegirl/",,,"[{""description"":"""",""slug"":""648eff_8ce2c9ab685041299a92d3386ba92eca~mv2.jpg"",""alt"":"""",""src"":""wix:image://v1/648eff_8ce2c9ab685041299a92d3386ba92eca~mv2.jpg/_.jpg#originWidth=3024&originHeight=4032"",""title"":"""",""type"":""image"",""settings"":{""width"":3024,""height"":4032,""focalPoint"":[0.5,0.5]}}]","My Studio Table",,"Mixed Media","wix:image://v1/648eff_f758bc7cbf10414fb1ad2ab02f6a0fcd~mv2.jpg/Lydia%20Williamson%20Face.jpg#originWidth=4672&originHeight=3648","/artist/lydia-williamson","/artists/","92d64cd9-f3de-4af2-9705-7aeb135cacc6",2024-10-29T23:37:42Z,2026-03-03T23:28:07Z,"648eff38-1300-4400-b20a-ee65209af597"
"Christy Veres","Veres","vereschristy@gmail.com","[""Drawing"",""Painting"",""Printmaking"",""Woodburning"",""Etching""]","9372164858","{""nodes"":[{""type"":""PARAGRAPH"",""id"":""foo"",""nodes"":[{""type"":""TEXT"",""id"":"""",""nodes"":[],""textData"":{""text"":""Bio: Christy Veres was born in Dayton, Ohio August 14th, 1971. Her family then relocated to Troy, in 1978 where she was raised and continues to reside. She did temporarily move to Louisiana from 1999 to 2006 for her then employer The Berry Company. She since moved back to Troy Ohio where she currently resides."",""decorations"":[]}}],""paragraphData"":{""textStyle"":{""textAlignment"":""AUTO""},""indentation"":0}},{""type"":""PARAGRAPH"",""id"":""xhf6p379"",""nodes"":[],""paragraphData"":{""textStyle"":{""textAlignment"":""AUTO""},""indentation"":0}},{""type"":""PARAGRAPH"",""id"":""damis370"",""nodes"":[{""type"":""TEXT"",""id"":"""",""nodes"":[],""textData"":{""text"":""Christy has always been creative and enjoyed nature and the outdoors. She Graduated from Troy High School in 1989 and did participate in the Troy High school art program. From there she went to University of Cincinnati College of Business in 1990 and Transferred to Sinclair Community College in 1991 to study the newly created Computer Art program where she received her Associate of Applied Science in Computer/Commercial Art in 1993."",""decorations"":[]}}],""paragraphData"":{""textStyle"":{""textAlignment"":""AUTO""}}},{""type"":""PARAGRAPH"",""id"":""2k2z0386"",""nodes"":[],""paragraphData"":{""textStyle"":{""textAlignment"":""AUTO""}}},{""type"":""PARAGRAPH"",""id"":""ceo2v372"",""nodes"":[{""type"":""TEXT"",""id"":"""",""nodes"":[],""textData"":{""text"":""She worked several internships and jobs in the art field from Newspaper layout and design to T-Shirt Screen Printing design, sign making and Event Coordinating then the Berry Company in 1998 as a Yellow page Ad and Cover designer, She was promoted to Unit manager in Publishing and was relocated to Louisiana. She left the Berry company 2011 and worked a couple Factory Jobs F&P and MVP . In 2017 and illness halted everything and left her disabled and unable to work."",""decorations"":[]}}],""paragraphData"":{""textStyle"":{""textAlignment"":""AUTO""}}},{""type"":""PARAGRAPH"",""id"":""1uyd2393"",""nodes"":[],""paragraphData"":{""textStyle"":{""textAlignment"":""AUTO""}}},{""type"":""PARAGRAPH"",""id"":""9sy2h374"",""nodes"":[{""type"":""TEXT"",""id"":"""",""nodes"":[],""textData"":{""text"":""All the spare time was unnerving. Her family encouraged her to get back to painting buying her some paints and coloring books. She was resistant until her fiancé, Frank bought her a woodburning kit and from there it was off to the races....... and the rest is history or actually the Future.... She started Christy Veres Art formerly Gitch Graphix and attends Festivals and Markets such as 3rd Sundays at Front Street as well as online sales and Galleries."",""decorations"":[]}}],""paragraphData"":{""textStyle"":{""textAlignment"":""AUTO""}}},{""type"":""PARAGRAPH"",""id"":""cjwms400"",""nodes"":[],""paragraphData"":{""textStyle"":{""textAlignment"":""AUTO""}}},{""type"":""PARAGRAPH"",""id"":""ixlli376"",""nodes"":[{""type"":""TEXT"",""id"":"""",""nodes"":[],""textData"":{""text"":""Her Bohemian Folk style is well mixed with her refurbishing of materials such as wood, metals and canvases to produce her art work. She works with a variety of medium, Mainly Acrylic paint on Canvas and wood and wood carving but works with just about every medium out there. Woodburning, carving, etching, watercolor, oil pastels, chalk pastels, colored pencils, alcohol inks, clay and more. Some of her favorite artists are Ansel Adams, Georgia O’Keeffe, Keith Haring, Mike Elsass, and Matt Behyer."",""decorations"":[]}}],""paragraphData"":{""textStyle"":{""textAlignment"":""AUTO""}}}],""documentStyle"":{}}","Artist Statement: I have been an artist all of my life always wanting to create for others’ enjoyment. It is wonderful to see the happiness on the observers’’ faces and to hear their thoughts, both positive and negative, on the works they are observing. I thoroughly enjoy creating art in different media and exploring new ideas. To create a unique take of reality. I am often sidetracked with by new media and projects.

My formal training in art began in high school in Troy, then at the University of Cincinnati, continued at Bowling Green University and was completed at Sinclair Community College. I currently take advantage of the many workshops and training sessions offered.

Because of my interest in many variations of art, I have a variety of followers interested in different forms of my art.

I like to create a unique version of the original in everything I create. I am inspired by my fellow artists, nature and others.",,,"https://www.christyveresart.com",,"[{""description"":"""",""slug"":""648eff_207b47522fb7479c8a3f307db3b8e712~mv2.jpg"",""alt"":"""",""src"":""wix:image://v1/648eff_207b47522fb7479c8a3f307db3b8e712~mv2.jpg/inbound2548424684327602943.jpg#originWidth=2312&originHeight=2902"",""title"":""inbound2548424684327602943.jpg"",""type"":""image"",""settings"":{""width"":2312,""height"":2902,""focalPoint"":[0.5,0.5]}}]","DAISY DAZE","24x36","Mixed media","wix:image://v1/648eff_1c278bea50b74c72b4bd9a21c7294da4~mv2.jpg/inbound2942600299474521771.jpg#originWidth=624&originHeight=1280","/artist/christy-veres","/artists/","9845eae8-9024-4f48-a033-4bd7e09d6e38",2024-03-17T12:48:08Z,2026-03-03T23:28:36Z,"648eff38-1300-4400-b20a-ee65209af597"
"Cydnie King","King","artisticspyder@aol.com","[""Drawing"",""Painting""]",,"{""nodes"":[{""type"":""PARAGRAPH"",""id"":""foo"",""nodes"":[{""type"":""TEXT"",""id"":"""",""nodes"":[],""textData"":{""text"":""Bio: Cydnie L. King was born and raised in St. Louis, MO and now lives in Fairborn, Ohio. Cydnie earned a Bachelor of Arts with Emphasis in Studio Art degree at Webster University in 2012 and took part in The Contemporary Dayton’s ArtSource Fellows Workshop in 2018. She taught art for Manuel Creative Arts Academy and has worked with The Contemporary Dayton since 2014."",""decorations"":[]}}],""paragraphData"":{""textStyle"":{""textAlignment"":""AUTO""},""indentation"":0}},{""type"":""PARAGRAPH"",""id"":""ehvc94224"",""nodes"":[],""paragraphData"":{""textStyle"":{""textAlignment"":""AUTO""},""indentation"":0}},{""type"":""PARAGRAPH"",""id"":""gqhmv1139"",""nodes"":[{""type"":""TEXT"",""id"":"""",""nodes"":[],""textData"":{""text"":""Cydnie is also an exhibiting artist. She is part of the Women Strong Art Group/Exhibition and has had solo and group shows throughout Missouri and Ohio. Her main body of work explores the connection between humanity and nature by depicting figures melding into botanicals. She draws inspiration from her parents’ love of flowers and wildlife that they also instilled in her, despite living in a city. It reminded her of how nature is always around and that no one is immune to its forces. She uses bright, vivid colors to illustrate how inseparable humans are from the nature around us, no matter how hard we try. She mainly works with inks, soft pastels, color pencils and charcoals because she likes the fluidity of each medium together and the saturation of colors that help emphasize the power of the images she creates."",""decorations"":[]}}],""paragraphData"":{""textStyle"":{""textAlignment"":""AUTO""}}}],""documentStyle"":{}}","Artist Statement: What I mainly focus on are my interpretations of the human connection to nature by showing botanicals as part of the human body as well as circuits flowing through plants and natural settings. This is to emphasize that parts of humanity are very similar to parts of the natural world and that the bond between the two is still present no matter how humanity tries to sometimes distance itself. It is also my creative take on genetic modification of nature. We want our plants to grow bigger, taste better, look prettier, but how often do we stop and consider what all these technological changes are doing to the plants? Does it make them look better? Does it truly help them achieve optimum performance?","https://www.facebook.com/cydnie.deed/","https://www.instagram.com/cydnie_ld_king/","https://www.cydniedeedking.com/",,"[{""src"":""wix:image://v1/648eff_e4aee1eb44a04af9ac12185215df8219~mv2.jpg/Circuits%20of%20Chloriciboria%20II.jpg#originWidth=960&originHeight=1240"",""type"":""image"",""title"":""Circuits of Chloriciboria II.jpg"",""slug"":""648eff_e4aee1eb44a04af9ac12185215df8219mv2.jpg""}]","Symbiosis (Circuits of Chloriciboria II)","14 x 17 inches","ink, ink wash and color pencil on paper","wix:image://v1/648eff_078519f8bffc4fd19668f099fefb168e~mv2.jpg/2023%20Headshot%20by%20Franz.jpg#originWidth=2048&originHeight=2048","/artist/cydnie-king","/artists/","996178cc-54da-4d2f-af24-1d2956def921",2024-03-08T01:43:47Z,2026-03-03T23:31:55Z,"648eff38-1300-4400-b20a-ee65209af597"
"Bill Franz","Franz","billfranz17@gmail.com","[""Photography""]","9376840439  ","{""documentStyle"":{},""nodes"":[{""id"":""q37wm309"",""nodes"":[{""id"":"""",""nodes"":[],""textData"":{""decorations"":[{""fontWeightValue"":700,""type"":""BOLD""}],""text"":""Bio: ""},""type"":""TEXT""},{""id"":"""",""nodes"":[],""textData"":{""decorations"":[{""fontWeightValue"":700,""type"":""BOLD""},{""colorData"":{""background"":""rgb(255, 255, 255)"",""foreground"":""rgb(34, 34, 34)""},""type"":""COLOR""}],""text"":""In retirement I bought a camera, learned how to use it, and became a volunteer photographer. My first project was photographing dogs and cats at the Humane Society of Greater Dayton. That was so much fun that I went on to do photo projects for over a dozen other local nonprofits, plus local cities, schools, churches and small businesses. ""},""type"":""TEXT""}],""paragraphData"":{},""type"":""PARAGRAPH""},{""id"":""dljtr311"",""nodes"":[],""paragraphData"":{""textStyle"":{""textAlignment"":""AUTO""}},""type"":""PARAGRAPH""},{""id"":""1s5qw312"",""nodes"":[],""paragraphData"":{""textStyle"":{""textAlignment"":""AUTO""}},""type"":""PARAGRAPH""},{""id"":""p7yzz313"",""nodes"":[{""id"":"""",""nodes"":[],""textData"":{""decorations"":[{""fontWeightValue"":700,""type"":""BOLD""},{""colorData"":{""background"":""rgb(255, 255, 255)"",""foreground"":""rgb(34, 34, 34)""},""type"":""COLOR""}],""text"":""After years of volunteer photography, I started exhibiting my work. Profits from the exhibition and sale of my prints went to the same local nonprofits I’ve done volunteer work for.""},""type"":""TEXT""}],""paragraphData"":{},""type"":""PARAGRAPH""},{""id"":""eegly315"",""nodes"":[],""paragraphData"":{""textStyle"":{""textAlignment"":""AUTO""}},""type"":""PARAGRAPH""},{""id"":""5qq64316"",""nodes"":[],""paragraphData"":{""textStyle"":{""textAlignment"":""AUTO""}},""type"":""PARAGRAPH""},{""id"":""g6001317"",""nodes"":[{""id"":"""",""nodes"":[],""textData"":{""decorations"":[{""fontWeightValue"":700,""type"":""BOLD""},{""colorData"":{""background"":""rgb(255, 255, 255)"",""foreground"":""rgb(34, 34, 34)""},""type"":""COLOR""}],""text"":""My art changed in September 2024 when Donald Trump, on national television, said Haitians in Springfield were eating people’s pets. Calling Haitians dog-eaters reminded me of the names the Tutsis were called before they were massacred in Rwanda, and the names Jews were called before their German citizenship was stripped away. I decided to start paying attention to government actions towards immigrants and then use art to help me process what I learned.  ""},""type"":""TEXT""}],""paragraphData"":{},""type"":""PARAGRAPH""}]}","Artist Statement: In 2025 I created a series of 12 pieces using photos of children to represent undocumented immigrant children.  The government was abusing immigrants, the most vulnerable people in the country.  I wanted to emphasize that by highlighting the most vulnerable members of that group – children.   All 12 can be seen at https://billfranz.smugmug.com/SERIES/NOT-CRIMINAL   

The work has been shown in exhibitions in Dayton, Cincinnati and Grand Rapids.  The images are now hanging in homes, churches, high school classes, nonprofit offices and even a courtroom.  The images are free to anyone willing to reimburse me for postage and the cost of printing.     

More than 50 of the images have been printed on T-shirts and book bags.   If you would like to do the same, I’d be happy to send a file you can use at no charge.

I’m currently working on a new series that also deals with the administration’s war on immigrants.  It’s called “and I quote.”  ","https://www.facebook.com/DaytonAtWorkAndPlay","https://www.instagram.com/billfranz17/","https://billfranz.smugmug.com/",,"[{""description"":"""",""fileName"":""_M9A6262-Edit-3-Edit-2-Edit-4-Edit-Edit.JPG"",""slug"":""abec72_d78357821cf14632b0535c8cf7680fd3~mv2.jpg"",""alt"":"""",""src"":""wix:image://v1/abec72_d78357821cf14632b0535c8cf7680fd3~mv2.jpg/_M9A6262-Edit-3-Edit-2-Edit-4-Edit-Edit.JPG#originWidth=4800&originHeight=3840"",""title"":""_M9A6262-Edit-3-Edit-2-Edit-4-Edit-Edit.JPG"",""type"":""image"",""settings"":{""focalPoint"":[0.5,0.5],""height"":3840,""width"":4800}}]","Miquel is not a criminal  ","16x20","pigment ink on canvas ","wix:image://v1/abec72_731767133d0545cab82138d6535e711c~mv2.jpg/DSC01718-Edit-Edit-Edit-2.JPG#originWidth=1827&originHeight=1827","/artist/bill-frantz","/artists/","99d33453-fdc0-470d-9461-87dd9d709605",2026-04-13T20:02:36Z,2026-06-14T12:46:54Z,"37a00a83-8de6-4c78-aaec-4ad3b7010549"
"Paul Lyons","Lyons","photo@stormfalconstudios.com","[""Photography""]","9373191425","{""nodes"":[{""type"":""PARAGRAPH"",""id"":""foo"",""nodes"":[{""type"":""TEXT"",""id"":"""",""nodes"":[],""textData"":{""text"":""Bio: "",""decorations"":[]}},{""type"":""TEXT"",""id"":"""",""nodes"":[],""textData"":{""text"":""Paul Lyons, known professionally as Hitch, is a Dayton-based fine art photographer with over 30 years of experience. Inspired by his Appalachian upbringing and later life living in the city, much of Paul’s work explores the contrast between natural landscapes and urban environments. His photography focuses on capturing the emotional and visual tension between these two worlds, inviting viewers to reflect on their surroundings in new ways. This dichotomy of influence in his life leads to a unique perspective on beauty and creates a viewpoint that's expressed in all of his artistic work."",""decorations"":[{""type"":""COLOR"",""colorData"":{""background"":""rgb(255, 255, 255)"",""foreground"":""rgb(71, 71, 71)""}}]}}],""paragraphData"":{""textStyle"":{""textAlignment"":""AUTO""},""indentation"":0}},{""type"":""PARAGRAPH"",""id"":""hm0sy135"",""nodes"":[],""paragraphData"":{""textStyle"":{""textAlignment"":""AUTO""},""indentation"":0}},{""type"":""PARAGRAPH"",""id"":""c13wz140"",""nodes"":[{""type"":""TEXT"",""id"":"""",""nodes"":[],""textData"":{""text"":""In addition to taking photographs, Paul is passionate about teaching. He offers workshops and classes, sharing both the art and science of photography with aspiring photographers. Through exhibitions, community engagement, and education, Paul continues to inspire others while expanding his own artistic journey."",""decorations"":[{""type"":""COLOR"",""colorData"":{""background"":""rgb(255, 255, 255)"",""foreground"":""rgb(71, 71, 71)""}}]}}],""paragraphData"":{""textStyle"":{""textAlignment"":""AUTO""},""indentation"":0}}],""documentStyle"":{}}","Artist Statement: Photography has always been my way of interpreting the world—an extension of how I see and experience life. From the moment my father handed me a camera at age eight, I became captivated by the process of transforming fleeting moments into lasting visual stories. Over the years, what began as a personal passion evolved into both a lifelong pursuit of artistic expression and a love for teaching. Through workshops and classes, I enjoy sharing the art and science of photography, helping others develop their own creative voice.

My work is inspired by the contrast between two environments that have shaped my life: the natural beauty of my Appalachian upbringing and the urban energy of Dayton, Ohio. This duality drives my artistic vision, and I strive to capture the tension and harmony between the man-made and the natural in my photographs. Whether it’s gritty city streets or tranquil mountain vistas, I aim to evoke emotion and spark reflection in those who view my work.

Having worked as a photographer for over 30 years, I’ve captured everything from intimate portraits to large events. Now, I’m focused on creating fine art that tells a cohesive story, blending my past and present. At the same time, I continue to teach and share what I’ve learned, because for me, photography isn’t just about what I see—it’s about connecting with others, inspiring new perspectives, and helping others discover the joy of capturing the world around them.","http://www.facebook.com/stormfalconstudios","http://www.instagram.com/stormfalconstudios/","http://www.StormFalconStudios.com",,"[{""description"":"""",""slug"":""648eff_40693a1e03564f06847515122533ccdd~mv2.jpg"",""alt"":"""",""src"":""wix:image://v1/648eff_40693a1e03564f06847515122533ccdd~mv2.jpg/_.jpg#originWidth=2048&originHeight=1624"",""title"":"""",""type"":""image"",""settings"":{""width"":2048,""height"":1624,""focalPoint"":[0.5,0.5]}}]","Foggy Dayton #2","24x36","Photographic Print","wix:image://v1/648eff_51628992f93e48a898aad23576ff59ab~mv2.jpg/Hitch.jpg#originWidth=873&originHeight=878","/artist/paul-lyons","/artists/","a0d90802-b84e-4f7d-aec7-484e35db1ee8",2025-01-09T14:57:02Z,2026-03-03T23:31:35Z,"648eff38-1300-4400-b20a-ee65209af597"
"Tom Croce","Croce","info@tomcrocephoto.com","[""Photography""]","5132181614","{""nodes"":[{""type"":""PARAGRAPH"",""id"":""foo"",""nodes"":[{""type"":""TEXT"",""id"":"""",""nodes"":[],""textData"":{""text"":""Bio: "",""decorations"":[]}},{""type"":""TEXT"",""id"":"""",""nodes"":[],""textData"":{""text"":""I am a self taught landscape and nature photographer I am a native Ohioan. I received a Bachelor Degree in Design from Miami University in Oxford, Ohio. In 1987 I received a Master of Architecture from Washington University in Saint Louis, Mo. I have always had a love of nature, wildlife and photography, and have always had a camera. In 2010 I began to pursue nature photography as a full time photographer."",""decorations"":[{""type"":""COLOR"",""colorData"":{""background"":""rgb(255, 255, 255)"",""foreground"":""rgb(71, 71, 71)""}}]}}],""paragraphData"":{""textStyle"":{""textAlignment"":""AUTO""},""indentation"":0}}],""documentStyle"":{}}","Artist Statement: My passion for nature photography has taken me to places that continue to take my breath away. In my work, I seek to intertwine the beauty of nature with the philosophy of our shared existence. Each photograph serves as a reflection of my journey through diverse landscapes, capturing moments where light dances with form, revealing the intricate connection between all living things. The imagery often centers on natural scenes—trees silhouetted against expansive skies, the soft glow of sunsets washing over mountains—inviting a sense of serenity and contemplation. My passion for the environment drives me to discover and document the ephemeral beauty surrounding us. Each outing into the wilderness is an opportunity for growth, both as an artist and as a human. I approach photography as an ethical practice, guided by principles that emphasize mindfulness and respect for nature. I strive to present each scene not merely as a visual representation but as a narrative that showcases the inherent value of life and the interconnectedness of all beings. Through this art, I aim to inspire others to pause and reflect, to recognize the beauty in their own surroundings, and to cherish the lessons hidden in each moment. My work embodies a philosophy rooted in curiosity and appreciation—a reminder that everything is beautiful if we choose to see it.","https://www.facebook.com/Tom.Croce.Photo","https://www.instagram.com/tcrocephoto/","https://www.tomcrocephoto.com",,"[{""description"":"""",""slug"":""648eff_e934b06916324b26a5a09b5c428c59e7~mv2.jpg"",""alt"":"""",""src"":""wix:image://v1/648eff_e934b06916324b26a5a09b5c428c59e7~mv2.jpg/_.jpg#originWidth=1350&originHeight=900"",""title"":"""",""type"":""image"",""settings"":{""width"":1350,""height"":900,""focalPoint"":[0.5,0.5]}}]","Tempest Over Monument Rocks","32""X48""","Photography","wix:image://v1/648eff_9bb3e963f64e4d029157587803a82d1c~mv2.jpg/1-2.jpg#originWidth=840&originHeight=600","/artist/tom-croce","/artists/","a1b3e7c9-2b10-4c66-a8dd-b3dfbd2209e5",2025-01-26T02:59:28Z,2026-03-03T23:20:58Z,"648eff38-1300-4400-b20a-ee65209af597"
"Avory Mayenschein","Mayenschein","avorykmay@gmail.com","[""Painting"",""Drawing"",""Mural"",""Watercolor""]",,"{""nodes"":[{""type"":""PARAGRAPH"",""id"":""foo"",""nodes"":[{""type"":""TEXT"",""id"":"""",""nodes"":[],""textData"":{""text"":""Bio: "",""decorations"":[]}},{""type"":""TEXT"",""id"":"""",""nodes"":[],""textData"":{""text"":""Avory Mayenschein is an emerging artist based in Fairborn, Ohio. In 2025 she obtained 2 degrees from Ohio Northern University, one being a Bachelor of Arts in Studio Arts. Working primarily in watercolor and acrylic, her practice emphasizes bold color and evolving style. "",""decorations"":[{""type"":""COLOR"",""colorData"":{""background"":""rgb(255, 255, 255)"",""foreground"":""rgb(71, 71, 71)""}}]}}],""paragraphData"":{""textStyle"":{""textAlignment"":""AUTO""},""indentation"":0}},{""type"":""PARAGRAPH"",""id"":""0xr7n323"",""nodes"":[],""paragraphData"":{""textStyle"":{""textAlignment"":""AUTO""},""indentation"":0}},{""type"":""PARAGRAPH"",""id"":""tvlpj326"",""nodes"":[{""type"":""TEXT"",""id"":"""",""nodes"":[],""textData"":{""text"":""She has participated in three exhibitions, including a Congressional Art Show, Habitat for Humanity Fundraising Exhibition and a Senior Capstone Show. Her work also includes a public mural displayed at G5 Pizza and Wings in Enon, Ohio. "",""decorations"":[{""type"":""COLOR"",""colorData"":{""background"":""rgb(255, 255, 255)"",""foreground"":""rgb(71, 71, 71)""}}]}}],""paragraphData"":{""textStyle"":{""textAlignment"":""AUTO""},""indentation"":0}},{""type"":""PARAGRAPH"",""id"":""eq8fg330"",""nodes"":[],""paragraphData"":{""textStyle"":{""textAlignment"":""AUTO""},""indentation"":0}},{""type"":""PARAGRAPH"",""id"":""tb9xl334"",""nodes"":[{""type"":""TEXT"",""id"":"""",""nodes"":[],""textData"":{""text"":""Encouraged by her mom at a young age to follow her passion, Avory continues to seek opportunities for growth, collaboration, and creative expansion as she develops her artistic voice."",""decorations"":[{""type"":""COLOR"",""colorData"":{""background"":""rgb(255, 255, 255)"",""foreground"":""rgb(71, 71, 71)""}}]}}],""paragraphData"":{""textStyle"":{""textAlignment"":""AUTO""},""indentation"":0}}],""documentStyle"":{}}","Artist Statement: Let me sum up everything you're about to read: I love Art!

I am an emerging artist from Fairborn, Ohio working primarily in watercolor and acrylic. As I continue finding my visual niche, I allow my style to evolve instead of forcing it into one specific look. My work is shaped by curiosity, intuition, and the experiences around me, and I value growth and play just as much as the finished piece.

Color is at the center of everything I create. It brings energy and movement into my work and builds depth through layering. The longer you sit with a piece, the more it begins to reveal itself. I want my artwork to feel worth slowing down for, something that invites a closer look rather than being passed by.

My process often combines multiple reference images or focusing on whatever is physically in front of me. I blend observation with instinct and let each piece develop in a way that feels natural to me instead of overly controlled. That balance between structure and freedom is important to my practice.

When I experience other artists’ work, I approach it with awe and gratitude. There is something powerful about seeing someone translate their inner thoughts onto a canvas. I hope my work is received with that same openness and appreciation, leaving space for personal interpretation and connection.","https://www.facebook.com/profile.php?id=100072200200277","https://www.instagram.com/artistavorymay/",,,"[{""description"":"""",""fileName"":""Screenshot 2026-02-25 at 3.49.36 PM.png"",""slug"":""648eff_b84a00730b3e4c94919e0c252aabf290~mv2.png"",""alt"":"""",""src"":""wix:image://v1/648eff_b84a00730b3e4c94919e0c252aabf290~mv2.png/Screenshot%25202026-02-25%2520at%25203.49.36%25E2%2580%25AFPM.png#originWidth=1190&originHeight=1586"",""title"":""Screenshot 2026-02-25 at 3.49.36 PM.png"",""type"":""image"",""settings"":{""width"":1190,""height"":1586,""focalPoint"":[0.5,0.5]}}]","An Afternoon Pour","9x12","Acrylic Paint","wix:image://v1/648eff_36e49a8090be4d4bb85152fe486666b4~mv2.png/Screenshot%202026-02-25%20at%203.48.52%E2%80%AFPM.png#originWidth=1578&originHeight=1548","/artist/avory-mayenschein","/artists/","a2828174-3e46-40d0-b76d-2c8b214984c6",2026-02-26T02:06:27Z,2026-03-03T23:31:22Z,"648eff38-1300-4400-b20a-ee65209af597"
"Jeremy Nickoson","Nickoson","photos@jnickoson.com","[""Photography""]",,"{""nodes"":[{""type"":""PARAGRAPH"",""id"":""foo"",""nodes"":[{""type"":""TEXT"",""id"":"""",""nodes"":[],""textData"":{""text"":""Bio: Jeremy grew up in the small town of Yellow Springs OH with on a 10 acres of woods, a creek, and a lot to explore. He became interested in photography during a trip to a friend’s family cabin in the Boundary Waters of northern Minnesota. He has been selling his photography at a number of local art shows over the years, like Art on the Lawn in Yellow Springs."",""decorations"":[]}}],""paragraphData"":{""textStyle"":{""textAlignment"":""AUTO""},""indentation"":0}},{""type"":""PARAGRAPH"",""id"":""dgjt7110"",""nodes"":[],""paragraphData"":{""textStyle"":{""textAlignment"":""AUTO""},""indentation"":0}},{""type"":""PARAGRAPH"",""id"":""y9kew105"",""nodes"":[{""type"":""TEXT"",""id"":"""",""nodes"":[],""textData"":{""text"":""He has been traveling with his camera for over 15 years, completely self taught through trial and error and plenty of experience along the way. Nature and landscape photography made a great addition to his adventures of visiting 56 National Parks and 44 states so far."",""decorations"":[]}}],""paragraphData"":{""textStyle"":{""textAlignment"":""AUTO""}}},{""type"":""PARAGRAPH"",""id"":""cdkjb115"",""nodes"":[],""paragraphData"":{""textStyle"":{""textAlignment"":""AUTO""}}},{""type"":""PARAGRAPH"",""id"":""3k5rd107"",""nodes"":[{""type"":""TEXT"",""id"":"""",""nodes"":[],""textData"":{""text"":""He has also become a volunteer at John Glenn Astronomy Park in Hocking Hills due to his frequent visits and passion for sharing the amazing night sky with visitors."",""decorations"":[]}}],""paragraphData"":{""textStyle"":{""textAlignment"":""AUTO""}}}],""documentStyle"":{}}","Artist Statement: I have specialized in landscape and nature photography, with some dabbling in astrophotogray. I do my best to make sure what comes straight off the camera is as inspiring as it can be. My goal with photography is to help encourage others to get outside and experience the amazing wonders that are just waiting to be found in nature. Most of my prints are printed on metal (aluminum) or metallic paper, which give an incredible vibrancy and character regular photo prints don't have.","https://www.facebook.com/jnickosonphoto","https://www.instagram.com/hikingphotog/","https://www.jnickoson.com/",,"[{""description"":"""",""slug"":""648eff_6b7e505f68fa4dcdb3fd79b95c6022db~mv2.jpg"",""alt"":"""",""src"":""wix:image://v1/648eff_6b7e505f68fa4dcdb3fd79b95c6022db~mv2.jpg/Bond_Falls_Sunrise_MI_6285d.jpg#originWidth=2000&originHeight=1333"",""title"":""Bond_Falls_Sunrise_MI_6285d.jpg"",""type"":""image"",""settings"":{""width"":2000,""height"":1333,""focalPoint"":[0.5,0.5]}}]","Bond Falls Sunrise","10x20","Metal Print (1/2 inch float mount)","wix:image://v1/648eff_d65f7ab4e89b4e5ca2eb1c51da9ada57~mv2.jpg/NKPE6893a2_sm.jpg#originWidth=2000&originHeight=1750","/artist/jeremy-nickoson","/artists/","a3633d3c-2125-445c-91db-8fe3289f8e35",2024-03-14T00:27:27Z,2026-03-03T23:30:56Z,"648eff38-1300-4400-b20a-ee65209af597"
"Tami Beale","Beale","tamibealeabstractart@gmail.com","[""Painting""]","513-446-8033","{""nodes"":[{""type"":""PARAGRAPH"",""id"":""foo"",""nodes"":[{""type"":""TEXT"",""id"":"""",""nodes"":[],""textData"":{""text"":""Bio: Tami Beale is a self-taught abstract artist residing in the city of Bellbrook, Ohio. Her artistic journey spans over two decades. She began her creative path using acrylics, dabbled in watercolors, and ultimately found her true artistic calling in the world of oil painting, thanks to local art classes that broadened her horizons. She creates colorful and unique abstract oil paintings and mixed media paintings on canvas. Her paintings feature layers of vibrant colors and textures, resulting in a geometric, yet contemporary vibe. With her art, she strives to add some beauty and boldness into every space."",""decorations"":[]}}],""paragraphData"":{""textStyle"":{""textAlignment"":""AUTO""},""indentation"":0}},{""type"":""PARAGRAPH"",""id"":""0ykt9165"",""nodes"":[],""paragraphData"":{""textStyle"":{""textAlignment"":""AUTO""},""indentation"":0}},{""type"":""PARAGRAPH"",""id"":""0x0gk162"",""nodes"":[{""type"":""TEXT"",""id"":"""",""nodes"":[],""textData"":{""text"":""Tami is a member of The Dayton Society of Artists, The Contemporary Dayton, Yellow Springs Art Council, Springfield Museum Of Art, and the "",""decorations"":[]}},{""type"":""TEXT"",""id"":"""",""nodes"":[],""textData"":{""text"":""Art Encounters Gallery located at Front Street."",""decorations"":[{""type"":""COLOR"",""colorData"":{""background"":""rgb(255, 255, 255)"",""foreground"":""rgb(34, 34, 34)""}}]}}],""paragraphData"":{""textStyle"":{""textAlignment"":""AUTO""}}}],""documentStyle"":{}}","Artist Statement: I believe that art is a therapeutic endeavor. I believe in the power art, not only as a healer to those who create it, but also to those who immerse themselves in it.","https://www.facebook.com/tami.beale","https://www.instagram.com/tami.beale/","https://www.tamibeale.com/",,"[{""description"":"""",""slug"":""648eff_375a0a4daa254512a7e48e9ee92015fb~mv2.jpg"",""alt"":"""",""src"":""wix:image://v1/648eff_375a0a4daa254512a7e48e9ee92015fb~mv2.jpg/Floating%2520Circus.jpg#originWidth=2778&originHeight=3487"",""title"":""Floating Circus.jpg"",""type"":""image"",""settings"":{""width"":2778,""height"":3487,""focalPoint"":[0.5,0.5]}}]","Floating Circus","16""x 20""","oil on canvas","wix:image://v1/648eff_1c2203f1ff584da387c8678ba96dc0d3~mv2.jpg/Tami%20Beale.jpg#originWidth=1788&originHeight=2567","/artist/tami-beale","/artists/","a3d30034-b41c-401b-ae43-3759fac0463f",2024-03-15T12:14:16Z,2026-03-03T23:20:02Z,"648eff38-1300-4400-b20a-ee65209af597"
"Janyce Denise Glasper","Glasper","jdglasper@gmail.com","[""Drawing"",""Painting"",""Printmaking""]",,"{""nodes"":[{""type"":""PARAGRAPH"",""id"":""foo"",""nodes"":[{""type"":""TEXT"",""id"":"""",""nodes"":[],""textData"":{""text"":""Bio: "",""decorations"":[]}},{""type"":""TEXT"",""id"":"""",""nodes"":[],""textData"":{""text"":""Janyce Denise Glasper is a Dayton, Ohio based multidisciplinary artist, writer, independent scholar. She received a BFA in drawing from the Art Academy of Cincinnati and post baccalaureate and MFA from the Pennsylvania Academy of the Fine Arts. Her essays and short stories have appeared/forthcoming in Sixty Inches From Center, ÆQAI Journal, Belt Magazine, RaceBaitr, and other publications. She received an Andy Warhol/Creative Capital Art Writers Grant for Short Form Writing, a fiction fellowship from Roots, Wounds, & Words: Words of Resistance + Restoration, additional support from the Authors League Fund and Lampblack Direct Aid, and was commissioned by the Museum of Nebraska Art to write and record an essay about printmaker/painter Ruth Waddy. "",""decorations"":[{""type"":""COLOR"",""colorData"":{""background"":""rgb(255, 255, 255)"",""foreground"":""rgb(71, 71, 71)""}}]}}],""paragraphData"":{""textStyle"":{""textAlignment"":""AUTO""},""indentation"":0}},{""type"":""PARAGRAPH"",""id"":""w1c1j2233"",""nodes"":[],""paragraphData"":{""textStyle"":{""textAlignment"":""AUTO""},""indentation"":0}},{""type"":""PARAGRAPH"",""id"":""dntmd2236"",""nodes"":[{""type"":""TEXT"",""id"":"""",""nodes"":[],""textData"":{""text"":""Currently, she contributes for the Philadelphia based publication artblog and writes at femfilmrogue and Black Women Make Art. She is working on several graphic novels including “The Traveling One-Eyed Teddy Bear’s Perspective Before Getting Lost Abroad,” a story commemorating the grief that comes with losing her beloved stuffed animal in London."",""decorations"":[{""type"":""COLOR"",""colorData"":{""background"":""rgb(255, 255, 255)"",""foreground"":""rgb(71, 71, 71)""}}]}}],""paragraphData"":{""textStyle"":{""textAlignment"":""AUTO""},""indentation"":0}}],""documentStyle"":{}}","Artist Statement: My often autobiographical acrylic paintings reflect on intimate memories and unfulfilled dreams ignited by the joys of reading; my whole other passion being literature and words since childhood. I explore that specific comfort through my vivid use of color, pattern, and texture. Black women figures (self portraits, family, or characters from Alice Walker fiction)  are either portrayed in company with books or interacting around the presence of other women. 

Selections include paintings from the “Just Another Course to Quietly Understanding the Endurance of Loving You Now” (the JACQUELYN paintings) series— works that stemmed from the special brand of deep-seated grief that comes from losing a beloved mother. A mother is oftentimes a girl’s first real love— the one who holds your hand, ties your shoes, gives the best hugs, changes your diapers, watches both soap operas and cartoons, checks your ears for bees, reads you books, plays Janet Jackson cassette tapes, takes you to your doctor’s appointments, washes and braids your hair, kisses your cheeks, and waves goodbye. Seeing as my mother Jacquelyn Denise Knolton’s favorite color was blue, she wears it in every significant portrait.

My imaginative, healing-vessel paintings highlight reading and dreaming as tender survival mechanisms rendered through the womanist gaze.",,"https://instagram.com/janycedeniseglasper","https://www.artpal.com/Janycedeglasper",,"[{""description"":"""",""slug"":""648eff_f4a7fc6416384e0db4c3ee646056fe76~mv2.jpeg"",""alt"":"""",""src"":""wix:image://v1/648eff_f4a7fc6416384e0db4c3ee646056fe76~mv2.jpeg/_.jpeg#originWidth=2419&originHeight=2772"",""title"":"""",""type"":""image"",""settings"":{""width"":2419,""height"":2772,""focalPoint"":[0.5,0.5]}}]","“Dreaming of Gloria Deum 1”","16” x 20”","Acrylic on black canvas","wix:image://v1/648eff_76fdf650ada743cda4a7138bf03b530e~mv2.jpeg/IMG_4880.jpeg#originWidth=733&originHeight=1016","/artist/janyce-denise-glasper","/artists/","a8bc1257-a87f-4588-a92b-3e6aadb3ba63",2025-01-26T03:09:15Z,2026-03-03T23:32:56Z,"648eff38-1300-4400-b20a-ee65209af597"
"Glenna Jennings","Jennings","gjennings1@udayton.edu","[""Photography"",""Social Practice"",""Performance""]",,"{""nodes"":[{""type"":""PARAGRAPH"",""id"":""foo"",""nodes"":[{""type"":""TEXT"",""id"":"""",""nodes"":[],""textData"":{""text"":""Bio: Glenna Jennings is an artist and educator whose work includes photography, curating, and socially-engaged art. She is an Associate Professor of Photography and Social Practice at the University of Dayton, Ohio, and completed her MFA in Visual Arts at the University of California, San Diego. Jennings holds BAs in English and Spanish (Pepperdine) and a BFA in Photography (Art Center College of Design). She has exhibited throughout the US, Mexico, Europe, and China. Recognition of her work includes several Ohio Arts Council Individual Excellence Awards, a Photolucida Robert Rauschenberg Award, and several project grants from the National Endowment for the Arts. Her work resides within the Museum of Contemporary Art San Diego, AMNUA Museum China, The Center for Photography at Woodstock, and multiple private collections. Jennings is actively involved in food justice in Ohio and beyond, and was recently awarded a University of Dayton Excellence in Teaching award and a Montgomery County Educator Food Champion award or her work with the socially-engaged art collaboration Desert Kitchen Collective."",""decorations"":[]}}],""paragraphData"":{""textStyle"":{""textAlignment"":""AUTO""},""indentation"":0}}],""documentStyle"":{}}","Artist Statement: The tables of my youth were compact, plastic, and single-serve. Meant to be folded and put away, then quickly assembled in time for dinner and prime time TV. Our dining room table’s leaf could accommodate guests, but feasts were rare in our home, where a single working mom and her only child alternated between frozen meals and homecooked stews or spaghetti. The ongoing series At Table arose from a desire to add people to these memories, to cultivate relationships across cultures and borders, to document the in-between when ordinary moments come alive through food and drink. In locations scattered throughout North America, Europe and Asia, I have used my lens to navigate from a place that is local in depth but global in breadth. My tablescapes connect friends and former strangers, creating a family album that defies traditional definition and serves as a receptacle for shared memories and cross-cultural artifacts. Though At Table focuses on places of access and abundance, the imagery often helps guide events and conversations within my work as a socially-engaged artist, food justice activist and founder of the Desert Kitchen Collective. Ultimately, this series aims to reveal aspects of the human condition that collide and converge in a shared, familiar place – the table.",,"https://www.instagram.com/glenna_goes_places/","https://www.glennajennings.com/",,"[{""description"":"""",""slug"":""648eff_bad0a419884e4b45b6d701d51490a717~mv2.jpg"",""alt"":"""",""src"":""wix:image://v1/648eff_bad0a419884e4b45b6d701d51490a717~mv2.jpg/_I2A9520_3000_sRGB.jpg#originWidth=3000&originHeight=2000"",""title"":""_I2A9520_3000_sRGB.jpg"",""type"":""image"",""settings"":{""width"":3000,""height"":2000,""focalPoint"":[0.5,0.5]}}]","champagne and soup (London, England)","30"" x 20""","archival inkjet print","wix:image://v1/648eff_83167747d6884afd8551568d55a8be28~mv2.jpg/IMG_9630%20copy_sm.jpg#originWidth=750&originHeight=1125","/artist/glenna-jennings","/artists/","a9a95c42-14c8-4eac-a137-ce777cc7aed7",2024-03-26T22:35:29Z,2026-03-03T23:32:08Z,"648eff38-1300-4400-b20a-ee65209af597"
"Libby Rudolf","Rudolf","Libby.Rudolf@gmail.com","[""Drawing"",""Painting""]","9379012891","{""nodes"":[{""type"":""PARAGRAPH"",""id"":""foo"",""nodes"":[{""type"":""TEXT"",""id"":"""",""nodes"":[],""textData"":{""text"":""Bio: I started painting as a child with my grandmother in Jamestown,NY & took classes in MD growing up, in college & many workshops in Ohio & beyond. I joined Village Artisans co-op Gallery in Yellow Springs in 2013 where my work can be found. I also join in group shows and host solo shows & belong to Ohio Pleinair Society, etc. I teach occasionally. Commissions accepted."",""decorations"":[]}}],""paragraphData"":{""textStyle"":{""textAlignment"":""AUTO""},""indentation"":0}}],""documentStyle"":{}}","Artist Statement: I paint watercolors expressively, endeavoring to capture the essence of a scene or person, weaving together color & form. I enjoy painting from life, pleinair.","https://www.facebook.com/LibbyPaints?mibextid=LQQJ4d","https://www.instagram.com/libbyisart?igsh=ZWhlODJxbGpvdDFs&utm_source=qr",,,"[{""description"":"""",""slug"":""648eff_408bb0d499b547048482826d3cb47266~mv2.jpeg"",""alt"":"""",""src"":""wix:image://v1/648eff_408bb0d499b547048482826d3cb47266~mv2.jpeg/81894.jpeg#originWidth=2401&originHeight=1801"",""title"":""81894.jpeg"",""type"":""image"",""settings"":{""width"":2401,""height"":1801,""focalPoint"":[0.5,0.5]}}]","Spring Exuberance","28x36","Watercolor","wix:image://v1/ef7b27_81ad15e1274a49f5b613d5bb93a390fd~mv2.png/LibbyRudolf.png#originWidth=1626&originHeight=1632","/artist/libby-rudolf","/artists/","ab738f4c-81e3-4112-82df-0102eb963a04",2024-03-20T00:36:36Z,2026-03-04T19:48:14Z,"648eff38-1300-4400-b20a-ee65209af597"
"Ezra Stinson","Stinson","burkeanna78@gmail.com","[""Drawing"",""Fabric Arts"",""Painting"",""Sculpture"",""Other"",""Jewelry""]","9374777039","{""documentStyle"":{},""nodes"":[{""id"":""foo"",""nodes"":[{""id"":"""",""nodes"":[],""textData"":{""decorations"":[{""fontWeightValue"":700,""type"":""BOLD""}],""text"":""Bio: ""},""type"":""TEXT""},{""id"":"""",""nodes"":[],""textData"":{""decorations"":[{""colorData"":{""background"":""rgb(255, 255, 255)"",""foreground"":""rgb(71, 71, 71)""},""type"":""COLOR""}],""text"":""34 years old Self taught folks artist and teacher Main mediums: acrylic, collage, assemblage, 3D""},""type"":""TEXT""}],""paragraphData"":{""indentation"":0,""textStyle"":{""textAlignment"":""AUTO""}},""type"":""PARAGRAPH""}]}","Artist Statement: Ezra is an Ohio based multi media artist creating and selling her work professionally since she was a teen and keeping art as a close companion ever since. Her main mediums of choice are acrylic paint works, collage, assemblage, and three dimensional creations. Ezra’s passion is for her art to be sustainable and she relies on re used materials to benefit the Earth while following her passions. She has shown all over the Dayton area and owns a private studio in Yellow Springs Ohio.",,"https://instagram.com/wyld_mama_art",,,"[{""description"":"""",""fileName"":""Facetune_11-03-2026-17-51-20.jpeg"",""slug"":""f872a7_784c2c5468f148b7aadecb05cb2af463~mv2.jpeg"",""alt"":"""",""src"":""wix:image://v1/f872a7_784c2c5468f148b7aadecb05cb2af463~mv2.jpeg/Facetune_11-03-2026-17-51-20.jpeg#originWidth=3427&originHeight=4569"",""title"":""Facetune_11-03-2026-17-51-20.jpeg"",""type"":""image"",""settings"":{""focalPoint"":[0.5,0.5],""height"":4569,""width"":3427}}]","End of the World","2.5 x 3","Collage","wix:image://v1/f872a7_f0cf40e506e44496a2a558b3497fcc71~mv2.jpeg/A3B2E36A-A39D-49E5-AD81-2DB27DF1495D.jpeg#originWidth=1920&originHeight=1440","/artist/ezra-stinson","/artists/","b0d5e284-8388-4305-8c28-da2af995c372",2026-04-16T12:28:30Z,2026-06-14T12:48:50Z,"37a00a83-8de6-4c78-aaec-4ad3b7010549"
"Michael Higgins","Higgins","sitandstare@yahoo.com","[""Sculpture"",""Painting"",""Drawing""]","937-510-1489","{""documentStyle"":{},""nodes"":[{""id"":""z1yla263"",""nodes"":[{""id"":"""",""nodes"":[],""textData"":{""decorations"":[{""fontWeightValue"":700,""type"":""BOLD""}],""text"":""Bio: ""},""type"":""TEXT""},{""id"":"""",""nodes"":[],""textData"":{""decorations"":[{""fontWeightValue"":700,""type"":""BOLD""},{""colorData"":{""background"":""rgb(255, 255, 255)"",""foreground"":""rgb(34, 34, 34)""},""type"":""COLOR""}],""text"":""I have early memories of my dad’s art school paintings on the walls of our sparsely furnished home in Xenia, Ohio. Another early memory is surviving a devastating tornado and growing up in a disaster zone. It seemed normal until I realized the trauma of it as an adult. ""},""type"":""TEXT""}],""paragraphData"":{},""type"":""PARAGRAPH""},{""id"":""75o1q265"",""nodes"":[],""paragraphData"":{""textStyle"":{""textAlignment"":""AUTO""}},""type"":""PARAGRAPH""},{""id"":""ouxq4266"",""nodes"":[],""paragraphData"":{""textStyle"":{""textAlignment"":""AUTO""}},""type"":""PARAGRAPH""},{""id"":""w1oxe267"",""nodes"":[{""id"":"""",""nodes"":[],""textData"":{""decorations"":[{""fontWeightValue"":700,""type"":""BOLD""},{""colorData"":{""background"":""rgb(255, 255, 255)"",""foreground"":""rgb(34, 34, 34)""},""type"":""COLOR""}],""text"":""After the tornado, we moved to the outskirts of town where fields and pastures became my natural domain. I had a good childhood. My family was stable and nurturing.""},""type"":""TEXT""}],""paragraphData"":{},""type"":""PARAGRAPH""},{""id"":""h886o269"",""nodes"":[],""paragraphData"":{""textStyle"":{""textAlignment"":""AUTO""}},""type"":""PARAGRAPH""},{""id"":""s3oht270"",""nodes"":[],""paragraphData"":{""textStyle"":{""textAlignment"":""AUTO""}},""type"":""PARAGRAPH""},{""id"":""n4w5w271"",""nodes"":[{""id"":"""",""nodes"":[],""textData"":{""decorations"":[{""fontWeightValue"":700,""type"":""BOLD""},{""colorData"":{""background"":""rgb(255, 255, 255)"",""foreground"":""rgb(34, 34, 34)""},""type"":""COLOR""}],""text"":""I left home at age 18 but stayed in town. I commuted to Wright State University in Dayton, OH on a full, honors education scholarship but eventually dropped the scholarship for a Bachelor of Fine Arts degree in 1991 with a focus on drawing and painting.""},""type"":""TEXT""}],""paragraphData"":{},""type"":""PARAGRAPH""},{""id"":""ashyn273"",""nodes"":[],""paragraphData"":{""textStyle"":{""textAlignment"":""AUTO""}},""type"":""PARAGRAPH""},{""id"":""1usry274"",""nodes"":[],""paragraphData"":{""textStyle"":{""textAlignment"":""AUTO""}},""type"":""PARAGRAPH""},{""id"":""3g0tt275"",""nodes"":[{""id"":"""",""nodes"":[],""textData"":{""decorations"":[{""fontWeightValue"":700,""type"":""BOLD""},{""colorData"":{""background"":""rgb(255, 255, 255)"",""foreground"":""rgb(34, 34, 34)""},""type"":""COLOR""}],""text"":""I earned 33 credits at Wright State University towards a teaching degree in 1992, including art therapy courses, but I didn’t finish the third and final phase of the program since it required me to quit my job which I couldn’t do. I wanted to keep studying art but couldn’t leave my family and home for graduate school. Then I saw an ad in Art in America magazine for a non-traditional graduate program at Antioch University MacGregor School in Yellow Springs, Ohio - right in my own backyard. ""},""type"":""TEXT""}],""paragraphData"":{},""type"":""PARAGRAPH""},{""id"":""yjvfy277"",""nodes"":[],""paragraphData"":{""textStyle"":{""textAlignment"":""AUTO""}},""type"":""PARAGRAPH""},{""id"":""q9b82278"",""nodes"":[],""paragraphData"":{""textStyle"":{""textAlignment"":""AUTO""}},""type"":""PARAGRAPH""},{""id"":""c0lt1279"",""nodes"":[{""id"":"""",""nodes"":[],""textData"":{""decorations"":[{""fontWeightValue"":700,""type"":""BOLD""},{""colorData"":{""background"":""rgb(255, 255, 255)"",""foreground"":""rgb(34, 34, 34)""},""type"":""COLOR""}],""text"":""I earned an Individualized Master of Arts degree (IMA) from the MacGregor School of Antioch University. With this non-traditional degree program, I replicated a Master of Fine Arts Degree Plan under the guidance of Jerry McDowell, Chair of the Wright State University Fine Arts Department who also served as Chair of my Degree Committee. At first, the focus was on administrative development of a Master of Fine Arts Degree Plan, including recruitment of qualified instructors and a course-by-course curriculum for drawing, painting, sculpture, print-making and art history. I then completed the courses I designed as taught by the teachers I recruited. I studied one on one with artist, professor and administrator Jerry McDowell; art history professor Matt Rohn (Wittenberg University); artist and art professor Terry Hitt (University of Dayton) and international sculptor Jon Barlow Hudson in Yellow Springs, OH. The Degree Plan Thesis culminated in an expansive solo exhibition at Wright State University Galleries.""},""type"":""TEXT""}],""paragraphData"":{},""type"":""PARAGRAPH""},{""id"":""4qwnx281"",""nodes"":[],""paragraphData"":{""textStyle"":{""textAlignment"":""AUTO""}},""type"":""PARAGRAPH""},{""id"":""3xu0h282"",""nodes"":[],""paragraphData"":{""textStyle"":{""textAlignment"":""AUTO""}},""type"":""PARAGRAPH""},{""id"":""zdsdb283"",""nodes"":[{""id"":"""",""nodes"":[],""textData"":{""decorations"":[{""fontWeightValue"":700,""type"":""BOLD""},{""colorData"":{""background"":""rgb(255, 255, 255)"",""foreground"":""rgb(34, 34, 34)""},""type"":""COLOR""}],""text"":""Following graduate school in 1995, I had solo exhibitions in Dayton including the Fidelity Building lobby downtown, Go Home Interiors in the Oregon District and Roger Sayre’s Art Now Gallery in the Santa Clara Arts District. I also participated in group shows at the Dayton Visual Arts Center and in Columbus, Ohio with the Acme Art Company.""},""type"":""TEXT""}],""paragraphData"":{},""type"":""PARAGRAPH""},{""id"":""kog0n285"",""nodes"":[],""paragraphData"":{""textStyle"":{""textAlignment"":""AUTO""}},""type"":""PARAGRAPH""},{""id"":""gnf3o286"",""nodes"":[],""paragraphData"":{""textStyle"":{""textAlignment"":""AUTO""}},""type"":""PARAGRAPH""},{""id"":""zwe6q287"",""nodes"":[{""id"":"""",""nodes"":[],""textData"":{""decorations"":[{""fontWeightValue"":700,""type"":""BOLD""},{""colorData"":{""background"":""rgb(255, 255, 255)"",""foreground"":""rgb(34, 34, 34)""},""type"":""COLOR""}],""text"":""I interviewed a few times to be a college art professor to no avail. I partnered in a picture framing business for a couple of years. I shared a studio with a master carpenter and learned to build stretchers, frames and studio furniture. I kept practicing my art but priorities changed when I became a parent.""},""type"":""TEXT""}],""paragraphData"":{},""type"":""PARAGRAPH""},{""id"":""bj841289"",""nodes"":[],""paragraphData"":{""textStyle"":{""textAlignment"":""AUTO""}},""type"":""PARAGRAPH""},{""id"":""5badu290"",""nodes"":[{""id"":"""",""nodes"":[],""textData"":{""decorations"":[{""fontWeightValue"":700,""type"":""BOLD""},{""colorData"":{""background"":""rgb(255, 255, 255)"",""foreground"":""rgb(34, 34, 34)""},""type"":""COLOR""}],""text"":"" ""},""type"":""TEXT""}],""paragraphData"":{},""type"":""PARAGRAPH""},{""id"":""3hdx1292"",""nodes"":[],""paragraphData"":{""textStyle"":{""textAlignment"":""AUTO""}},""type"":""PARAGRAPH""},{""id"":""6mnk6293"",""nodes"":[{""id"":"""",""nodes"":[],""textData"":{""decorations"":[{""fontWeightValue"":700,""type"":""BOLD""},{""colorData"":{""background"":""rgb(255, 255, 255)"",""foreground"":""rgb(34, 34, 34)""},""type"":""COLOR""}],""text"":""I started working full-time in direct care at the county juvenile detention center where I earned a steady paycheck and started on a 30-year pension. I figured I would return to being a full-time artist at retirement or at least die trying. ""},""type"":""TEXT""}],""paragraphData"":{},""type"":""PARAGRAPH""},{""id"":""jvp0s295"",""nodes"":[],""paragraphData"":{""textStyle"":{""textAlignment"":""AUTO""}},""type"":""PARAGRAPH""},{""id"":""5un1q296"",""nodes"":[],""paragraphData"":{""textStyle"":{""textAlignment"":""AUTO""}},""type"":""PARAGRAPH""},{""id"":""wv492297"",""nodes"":[{""id"":"""",""nodes"":[],""textData"":{""decorations"":[{""fontWeightValue"":700,""type"":""BOLD""},{""colorData"":{""background"":""rgb(255, 255, 255)"",""foreground"":""rgb(34, 34, 34)""},""type"":""COLOR""}],""text"":""I had a knack for working with incarcerated teens and taught a popular art class in the court’s residential detention and rehabilitation centers for about 10 years. I completed a series of 56 illustrations for a curriculum that was used intensively in these facilities for 20 years. My leadership and administrative talents got me promoted several times to supervise, manage and direct various juvenile court programs - mainly felony-offender residential programs.""},""type"":""TEXT""}],""paragraphData"":{},""type"":""PARAGRAPH""},{""id"":""742kw299"",""nodes"":[],""paragraphData"":{""textStyle"":{""textAlignment"":""AUTO""}},""type"":""PARAGRAPH""},{""id"":""0bjip300"",""nodes"":[],""paragraphData"":{""textStyle"":{""textAlignment"":""AUTO""}},""type"":""PARAGRAPH""},{""id"":""iajrh301"",""nodes"":[{""id"":"""",""nodes"":[],""textData"":{""decorations"":[{""fontWeightValue"":700,""type"":""BOLD""},{""colorData"":{""background"":""rgb(255, 255, 255)"",""foreground"":""rgb(34, 34, 34)""},""type"":""COLOR""}],""text"":""I stopped showing artwork for almost 30 years but practiced as an outsider isolated from the art world. I opened a studio at Front Street Studios in Dayton, OH the same day I retired. Front Street is a bustling art community and my studio is open to the public for art hops and special events. I work full time as an artist showing and selling work regularly. I post original content on Instagram weekly and continue to immerse myself in the art community.  ""},""type"":""TEXT""}],""paragraphData"":{},""type"":""PARAGRAPH""}]}","Artist Statement: I love to look at art, make art and look at the art I make. A reflecting mirror. A peek at the inner fabric. Catharsis. The psychology of it. Searching - an exploration. Trying to strike the right chord. Imagination. Conjuring. Seeking vision. To make something out of nothing - a previously unknown image emerges. A little miracle of the human experience. Photograph it. Hang it up. Look and reflect on it for days and years. Share it. Engage. Art is a path to vision and one of life’s great joys.

My work is eclectic using a variety of materials and approaches but is primarily drawing and painting on paper, panel and canvas. I often take a sculptural approach with objects, construction adhesive, caulk, acrylic media but usually within a pictorial framework with pictorial concerns regarding the elements of art and principles of design. Custom frames add to an integrated presentation.

A characteristic of the work is the blending of representation and abstraction through a gestural drawing process that opens a door to the unconscious in a search for association and meaning. I’m drawn to themes of transcendence and transformation with an affinity for how these themes are expressed in art, history, literature, psychology, science, pseudo-science, philosophy and religion.  ",,"https://www.instagram.com/higginsquestforvision/",,,"[{""description"":"""",""fileName"":""IMG_8585.jpeg"",""slug"":""88d4ba_2c1cfddddd474c91aa2d8d3f5a9a30e2~mv2.jpeg"",""alt"":"""",""src"":""wix:image://v1/88d4ba_2c1cfddddd474c91aa2d8d3f5a9a30e2~mv2.jpeg/IMG_8585.jpeg#originWidth=2793&originHeight=2815"",""title"":""IMG_8585.jpeg"",""type"":""image"",""settings"":{""focalPoint"":[0.5,0.5],""height"":2815,""width"":2793}}]","Two if by Sea","48"" x 48""","oil paint on wood panel","https://static.wixstatic.com/media/88d4ba_2182f330139f401ea763d5e9ba7816dd%7Emv2.jpeg","/artist/michael","/artists/","b53a7574-1472-4fcc-b22f-2789a507d1ef",2026-03-30T13:33:34Z,2026-06-14T12:47:39Z,"37a00a83-8de6-4c78-aaec-4ad3b7010549"
"Art of Frozen Time (Jeff Smith)","Smith","Jeff@ArtofFrozenTime.com","[""Photography""]","9379176326","{""nodes"":[{""type"":""PARAGRAPH"",""id"":""foo"",""nodes"":[{""type"":""TEXT"",""id"":"""",""nodes"":[],""textData"":{""text"":""Bio: My name is Jeff Smith, a common name is mine"",""decorations"":[]}}],""paragraphData"":{""textStyle"":{""textAlignment"":""AUTO""},""indentation"":0}},{""type"":""PARAGRAPH"",""id"":""1g6nk148"",""nodes"":[{""type"":""TEXT"",""id"":"""",""nodes"":[],""textData"":{""text"":""Which is why I branded, as Art of Frozen Time"",""decorations"":[]}}],""paragraphData"":{""textStyle"":{""textAlignment"":""AUTO""}}},{""type"":""PARAGRAPH"",""id"":""hemor150"",""nodes"":[{""type"":""TEXT"",""id"":"""",""nodes"":[],""textData"":{""text"":""I finished Wright State, with a degree studying rocks"",""decorations"":[]}}],""paragraphData"":{""textStyle"":{""textAlignment"":""AUTO""}}},{""type"":""PARAGRAPH"",""id"":""c8tx9152"",""nodes"":[{""type"":""TEXT"",""id"":"""",""nodes"":[],""textData"":{""text"":""Flew for the Air Force, avoiding those mountainous blocks"",""decorations"":[]}}],""paragraphData"":{""textStyle"":{""textAlignment"":""AUTO""}}},{""type"":""PARAGRAPH"",""id"":""kktll154"",""nodes"":[],""paragraphData"":{""textStyle"":{""textAlignment"":""AUTO""}}},{""type"":""PARAGRAPH"",""id"":""o27qf155"",""nodes"":[{""type"":""TEXT"",""id"":"""",""nodes"":[],""textData"":{""text"":""I strive for perfection, mistakes I must not make"",""decorations"":[]}}],""paragraphData"":{""textStyle"":{""textAlignment"":""AUTO""}}},{""type"":""PARAGRAPH"",""id"":""s26x4157"",""nodes"":[{""type"":""TEXT"",""id"":"""",""nodes"":[],""textData"":{""text"":""My wife and daughters, laugh with a different take"",""decorations"":[]}}],""paragraphData"":{""textStyle"":{""textAlignment"":""AUTO""}}},{""type"":""PARAGRAPH"",""id"":""k0tif159"",""nodes"":[{""type"":""TEXT"",""id"":"""",""nodes"":[],""textData"":{""text"":""I drive an old truck, it generally runs fine"",""decorations"":[]}}],""paragraphData"":{""textStyle"":{""textAlignment"":""AUTO""}}},{""type"":""PARAGRAPH"",""id"":""xlvil161"",""nodes"":[{""type"":""TEXT"",""id"":"""",""nodes"":[],""textData"":{""text"":""But there are those days, the tow trucks must align"",""decorations"":[]}}],""paragraphData"":{""textStyle"":{""textAlignment"":""AUTO""}}},{""type"":""PARAGRAPH"",""id"":""s51zf163"",""nodes"":[],""paragraphData"":{""textStyle"":{""textAlignment"":""AUTO""}}},{""type"":""PARAGRAPH"",""id"":""4tj38164"",""nodes"":[{""type"":""TEXT"",""id"":"""",""nodes"":[],""textData"":{""text"":""I love chasing sunsets, and peaceful twilights too"",""decorations"":[]}}],""paragraphData"":{""textStyle"":{""textAlignment"":""AUTO""}}},{""type"":""PARAGRAPH"",""id"":""xh1g8166"",""nodes"":[{""type"":""TEXT"",""id"":"""",""nodes"":[],""textData"":{""text"":""Those colors excite me, those reds, yellows and blues"",""decorations"":[]}}],""paragraphData"":{""textStyle"":{""textAlignment"":""AUTO""}}},{""type"":""PARAGRAPH"",""id"":""rprvp168"",""nodes"":[{""type"":""TEXT"",""id"":"""",""nodes"":[],""textData"":{""text"":""My photography caters, to Evidence-based design"",""decorations"":[]}}],""paragraphData"":{""textStyle"":{""textAlignment"":""AUTO""}}},{""type"":""PARAGRAPH"",""id"":""iijd8170"",""nodes"":[{""type"":""TEXT"",""id"":"""",""nodes"":[],""textData"":{""text"":""By giving the sick, a peaceful state of mind"",""decorations"":[]}}],""paragraphData"":{""textStyle"":{""textAlignment"":""AUTO""}}},{""type"":""PARAGRAPH"",""id"":""w669b172"",""nodes"":[],""paragraphData"":{""textStyle"":{""textAlignment"":""AUTO""}}},{""type"":""PARAGRAPH"",""id"":""eccge173"",""nodes"":[{""type"":""TEXT"",""id"":"""",""nodes"":[],""textData"":{""text"":""As Golden hour arrives, I aim towards the light"",""decorations"":[]}}],""paragraphData"":{""textStyle"":{""textAlignment"":""AUTO""}}},{""type"":""PARAGRAPH"",""id"":""mawz3175"",""nodes"":[{""type"":""TEXT"",""id"":"""",""nodes"":[],""textData"":{""text"":""I counter the glare, keeping my aperture tight"",""decorations"":[]}}],""paragraphData"":{""textStyle"":{""textAlignment"":""AUTO""}}},{""type"":""PARAGRAPH"",""id"":""wv3n2177"",""nodes"":[{""type"":""TEXT"",""id"":"""",""nodes"":[],""textData"":{""text"":""This light diffraction creates, a heavenly sun star"",""decorations"":[]}}],""paragraphData"":{""textStyle"":{""textAlignment"":""AUTO""}}},{""type"":""PARAGRAPH"",""id"":""btsso179"",""nodes"":[{""type"":""TEXT"",""id"":"""",""nodes"":[],""textData"":{""text"":""So today my prints hold, this signature avatar"",""decorations"":[]}}],""paragraphData"":{""textStyle"":{""textAlignment"":""AUTO""}}},{""type"":""PARAGRAPH"",""id"":""5epth181"",""nodes"":[],""paragraphData"":{""textStyle"":{""textAlignment"":""AUTO""}}},{""type"":""PARAGRAPH"",""id"":""vkdsa182"",""nodes"":[{""type"":""TEXT"",""id"":"""",""nodes"":[],""textData"":{""text"":""Some vistas are grand, as the sun sinks in the skies"",""decorations"":[]}}],""paragraphData"":{""textStyle"":{""textAlignment"":""AUTO""}}},{""type"":""PARAGRAPH"",""id"":""rejfe184"",""nodes"":[{""type"":""TEXT"",""id"":"""",""nodes"":[],""textData"":{""text"":""Ninety exposures it takes, as the shutter count flies"",""decorations"":[]}}],""paragraphData"":{""textStyle"":{""textAlignment"":""AUTO""}}},{""type"":""PARAGRAPH"",""id"":""dogkc186"",""nodes"":[{""type"":""TEXT"",""id"":"""",""nodes"":[],""textData"":{""text"":""Back home on the computer, I pray that I got it right"",""decorations"":[]}}],""paragraphData"":{""textStyle"":{""textAlignment"":""AUTO""}}},{""type"":""PARAGRAPH"",""id"":""o277o188"",""nodes"":[{""type"":""TEXT"",""id"":"""",""nodes"":[],""textData"":{""text"":""I merge the many images, revealing a panoramic sight"",""decorations"":[]}}],""paragraphData"":{""textStyle"":{""textAlignment"":""AUTO""}}},{""type"":""PARAGRAPH"",""id"":""6bsfb190"",""nodes"":[],""paragraphData"":{""textStyle"":{""textAlignment"":""AUTO""}}},{""type"":""PARAGRAPH"",""id"":""3x8rc191"",""nodes"":[{""type"":""TEXT"",""id"":"""",""nodes"":[],""textData"":{""text"":""As the end of day approaches, the parks become seclude"",""decorations"":[]}}],""paragraphData"":{""textStyle"":{""textAlignment"":""AUTO""}}},{""type"":""PARAGRAPH"",""id"":""l0e4l193"",""nodes"":[{""type"":""TEXT"",""id"":"""",""nodes"":[],""textData"":{""text"":""I watch the sky ignite, creating a peaceful solitude"",""decorations"":[]}}],""paragraphData"":{""textStyle"":{""textAlignment"":""AUTO""}}},{""type"":""PARAGRAPH"",""id"":""az53q195"",""nodes"":[{""type"":""TEXT"",""id"":"""",""nodes"":[],""textData"":{""text"":""I believe it’s my calling, these moments in their prime"",""decorations"":[]}}],""paragraphData"":{""textStyle"":{""textAlignment"":""AUTO""}}},{""type"":""PARAGRAPH"",""id"":""gj9ak197"",""nodes"":[{""type"":""TEXT"",""id"":"""",""nodes"":[],""textData"":{""text"":""Sharing the awe & wonder, …the Art of Frozen Time"",""decorations"":[]}}],""paragraphData"":{""textStyle"":{""textAlignment"":""AUTO""}}}],""documentStyle"":{}}","Artist Statement: For me, the most intriguing light comes at the end of the day…as a result, I love chasing sunsets! The interaction of the low-angled sun and high-level clouds produce brief but amazing colors. The conditions which produce these scenes are infrequent and pass quickly when they do occur. In fact, on most days, they don’t happen at all. Often, an over-the-horizon cloud blocks the sunlight from painting the skies in warm colors. On other days, I’ll find clouds perfectly poised to being lit from underneath, right before they suddenly evaporate from view. Despite the trials and tribulations, the thrill comes from the fleeting moments when it all comes together...where patience, anticipation and preparation produce stunning scenes which evoke awe and excitement!

If I’m lucky enough to catch favorable light, I prefer the contre-jour technique of pointing my lens into the light. Given the extreme contrast between dimmer, golden-hour foregrounds and the still very bright sun and underlit clouds, the exposures become more unforgiving. I mitigate these effects through bracketing. Coupled with the bracketing, some vistas beg for a panoramic composition that entails capturing a series of exposures that sweep across the horizon.

The parks and vistas I shoot are often void of visitors during these hours leaving me to ponder if I was the only one witnessing the spectacle. In creating these images, it’s hard not to experience a sense of awe and wonder, thus I find my calling in sharing these decisive moments.","https://www.facebook.com/ArtofFrozenTime/","https://www.instagram.com/artoffrozentime/","https://artoffrozentime.com/",,"[{""description"":"""",""slug"":""648eff_3f3b230992fa4d5586be602125984fba~mv2.webp"",""alt"":"""",""src"":""wix:image://v1/648eff_3f3b230992fa4d5586be602125984fba~mv2.webp/_.webp#originWidth=900&originHeight=556"",""title"":"""",""type"":""image"",""settings"":{""width"":900,""height"":556,""focalPoint"":[0.5,0.5]}}]","Dayton Skyline at Sunset","30"" x 45""","Framed Giclee Canvas Print","wix:image://v1/648eff_a8bc0aecbe4e4a6ebd46bde29980cd3f~mv2.png/Art%20of%20Frozen%20Time%20-%20White%20TM.png#originWidth=600&originHeight=600","/artist/art-of-frozen-time-(jeff-smith)","/artists/","b5eaec13-bc15-408b-850b-c8a312818898",2024-10-24T23:44:06Z,2026-03-03T23:29:55Z,"648eff38-1300-4400-b20a-ee65209af597"
"Matt Blair","Blair","mvblair@yahoo.com","[""Painting"",""Drawing""]",,"{""nodes"":[{""type"":""PARAGRAPH"",""id"":""foo"",""nodes"":[{""type"":""TEXT"",""id"":"""",""nodes"":[],""textData"":{""text"":""Bio: When I’m not spending time with my wife and two daughters, I enjoy plein air watercolors and urban sketching. Many of my paintings and drawings reflect my love of our city’s history and culture. I do commissions of houses, businesses, and other landmarks. Drop me a line! --Matt, "",""decorations"":[]}},{""type"":""TEXT"",""id"":"""",""nodes"":[],""textData"":{""text"":""mvblair@yahoo.com"",""decorations"":[{""type"":""LINK"",""linkData"":{""link"":{""url"":""mailto:mvblair@yahoo.com"",""target"":""SELF""}}}]}}],""paragraphData"":{""textStyle"":{""textAlignment"":""AUTO""},""indentation"":0}}],""documentStyle"":{}}","Artist Statement: Despite its faults, Dayton is a beautiful place. I enjoy sketching our city's diversity in architecture, culture, and people. I enjoy working in playful, whimsical style and a more realistic, though still fun way. I am proud to have had my work featured in a new documentary about Dayton's favorite son, Paul Laurence Dunbar.",,"https://www.instagram.com/mvblair4/",,,"[{""src"":""wix:image://v1/648eff_a39c917ea12148d3bf449a36e1e2624b~mv2.jpg/403785378_886550586405865_5194272978676224529_n.jpg#originWidth=320&originHeight=320"",""type"":""image"",""title"":""403785378_886550586405865_5194272978676224529_n.jpg"",""slug"":""648eff_a39c917ea12148d3bf449a36e1e2624bmv2.jpg""}]","Lorenz Publishing, Third Street","20x16","Pen and watercolor","wix:image://v1/648eff_0634e94dd8844929821e42f53c40cc19~mv2.jpg/IMG_3698-1-scaled.jpg#originWidth=2560&originHeight=1920","/artist/matt-blair","/artists/","b63d98bb-3d71-494e-9080-1951fb844b1f",2024-03-08T01:27:30Z,2026-03-03T23:20:10Z,"648eff38-1300-4400-b20a-ee65209af597"
"Nancy Dankof","Dankof","nbdankof@gmail.com","[""Painting"",""Photography""]","9376724148","{""nodes"":[{""type"":""PARAGRAPH"",""id"":""foo"",""nodes"":[{""type"":""TEXT"",""id"":"""",""nodes"":[],""textData"":{""text"":""Bio: "",""decorations"":[]}},{""type"":""TEXT"",""id"":"""",""nodes"":[],""textData"":{""text"":""Nancy has grown up in Dayton, Ohio, having a father who was an artist. She began her creating at a young age. Nancy graduated from Denison University with a BA and minor in art, and the University of Dayton with a MS. She taught HS art and English in Georgetown,TX and ran summer art programs. She has taken classes from Dayton artists and has continued learning art skills with a variety of online classes and local workshops. She is a member of DSA, Women’s TriArt and FAA. She has shown her work in juried shows/events:Rosewood “Works on Paper,” Dayton Society of Artists “Future of Female,” German Village Center, COShop, Middletown Art Center and Edward A Gallery “We’re Doing It All Wrong.”"",""decorations"":[{""type"":""COLOR"",""colorData"":{""background"":""rgb(255, 255, 255)"",""foreground"":""rgb(71, 71, 71)""}}]}}],""paragraphData"":{""textStyle"":{""textAlignment"":""AUTO""},""indentation"":0}}],""documentStyle"":{}}","Artist Statement: Nancy has always had a passion for art which is inspired by the colors in nature. She photographs images on walks, gardens,  and travel which inspire her for later paintings. She began expressing the beauty around her with watercolor. These past few years she has been experimenting with acrylics and mixed media, trying new techniques. She finds joy creating and discovering new methods by using a variety of skills and media. She likes to explore and see if she can find success. This growth helps her develop and not become static",,"https://instagram.com/nancydankofart",,,"[{""description"":"""",""slug"":""648eff_61c11c15557442e0b4ab22929d470eaf~mv2.jpeg"",""alt"":"""",""src"":""wix:image://v1/648eff_61c11c15557442e0b4ab22929d470eaf~mv2.jpeg/_.jpeg#originWidth=3331&originHeight=3298"",""title"":"""",""type"":""image"",""settings"":{""width"":3331,""height"":3298,""focalPoint"":[0.5,0.5]}}]","On Watch","13.5x 13.5x1.25”","Mixed","wix:image://v1/648eff_24690799f74744e79bccc3e6a3489ab8~mv2.jpeg/IMG_3916.jpeg#originWidth=4032&originHeight=3024","/artist/nancy-dankof","/artists/","b68bab3a-da62-4906-aa6b-cf703147786c",2025-01-07T01:11:29Z,2026-03-03T23:21:08Z,"648eff38-1300-4400-b20a-ee65209af597"
"Kathleen Caffrey","Caffrey","caffreyka@gmail.com","[""Drawing"",""Fabric Arts"",""Painting"",""Printmaking""]",,"{""nodes"":[{""type"":""PARAGRAPH"",""id"":""foo"",""nodes"":[{""type"":""TEXT"",""id"":"""",""nodes"":[],""textData"":{""text"":""Bio: Like many people, I came into art during Covid. I liken the experience to a very french looking Koolaid man in effect. The drive to create and draw and paint was immediate and nonoptional. Later, when the mania subsided, I took a breath a looked at what I was making. What the topics were and how I was showing them. Then I arrived at the name I’ve used since, Anthrosercher."",""decorations"":[]}}],""paragraphData"":{""textStyle"":{""textAlignment"":""AUTO""},""indentation"":0}},{""type"":""PARAGRAPH"",""id"":""ucc7j136"",""nodes"":[],""paragraphData"":{""textStyle"":{""textAlignment"":""AUTO""}}},{""type"":""PARAGRAPH"",""id"":""vpngw126"",""nodes"":[{""type"":""TEXT"",""id"":"""",""nodes"":[],""textData"":{""text"":""I’ve never known a time when my overriding inspiration wasn’t curiosity. Always surrounded by history and culture my greatest joy was found in exploration, seeking perception, and wanting to understand more. I grew up in Alabama, near Civil War Sites, Bus Boycott parking lots and hanging trees that once bore strange fruit. The complications and shadows of life were ever-present. There’s a saying that anthropology majors are born and have to find their way home. I remember reading the introduction chapter of my first Anthropology textbook and feel that to be true. I had found part of my tribe."",""decorations"":[]}}],""paragraphData"":{""textStyle"":{""textAlignment"":""AUTO""}}},{""type"":""PARAGRAPH"",""id"":""zzuq5144"",""nodes"":[],""paragraphData"":{""textStyle"":{""textAlignment"":""AUTO""}}},{""type"":""PARAGRAPH"",""id"":""gzw0k128"",""nodes"":[{""type"":""TEXT"",""id"":"""",""nodes"":[],""textData"":{""text"":""Looking over my current works my story is reflected. Archaeological sites, historical references, artifacts, architecture, classical studies, forgotten techniques, and echoes of people and cultures past. Yet I also draw the courage of those who came before, who faced the challenges of their time - as well as those who claim that courage today. With courage, all things can be faced, and more than we think can be changed. There is no time without challenge."",""decorations"":[]}}],""paragraphData"":{""textStyle"":{""textAlignment"":""AUTO""}}},{""type"":""PARAGRAPH"",""id"":""g3bx3152"",""nodes"":[],""paragraphData"":{""textStyle"":{""textAlignment"":""AUTO""}}},{""type"":""PARAGRAPH"",""id"":""bsnv7130"",""nodes"":[{""type"":""TEXT"",""id"":"""",""nodes"":[],""textData"":{""text"":""Like my topics, I can’t seem to stick to a medium. There’s just too much to learn and explore to stay anywhere stagnant. I received a classic art education and have used that as a jumping-off point to explore further. With a foundation of the classics like oil, watercolors, and graphite I have added anything I can to learn and gain additional tools."",""decorations"":[]}}],""paragraphData"":{""textStyle"":{""textAlignment"":""AUTO""}}},{""type"":""PARAGRAPH"",""id"":""kzyzc160"",""nodes"":[],""paragraphData"":{""textStyle"":{""textAlignment"":""AUTO""}}},{""type"":""PARAGRAPH"",""id"":""wf0j3132"",""nodes"":[{""type"":""TEXT"",""id"":"""",""nodes"":[],""textData"":{""text"":""As time goes on I have my own times to explore, times past to inspire, and the world for new things to live through. My brushes are ready."",""decorations"":[]}}],""paragraphData"":{""textStyle"":{""textAlignment"":""AUTO""}}}],""documentStyle"":{}}","Artist Statement: Mindfulness and transformation. The world we live in is precious in the passing moments and dynamic in the shifting sands under our feet. I express my observations and moments in my own efforts to make sense of these opposing forces.

I have always been interested in techniques and methods from the past and present. I have studied historical photographic methods as well as historic drawing, painting, drafting, and methods of perspective. I have also made a point to keep an eye on new products and methods, as well as pioneers exploring joint and evolved techniques.

The past is always present, the present is always passing and the future was planted long ago. While rooted in a lifelong personal study of the Humanities and Science, human beings experience life on emotional terms. This data is transformed into experience and reaction, relationship and connection, and community and focus.

The creative fields, including art, are a means of exploring these. And in my work, I use the emotive effect of art to explore the complex reality we all daily seek to understand.","https://www.facebook.com/kathleen.caffrey/","https://www.instagram.com/anthrosercher",,,"[{""description"":"""",""slug"":""648eff_235448353e3c4446a77ee4365d2a4d0b~mv2.jpeg"",""alt"":"""",""src"":""wix:image://v1/648eff_235448353e3c4446a77ee4365d2a4d0b~mv2.jpeg/IMG_0641.jpeg#originWidth=2689&originHeight=3632"",""title"":""IMG_0641.jpeg"",""type"":""image"",""settings"":{""width"":2689,""height"":3632,""focalPoint"":[0.5,0.5]}}]","Poseidon","12x16","Multimedia on wood","wix:image://v1/648eff_4deaaf552c06482ea6c9b8379ed10fe9~mv2.jpeg/IMG_8727.jpeg#originWidth=2804&originHeight=3507","/artist/kathleen-caffrey","/artists/","c396c42b-731e-4351-a28e-b9cb661230d4",2024-03-10T20:52:00Z,2026-03-03T23:20:31Z,"648eff38-1300-4400-b20a-ee65209af597"
"Elisha Frontz","Frontz","elisha@elishafrontzart.com","[""Drawing"",""Fabric Arts"",""Painting"",""Sculpture"",""Mixed Media""]","9376235295","{""nodes"":[{""type"":""PARAGRAPH"",""id"":""foo"",""nodes"":[{""type"":""TEXT"",""id"":"""",""nodes"":[],""textData"":{""text"":""Bio: Elisha Frontz has worked as an artist and a musician in her home town of Dayton, Ohio for almost 30 years."",""decorations"":[]}}],""paragraphData"":{""textStyle"":{""textAlignment"":""AUTO""},""indentation"":0}},{""type"":""PARAGRAPH"",""id"":""ahi0v1054"",""nodes"":[],""paragraphData"":{""textStyle"":{""textAlignment"":""AUTO""},""indentation"":0}},{""type"":""PARAGRAPH"",""id"":""1zb3j126"",""nodes"":[{""type"":""TEXT"",""id"":"""",""nodes"":[],""textData"":{""text"":""Elisha graduated with a Bachelor’s Degree in Fine Art with a concentration in sculpture from the Art Academy of Cincinnati in 2004. She has taught art classes and workshops at the Dayton Art Institute and the Contemporary Art Center in Cincinnati, Ohio, as well as private lessons."",""decorations"":[]}}],""paragraphData"":{""textStyle"":{""textAlignment"":""AUTO""}}}],""documentStyle"":{}}","Artist Statement: As an artist, I am drawn to the complexity and beauty of the systems and patterns found in both the natural world and in mathematics. In my work, I explore these themes through a combination of traditional art materials and the many mediums of fiber art, using a variety of techniques to create intricate and detailed pieces that reflect the interconnectedness of all things.","https://www.facebook.com/elisha.frontz.art?mibextid=LQQJ4d","https://www.instagram.com/elishafrontzart?igsh=MXJjcmZyNDRnbTlsYQ%3D%3D&utm_source=qr","https://www.elishafrontzart.com/",,"[{""description"":"""",""slug"":""648eff_336fc6d786824f438fa7fac273814821~mv2.jpeg"",""alt"":"""",""src"":""wix:image://v1/648eff_336fc6d786824f438fa7fac273814821~mv2.jpeg/IMG_7583.jpeg#originWidth=2960&originHeight=2960"",""title"":""IMG_7583.jpeg"",""type"":""image"",""settings"":{""width"":2960,""height"":2960,""focalPoint"":[0.5,0.5]}}]","River, Bending","37” x 37” x 4”","Mixed Media","wix:image://v1/648eff_5d615a89509a4a5698eb2dfd028e84d6~mv2.jpeg/IMG_7702.jpeg#originWidth=1275&originHeight=1275","/artist/elisha-frontz","/artists/","c70b0c3d-eba3-407d-a939-af688a8f8622",2024-03-26T12:16:56Z,2026-03-03T23:33:06Z,"648eff38-1300-4400-b20a-ee65209af597"
"Rebecca Rowley","Rowley","luckyrabbitcurios@gmail.com","[""Printmaking""]","937-260-2169","{""nodes"":[{""type"":""PARAGRAPH"",""id"":""foo"",""nodes"":[{""type"":""TEXT"",""id"":"""",""nodes"":[],""textData"":{""text"":""Bio: Rebecca Rowley (Becky) is a life long resident of Beavercreek, Ohio and is a linocut print artist."",""decorations"":[]}}],""paragraphData"":{""textStyle"":{""textAlignment"":""AUTO""},""indentation"":0}},{""type"":""PARAGRAPH"",""id"":""cb1j26147"",""nodes"":[],""paragraphData"":{""textStyle"":{""textAlignment"":""AUTO""},""indentation"":0}},{""type"":""PARAGRAPH"",""id"":""jnt01102"",""nodes"":[{""type"":""TEXT"",""id"":"""",""nodes"":[],""textData"":{""text"":""Growing up near creeks and woodlands, she formed a relationship with the outdoors and the creatures who live there."",""decorations"":[]}}],""paragraphData"":{""textStyle"":{""textAlignment"":""AUTO""}}},{""type"":""PARAGRAPH"",""id"":""165bk6155"",""nodes"":[],""paragraphData"":{""textStyle"":{""textAlignment"":""AUTO""}}},{""type"":""PARAGRAPH"",""id"":""9r2fm104"",""nodes"":[{""type"":""TEXT"",""id"":"""",""nodes"":[],""textData"":{""text"":""In 2021, she was looking for an artistic outlet and in one afternoon filled with sorrow, she found it."",""decorations"":[]}}],""paragraphData"":{""textStyle"":{""textAlignment"":""AUTO""}}},{""type"":""PARAGRAPH"",""id"":""rga3s6163"",""nodes"":[],""paragraphData"":{""textStyle"":{""textAlignment"":""AUTO""}}},{""type"":""PARAGRAPH"",""id"":""oq1t6106"",""nodes"":[{""type"":""TEXT"",""id"":"""",""nodes"":[],""textData"":{""text"":""Becky's Dad passed away on a beautiful and perfect day in September 2021. She found herself sitting on her parents front porch, waiting on a \""sign\"". In the midst of her grief, she was surrounded by Monarch butterflies. In that few minutes, she believes her Dad sent her the \""sign\"" she needed, the artistic idea to build upon."",""decorations"":[]}}],""paragraphData"":{""textStyle"":{""textAlignment"":""AUTO""}}},{""type"":""PARAGRAPH"",""id"":""lm1kz6171"",""nodes"":[],""paragraphData"":{""textStyle"":{""textAlignment"":""AUTO""}}},{""type"":""PARAGRAPH"",""id"":""ua1sr108"",""nodes"":[{""type"":""TEXT"",""id"":"""",""nodes"":[],""textData"":{""text"":""\""The Monarch and The Sun\"" was created in remembrance of her Dad. Pieces are typically created in a series of (3). The Monarch & The Sun is the only stand alone piece."",""decorations"":[]}}],""paragraphData"":{""textStyle"":{""textAlignment"":""AUTO""}}},{""type"":""PARAGRAPH"",""id"":""6dg3l110"",""nodes"":[{""type"":""TEXT"",""id"":"""",""nodes"":[],""textData"":{""text"":""When not in her home studio, Becky works for Five Rivers MetroParks in their administrative offices. She enjoys baking and gardening. When time allows, hiking and camping are on the schedule with her husband Rob and their black lab, Peaches Marie."",""decorations"":[]}}],""paragraphData"":{""textStyle"":{""textAlignment"":""AUTO""}}}],""documentStyle"":{}}","Artist Statement: 2021, I was looking for a new artist outlet. My Dad passed away in September 2021. I sat on my parents front porch while my Mom was inside saying her final, personal good byes. Suddenly, one by one, the Monarch butterflies began to appear. I knew in that moment that this was a message. I could see the image so clearly, a monarch rising with the sun. Even today, there are times that Monarchs, in photos or drawings, will come across my vision and I know that I am doing ok.

I prefer to work in ""collections of 3"". I cut linoleum on subjects that speak to my heart. Many of my block prints are over water color backgrounds. I love the way the subtle colors break through the solid ink.

I get excited when someone tells me why my art speaks to them. Connections are important and I am looking for those subtle and not so subtle connections in my work.","https://www.facebook.com/luckyrabbitcurios?mibextid=ZbWKwL","https://instagram.com/luckyrabbitcurios?igsh=YzYxdz10OTBrNzVy","https://lucky-rabbit-curios.myshopify.com",,"[{""description"":"""",""fileName"":"""",""slug"":""648eff_dc3058bba8bb44558d297c0a986632d1~mv2.jpg"",""alt"":"""",""src"":""wix:image://v1/648eff_dc3058bba8bb44558d297c0a986632d1~mv2.jpg/20240320_080149.jpg#originWidth=3000&originHeight=4000"",""title"":""20240320_080149.jpg"",""type"":""image"",""settings"":{""width"":3000,""height"":4000,""focalPoint"":[0.5,0.5]}},{""description"":"""",""fileName"":""1000028009.jpg"",""slug"":""ef7b27_27c14a439371425b9e23983e47c70404~mv2.jpg"",""alt"":"""",""src"":""wix:image://v1/ef7b27_27c14a439371425b9e23983e47c70404~mv2.jpg/1000028009.jpg#originWidth=249&originHeight=394"",""title"":""1000028009.jpg"",""type"":""image"",""settings"":{""width"":249,""height"":394,""focalPoint"":[0.5,0.5]}},{""description"":"""",""fileName"":""1000027964.jpg"",""slug"":""ef7b27_1c48978c51af4a2c9b65a7e967c6372e~mv2.jpg"",""alt"":"""",""src"":""wix:image://v1/ef7b27_1c48978c51af4a2c9b65a7e967c6372e~mv2.jpg/1000027964.jpg#originWidth=284&originHeight=385"",""title"":""1000027964.jpg"",""type"":""image"",""settings"":{""width"":284,""height"":385,""focalPoint"":[0.5,0.5]}},{""description"":"""",""fileName"":""1000028922.jpg"",""slug"":""ef7b27_e991f677bca649c893255f5178f52bd1~mv2.jpg"",""alt"":"""",""src"":""wix:image://v1/ef7b27_e991f677bca649c893255f5178f52bd1~mv2.jpg/1000028922.jpg#originWidth=450&originHeight=800"",""title"":""1000028922.jpg"",""type"":""image"",""settings"":{""width"":450,""height"":800,""focalPoint"":[0.5,0.5]}}]","The Monarch & The Sun","5"" x 7""","linoprint","wix:image://v1/648eff_fc8e6c5c02c5463386efafcebf008a99~mv2.jpg/PSX_20240229_062411.jpg#originWidth=2208&originHeight=2944","/artist/rebecca-rowley","/artists/","c7695e20-26ef-4f3b-a334-d5667c879171",2024-03-23T11:13:49Z,2026-03-05T17:11:02Z,"648eff38-1300-4400-b20a-ee65209af597"
"Yetunde Rodriguez","Rodriguez","yrdsgn@gmail.com","[""Mixed Media"",""Fabric Arts"",""Painting"",""Printmaking""]","9373679705","{""documentStyle"":{},""nodes"":[{""id"":""foo"",""nodes"":[{""id"":"""",""nodes"":[],""textData"":{""decorations"":[],""text"":""Bio: ""},""type"":""TEXT""},{""id"":"""",""nodes"":[],""textData"":{""decorations"":[{""colorData"":{""background"":""rgb(255, 255, 255)"",""foreground"":""rgb(71, 71, 71)""},""type"":""COLOR""}],""text"":""Yetunde Rodriguez is a Nigerian American Artist living in Dayton.""},""type"":""TEXT""}],""paragraphData"":{""indentation"":0,""textStyle"":{""textAlignment"":""AUTO""}},""type"":""PARAGRAPH""}]}","Artist Statement: Yetunde sees possibilities everywhere.","https://www.facebook.com/yaytoonday.rodriguez.art","https://instagram.com/yaytoonday","https://www.yetunderodriguez.com",,"[{""description"":"""",""slug"":""648eff_23ced2dabeba46db9674adc4d4584344~mv2.jpeg"",""alt"":"""",""src"":""wix:image://v1/648eff_23ced2dabeba46db9674adc4d4584344~mv2.jpeg/_.jpeg#originWidth=4032&originHeight=3024"",""title"":"""",""type"":""image"",""settings"":{""focalPoint"":[0.5,0.5],""height"":3024,""width"":4032}}]","Dream Sequence 2: Collider","36in x 24in","Mixed Media","wix:image://v1/648eff_f782ec2f162d4906bffdcd8cfe3db9d1~mv2.jpeg/IMG_8821.jpeg#originWidth=2316&originHeight=3088","/artist/yetunde-rodriguez","/artists/","cb3e7089-9f40-4ff1-bc03-660eafc58f5a",2025-03-04T22:39:27Z,2026-05-11T00:27:47Z,"648eff38-1300-4400-b20a-ee65209af597"
"Heather Caulfield","Caulfield","heathercaulfieldart@gmail.com","[""Painting""]","9379939043","{""nodes"":[{""type"":""PARAGRAPH"",""id"":""foo"",""nodes"":[{""type"":""TEXT"",""id"":"""",""nodes"":[],""textData"":{""text"":""Bio: "",""decorations"":[]}},{""type"":""TEXT"",""id"":"""",""nodes"":[],""textData"":{""text"":""Heather Caulfield is a soulful creative visionary Artist, Art Director, Teacher, Author, Designer and Editor. Her first love of oil painting started at 8 years old while studying painting in traditional methods with prominent painter Nancy Prophit in her studio in Detroit MI. After achieving a BFA at the Columbus College of Art and Design on full tuition scholarship, she later studied intensely with master painters such as Nelson Shanks at Studio Incamminati in Philadelphia, PA and with the great Stanley Mouse in Sonoma County, CA. She painted live at many festivals and events and was a live painter in “Ser La Muse,” a variety show of numerous entertainers performing in Northern California delivering delicious experiences including live painters, belly dancers, entertainers, live music and many muses. Her paintings have been shown in various galleries in multiple locations all across the U.S. She has designed many images and logos, seen far and wide such as licensed graphics for the Grateful Dead, flyers for music events, and screen print designs for local design houses, bands, festivals, and local companies, and designs for Urban Outfitters in Philadelphia PA. Heather has taught classes of all kinds, children and adult, at the Dayton Art Institute in Dayton, Ohio, and private painting and drawing lessons in her personal art studio. She is currently a resident artist at the Bob “Marley Natural” Dispensaries in St Thomas and St. Croix U.S.V.I. She is also currently writing and Illustrating a series of children's books. A mother to a budding artist, she continues her figurative studies while reconnecting with ancestral roots after a long strange and glorious trip."",""decorations"":[{""type"":""COLOR"",""colorData"":{""background"":""rgb(255, 255, 255)"",""foreground"":""rgb(71, 71, 71)""}}]}}],""paragraphData"":{""textStyle"":{""textAlignment"":""AUTO""},""indentation"":0}}],""documentStyle"":{}}","Artist Statement: My name is Heather Caulfield. I am a soulful creative visionary Artist, Art Director, Teacher, Author, Designer and Editor. I have painted since I can remember, art has always been a best friend and intuitive messenger, my paintings speak to me, sometimes years later delivering messages to my soul. My love of the renaissance era led me to study many masters such as Michaelangelo and Davinci and other classic painters. They influenced my traditional approach to painting techniques and my love of figurative works and portraiture. Now a mother to a budding artist, I continue figurative studies while reconnecting with my ancestral roots, exploring unique creative expressions ineffably and beyond. I am a spiritual dreamer and infinite conduit of pure source, downloading and documenting information from the unseen and assisting creation since birth. Lover of Nature, whimsical expression and all things mysterious. Experiencer of mystical happenings, delivering a voice for the collective to acknowledge the magic that Nature is. A spiritually charged terrestrial, deep in wonderous imagination, often caught in a daydream or away with the fairies in all delight. Forever a student, studying and seeking universal truths and divine wisdom. A Neptunian painter of innate emotion, capturing the soul on canvas, the pure essence of one’s being. I honor the infinite soul and acknowledge the infinite ONE in you!","https://facebook.com/CaulfieldART","https://instagram.com/heathercaulfield","http://HeatherCaulfield.com",,"[{""description"":"""",""slug"":""648eff_b117d66d3ca240e090e46b7bb382fbc9~mv2.jpg"",""alt"":"""",""src"":""wix:image://v1/648eff_b117d66d3ca240e090e46b7bb382fbc9~mv2.jpg/_.jpg#originWidth=1080&originHeight=1242"",""title"":"""",""type"":""image"",""settings"":{""width"":1080,""height"":1242,""focalPoint"":[0.5,0.5]}}]","WhyWar","18x24","Oils and Acrylics","wix:image://v1/648eff_0593fed81b65488aa1b2ae675ab2cbb8~mv2.jpg/917487_854291438015434_616917952_n%20-%20Copy.jpg#originWidth=640&originHeight=640","/artist/heather-caulfield","/artists/","cd17ce6c-ddaa-4165-8560-a67989b5ef84",2024-10-29T23:45:02Z,2026-03-04T19:40:46Z,"648eff38-1300-4400-b20a-ee65209af597"
"Shirley Tucker","Tucker","srtucker15@gmail.com","[""Drawing"",""Painting"",""Other""]","(937)602-8120  ","{""documentStyle"":{},""nodes"":[{""id"":""23gd6294"",""nodes"":[{""id"":"""",""nodes"":[],""textData"":{""decorations"":[{""fontWeightValue"":700,""type"":""BOLD""}],""text"":""Bio: ""},""type"":""TEXT""},{""id"":"""",""nodes"":[],""textData"":{""decorations"":[{""fontWeightValue"":700,""type"":""BOLD""},{""colorData"":{""background"":""rgb(255, 255, 255)"",""foreground"":""rgb(34, 34, 34)""},""type"":""COLOR""}],""text"":""I'm a professional artist specializing in Graphic Design, Acrylic/ Oil Paintings, an Murals. With a career spanning over 30 years within the Juvenile Justice System, I have used my role as an Artist in Residence to impact the lives of youths and their families. I hold a Bachelor of Fine Arts from Wright State University( 1989), with previous studies at Bowling Green State University and an Associate of Arts from Rio Grande College ( 1984).""},""type"":""TEXT""}],""paragraphData"":{},""type"":""PARAGRAPH""},{""id"":""go6r1296"",""nodes"":[],""paragraphData"":{""textStyle"":{""textAlignment"":""AUTO""}},""type"":""PARAGRAPH""},{""id"":""nyntf297"",""nodes"":[],""paragraphData"":{""textStyle"":{""textAlignment"":""AUTO""}},""type"":""PARAGRAPH""},{""id"":""1xuor298"",""nodes"":[{""id"":"""",""nodes"":[],""textData"":{""decorations"":[{""fontWeightValue"":700,""type"":""BOLD""},{""colorData"":{""background"":""rgb(255, 255, 255)"",""foreground"":""rgb(34, 34, 34)""},""type"":""COLOR""}],""text"":""My strength base practice is defined by my dedication to using art as a vehicle for rehabilitation and expression. In 2013, I founded the Saturday Art Group ( SAG) for Montgomery County Juvenile Court Probation Services. In 2019, I was appointed head facilitator of HAALO ( Helping Adolescents Achieve Long-term Objectives) a collaborative program between the Juvenile Court and K12 Gallery & TEJAS. I guided court involved youth (ages 12-18) in developing life skills on giving back to their communities through public art.""},""type"":""TEXT""}],""paragraphData"":{},""type"":""PARAGRAPH""},{""id"":""giq3q300"",""nodes"":[],""paragraphData"":{""textStyle"":{""textAlignment"":""AUTO""}},""type"":""PARAGRAPH""},{""id"":""u8pu2301"",""nodes"":[],""paragraphData"":{""textStyle"":{""textAlignment"":""AUTO""}},""type"":""PARAGRAPH""},{""id"":""ynqid302"",""nodes"":[{""id"":"""",""nodes"":[],""textData"":{""decorations"":[{""fontWeightValue"":700,""type"":""BOLD""},{""colorData"":{""background"":""rgb(255, 255, 255)"",""foreground"":""rgb(34, 34, 34)""},""type"":""COLOR""}],""text"":""Under my direction, student artist have created over 20 murals throughout Dayton, including installations in the Wright- Dunbar Neighborhood, the Wesley Community Center, and the Juvenile Justice Center.""},""type"":""TEXT""}],""paragraphData"":{},""type"":""PARAGRAPH""},{""id"":""gsy2t304"",""nodes"":[],""paragraphData"":{""textStyle"":{""textAlignment"":""AUTO""}},""type"":""PARAGRAPH""},{""id"":""bpcsd305"",""nodes"":[],""paragraphData"":{""textStyle"":{""textAlignment"":""AUTO""}},""type"":""PARAGRAPH""},{""id"":""3ogzh306"",""nodes"":[{""id"":"""",""nodes"":[],""textData"":{""decorations"":[{""fontWeightValue"":700,""type"":""BOLD""},{""colorData"":{""background"":""rgb(255, 255, 255)"",""foreground"":""rgb(34, 34, 34)""},""type"":""COLOR""}],""text"":""I retired from the Juvenile Court Probation Department in 2021 after 31 years of service. Currently, I'm still creating large-scale community murals that foster social connection and advocate for mental health awareness.  ""},""type"":""TEXT""}],""paragraphData"":{},""type"":""PARAGRAPH""}]}","Artist Statement: My body of work explores a combination of mixed media, abstract art, structured lines with free flowing use of vibrant bright bold colors combined together, creating, positive social and emotional filters primarily of young adults and children. I ask can you see me through the lens of my creative process, where I allow my work to be inviting to viewers and how we see others through our own perception when combining subjective perception and objective reality together.  ","https://shirley.tucker.56829",,,,"[{""description"":"""",""fileName"":""Screenshot_20260428_095645_Photos~2.jpg"",""slug"":""7b2d9d_4d981fd20d604c10a9c4e815843679b7~mv2.jpg"",""alt"":"""",""src"":""wix:image://v1/7b2d9d_4d981fd20d604c10a9c4e815843679b7~mv2.jpg/Screenshot_20260428_095645_Photos~2.jpg#originWidth=1080&originHeight=1433"",""title"":""Screenshot_20260428_095645_Photos~2.jpg"",""type"":""image"",""settings"":{""focalPoint"":[0.5,0.5],""height"":1433,""width"":1080}}]","Bright Meadow ( self-portrait), 2026  ","18x24  ","Acrylic oil on canvas  ","wix:image://v1/7b2d9d_db18861fb9d84109bdbe59e7a9d4807c~mv2.jpg/Screenshot_20260428_095915_Facebook~2.jpg#originWidth=1026&originHeight=1129","/artist/shirley-tucker","/artists/","d1555963-fa77-45a2-b609-0340e93c77b5",2026-04-28T18:34:49Z,2026-06-14T12:49:09Z,"37a00a83-8de6-4c78-aaec-4ad3b7010549"
"Jon Daugherty","Daugherty","jdaugherty@3TBrands.com","[""Drawing"",""Painting"",""Ceramics"",""Sculpture""]","9372602630","{""nodes"":[{""type"":""PARAGRAPH"",""id"":""foo"",""nodes"":[{""type"":""TEXT"",""id"":"""",""nodes"":[],""textData"":{""text"":""Bio: "",""decorations"":[]}},{""type"":""TEXT"",""id"":"""",""nodes"":[],""textData"":{""text"":""Jon Daugherty is a versatile and accomplished individual with a rich background in both product development and the arts. Hailing from Dayton, he has spent over three decades honing his skills in the world of product design and development. His expertise lies in identifying market needs, creating innovative solutions, and building strategic partnerships to bring products to life, all while maintaining a keen focus on growth and making a retail impact."",""decorations"":[{""type"":""COLOR"",""colorData"":{""background"":""rgb(255, 255, 255)"",""foreground"":""rgb(71, 71, 71)""}}]}}],""paragraphData"":{""textStyle"":{""textAlignment"":""AUTO""},""indentation"":0}},{""type"":""PARAGRAPH"",""id"":""t49k8122"",""nodes"":[],""paragraphData"":{""textStyle"":{""textAlignment"":""AUTO""},""indentation"":0}},{""type"":""PARAGRAPH"",""id"":""mekid127"",""nodes"":[{""type"":""TEXT"",""id"":"""",""nodes"":[],""textData"":{""text"":""In addition to his professional achievements in product development, Jon is also an artist and a passionate advocate for the local arts scene. Together with his wife, Lori, he co-founded and operates Darty Art Studio & Gallery. Their mission is to create and share unique artistic expressions with the Dayton community, fostering a deeper love for art and creativity. Jon's artistic pursuits span multiple mediums, including Soft Pastel painting and his distinctive paper tube sculptures, which have garnered attention for their whimsical and inventive nature."",""decorations"":[{""type"":""COLOR"",""colorData"":{""background"":""rgb(255, 255, 255)"",""foreground"":""rgb(71, 71, 71)""}}]}}],""paragraphData"":{""textStyle"":{""textAlignment"":""AUTO""},""indentation"":0}},{""type"":""PARAGRAPH"",""id"":""9qbw5145"",""nodes"":[],""paragraphData"":{""textStyle"":{""textAlignment"":""AUTO""},""indentation"":0}},{""type"":""PARAGRAPH"",""id"":""uegpc149"",""nodes"":[{""type"":""TEXT"",""id"":"""",""nodes"":[],""textData"":{""text"":""Jon’s commitment to art extends beyond the studio, as he has contributed to numerous community-based collaborative art installations. Notable projects include the Wag Town Benches, located throughout downtown Dayton, and the Linden Heights, Highland Park, and Free Library tree sculptures, all of which have added beauty and a sense of connection to the community. Through his work, Jon strives to make art accessible, enjoyable, and impactful for everyone."",""decorations"":[{""type"":""COLOR"",""colorData"":{""background"":""rgb(255, 255, 255)"",""foreground"":""rgb(71, 71, 71)""}}]}}],""paragraphData"":{""textStyle"":{""textAlignment"":""AUTO""},""indentation"":0}}],""documentStyle"":{}}","Artist Statement: Artist Statement: I make stuff up.","https://facebook.com/dartyartdayton","https://www.instagram.com/dartyartdayton/","https://www.dartyart.com/",,"[{""description"":"""",""slug"":""648eff_f3427a3ced4e443885c7b6c7f2ce396a~mv2.jpeg"",""alt"":"""",""src"":""wix:image://v1/648eff_f3427a3ced4e443885c7b6c7f2ce396a~mv2.jpeg/_.jpeg#originWidth=1595&originHeight=1595"",""title"":"""",""type"":""image"",""settings"":{""width"":1595,""height"":1595,""focalPoint"":[0.5,0.5]}}]","Drive By","8 in X 8 in","Soft Pastel","wix:image://v1/648eff_7128571de99049f78083fa7c6a4ddda6~mv2.jpeg/IMG_5951.jpeg#originWidth=3024&originHeight=4032","/artist/jon-daugherty","/artists/","d5de3e1c-c035-403f-bad1-41ad96a7620a",2024-12-11T21:15:27Z,2026-04-08T01:19:16Z,"648eff38-1300-4400-b20a-ee65209af597"
"Loura Lawrence","Lawrence","LouraLawrencePhoto@gmail.com","[""Digital Art"",""Photography"",""Jewelry""]","9379022356","{""nodes"":[{""type"":""PARAGRAPH"",""id"":""foo"",""nodes"":[{""type"":""TEXT"",""id"":"""",""nodes"":[],""textData"":{""text"":""Bio: Loura is a travel (tourism) and nature photographer plus digital artist and jewelry designer/maker, based in Dayton, Ohio."",""decorations"":[]}}],""paragraphData"":{""textStyle"":{""textAlignment"":""AUTO""},""indentation"":0}},{""type"":""PARAGRAPH"",""id"":""6pdmh142"",""nodes"":[],""paragraphData"":{""textStyle"":{""textAlignment"":""AUTO""}}},{""type"":""PARAGRAPH"",""id"":""u9gnl143"",""nodes"":[{""type"":""TEXT"",""id"":"""",""nodes"":[],""textData"":{""text"":""She was trained in photojournalism at Ohio University, Athens, is an alumna with Honors of Sinclair Community Community College, holds a BA in English magna cum laude from New York Institute of Technology, and has over 20 years of photography experience."",""decorations"":[]}}],""paragraphData"":{""textStyle"":{""textAlignment"":""AUTO""}}},{""type"":""PARAGRAPH"",""id"":""h2l36145"",""nodes"":[],""paragraphData"":{""textStyle"":{""textAlignment"":""AUTO""}}},{""type"":""PARAGRAPH"",""id"":""ajbtl146"",""nodes"":[{""type"":""TEXT"",""id"":"""",""nodes"":[],""textData"":{""text"":""Loura's work has been featured multiple times in \""Creation Illustrated Magazine,\"" \""Mother Earth Magazine,\"" PC-Goenner Talent Agency, Kirkmont Presbyterian Church, Five Rivers MetroParks Publications, Dayton Society of Art, and Dayton Focus Photo Club. Loura is a proud member of Dayton Tripod Camera Club, The Dayton Society of Art, Dayton Focus Photo Club, and Preservation Dayton, Inc."",""decorations"":[]}}],""paragraphData"":{""textStyle"":{""textAlignment"":""AUTO""}}}],""documentStyle"":{}}","Artist Statement:  favor ""small subjects"" of all kinds, and love picking out details of people, places, and things. I also enjoy experimenting with designs, colors, patterns, and light. My photography style favors a photojournalistic approach with bold, vibrant colors and realistic subjects, but I make room for images with a more impressionistic flair, too.

My jewelry pieces these days are mostly made with gemstones, pearls, and vintage beads or buttons, with light wire working and hand crafted findings. I range from bold and funky, unexpected designs to more traditional beaded patterns. My jewelry can be found online at CinnamonAndSilver.com","https://www.facebook.com/LouraTravelPhoto","https://www.instagram.com/louratravelphoto/","https://LouraTravelPhoto.com",,"[{""description"":"""",""slug"":""648eff_9400acf07ddb4793a6ac4699a3c34c68~mv2.webp"",""alt"":"""",""src"":""wix:image://v1/648eff_9400acf07ddb4793a6ac4699a3c34c68~mv2.webp/_.webp#originWidth=1384&originHeight=2076"",""title"":"""",""type"":""image"",""settings"":{""width"":1384,""height"":2076,""focalPoint"":[0.5,0.5]}}]","A Star is Born","16x20""","Photography","wix:image://v1/648eff_62d75d98ea4944ac9dcfaf4ecfccdc75~mv2.jpeg/E028E63D-C7A1-488A-8536-945B9AC86BB5.jpeg#originWidth=2316&originHeight=3088","/artist/loura-lawrence","/artists/","d892224f-04b3-4113-b320-8e0f937c05c0",2024-10-24T23:51:45Z,2026-03-03T23:31:44Z,"648eff38-1300-4400-b20a-ee65209af597"
"Gavin Mead","Mead","gavinmead311@gmail.com","[""Photography""]","9377651461","{""nodes"":[{""type"":""PARAGRAPH"",""id"":""foo"",""nodes"":[{""type"":""TEXT"",""id"":"""",""nodes"":[],""textData"":{""text"":""Bio: "",""decorations"":[]}},{""type"":""TEXT"",""id"":"""",""nodes"":[],""textData"":{""text"":""Gavin Mead (b. 4/24/1999) is a Dayton-native Photographer. He graduated with his BFA in Photography from Wright State University in 2023. During his school years, he discovered his love for darkroom development and film photography. His work is also inspired by art movements such as Dada and Surrealism, as well as motion pictures (specifically foreign and experimental films). He now resides in the town of Troy, working to set up his own art career. Gavin has shot for several Dayton events such as the 2023 and 2024 Vampire Ball and he often works with models for his photos. His current project involves the alternative process known as Mordancage."",""decorations"":[{""type"":""COLOR"",""colorData"":{""background"":""rgb(255, 255, 255)"",""foreground"":""rgb(71, 71, 71)""}}]}}],""paragraphData"":{""textStyle"":{""textAlignment"":""AUTO""},""indentation"":0}}],""documentStyle"":{}}","Artist Statement: For most people, photography is for capturing a single moment of your reality. The moment you're having is memorable and an image of it will solidify those memories. But when your memory fades and warps, what does that photo say to you anymore? Was it a memory or a dream?

In my work, I capture dreams and the photos themselves warp. I take photos not from a moment, but from an unconscious feeling. My goal with all of my work is to capture an emotion or a concept rather than what I simply see. I feel that, when I begin to lose myself, my work will better inform me of my own life rather than images of faces that have become strangers in a moment that drowns.","https://www.facebook.com/gavin.mead.79","https://instagram.com/goblin_mead","https://www.vitreousimages.com",,"[{""description"":"""",""slug"":""648eff_1cffbefae89e4523b95bb2daada19be1~mv2.jpg"",""alt"":"""",""src"":""wix:image://v1/648eff_1cffbefae89e4523b95bb2daada19be1~mv2.jpg/_.jpg#originWidth=2325&originHeight=3553"",""title"":"""",""type"":""image"",""settings"":{""width"":2325,""height"":3553,""focalPoint"":[0.5,0.5]}}]","Morte","8 x 10","Silver Gelatin Print","wix:image://v1/648eff_227ef1d1249644629c5cc20c05b0847a~mv2.jpg/_DSC9758-2.jpg#originWidth=3010&originHeight=3825","/artist/gavin-mead","/artists/","d8cff5d5-f148-447e-8af7-202c1256ebb9",2025-01-26T03:01:16Z,2026-03-03T23:31:11Z,"648eff38-1300-4400-b20a-ee65209af597"
"Dayton Ohio Photos (Kevin Myers)","Myers","kevin@daytonohiophotos.com","[""Photography""]","937-974-5380","{""nodes"":[{""type"":""PARAGRAPH"",""id"":""foo"",""nodes"":[{""type"":""TEXT"",""id"":"""",""nodes"":[],""textData"":{""text"":""Bio: I started taking photos around Dayton Ohio in 2019. I like night photography, architecture, and landscape photography. I love to share my photos with others on social media."",""decorations"":[]}}],""paragraphData"":{""textStyle"":{""textAlignment"":""AUTO""},""indentation"":0}},{""type"":""PARAGRAPH"",""id"":""abwoi133"",""nodes"":[],""paragraphData"":{""textStyle"":{""textAlignment"":""AUTO""},""indentation"":0}},{""type"":""PARAGRAPH"",""id"":""htgmu135"",""nodes"":[{""type"":""TEXT"",""id"":"""",""nodes"":[],""textData"":{""text"":""Visit my gallery at Village Artisans"",""decorations"":[{""type"":""COLOR"",""colorData"":{""background"":""rgb(255, 255, 255)"",""foreground"":""#000000""}}]}}],""paragraphData"":{""textStyle"":{""textAlignment"":""AUTO""},""indentation"":0}},{""type"":""PARAGRAPH"",""id"":""tiik7142"",""nodes"":[{""type"":""TEXT"",""id"":"""",""nodes"":[],""textData"":{""text"":""We're a Co-Op of 20 Artist! "",""decorations"":[{""type"":""COLOR"",""colorData"":{""background"":""rgb(255, 255, 255)"",""foreground"":""#000000""}}]}}],""paragraphData"":{""textStyle"":{""textAlignment"":""AUTO""},""indentation"":0}},{""type"":""PARAGRAPH"",""id"":""io6s4147"",""nodes"":[{""type"":""TEXT"",""id"":"""",""nodes"":[],""textData"":{""text"":""100 Corry St, Yellow Springs OH 45387 "",""decorations"":[{""type"":""COLOR"",""colorData"":{""background"":""rgb(255, 255, 255)"",""foreground"":""#000000""}}]}}],""paragraphData"":{""textStyle"":{""textAlignment"":""AUTO""},""indentation"":0}},{""type"":""PARAGRAPH"",""id"":""yxhxb153"",""nodes"":[{""type"":""TEXT"",""id"":"""",""nodes"":[],""textData"":{""text"":""Mon-Thurs 11-5pm "",""decorations"":[{""type"":""COLOR"",""colorData"":{""background"":""rgb(255, 255, 255)"",""foreground"":""#000000""}}]}}],""paragraphData"":{""textStyle"":{""textAlignment"":""AUTO""},""indentation"":0}},{""type"":""PARAGRAPH"",""id"":""9ulme160"",""nodes"":[{""type"":""TEXT"",""id"":"""",""nodes"":[],""textData"":{""text"":""Fri-Sat 11-6pm "",""decorations"":[{""type"":""COLOR"",""colorData"":{""background"":""rgb(255, 255, 255)"",""foreground"":""#000000""}}]}}],""paragraphData"":{""textStyle"":{""textAlignment"":""AUTO""},""indentation"":0}},{""type"":""PARAGRAPH"",""id"":""zzlzm174"",""nodes"":[{""type"":""TEXT"",""id"":"""",""nodes"":[],""textData"":{""text"":""Sun 12-5pm"",""decorations"":[{""type"":""COLOR"",""colorData"":{""background"":""rgb(255, 255, 255)"",""foreground"":""#000000""}}]}}],""paragraphData"":{""textStyle"":{""textAlignment"":""AUTO""},""indentation"":0}},{""type"":""PARAGRAPH"",""id"":""1q3b0197"",""nodes"":[{""type"":""TEXT"",""id"":"""",""nodes"":[],""textData"":{""text"":""937-767-1209"",""decorations"":[{""type"":""COLOR"",""colorData"":{""background"":""rgb(255, 255, 255)"",""foreground"":""#000000""}}]}}],""paragraphData"":{""textStyle"":{""textAlignment"":""AUTO""},""indentation"":0}}],""documentStyle"":{}}","Artist Statement: I like to show Dayton and beyond in its best light!","https://www.facebook.com/DaytonOhioPhotos","https://www.instagram.com/kevinlmyers/","https://www.daytonohiophotos.com","https://www.villageartisans.org/","[{""description"":"""",""slug"":""648eff_39d8f29b41d14648b0cfe91003d725f2~mv2.jpg"",""alt"":"""",""src"":""wix:image://v1/648eff_39d8f29b41d14648b0cfe91003d725f2~mv2.jpg/DSC_6883-Enhanced-A1.jpg#originWidth=6048&originHeight=3785"",""title"":""DSC_6883-Enhanced-A1.jpg"",""type"":""image"",""settings"":{""width"":6048,""height"":3785,""focalPoint"":[0.5,0.5]}}]","Oregon District Sunrise","6048x3785","Photography","wix:image://v1/648eff_57e5395371094f75867694182bb2601e~mv2.jpg/DSC_8043A3.jpg#originWidth=6048&originHeight=4024","/artist/kevin-myers","/artists/","da3ed7ad-412c-4eeb-a797-e04a41ee0562",2024-04-12T19:48:39Z,2026-03-03T23:31:02Z,"648eff38-1300-4400-b20a-ee65209af597"
"Sally Lahmon","
Lahmon","lahmonsally@gmail.com","[""Painting""]","9374785190 ","{""documentStyle"":{},""nodes"":[{""id"":""d8q5i308"",""nodes"":[{""id"":"""",""nodes"":[],""textData"":{""decorations"":[{""fontWeightValue"":700,""type"":""BOLD""},{""colorData"":{""background"":""rgb(255, 255, 255)"",""foreground"":""rgb(34, 34, 34)""},""type"":""COLOR""}],""text"":""After retiring in 2025 from a 32-year career at Sinclair Community College teaching writing and literature, I began a new chapter as a watercolor artist. Although painting was a departure from my professional life, it quickly felt familiar. Years spent thinking about language, composition, and storytelling naturally carried over into visual art.""},""type"":""TEXT""}],""paragraphData"":{},""type"":""PARAGRAPH""},{""id"":""9ss58310"",""nodes"":[],""paragraphData"":{""textStyle"":{""textAlignment"":""AUTO""}},""type"":""PARAGRAPH""},{""id"":""v96ek311"",""nodes"":[],""paragraphData"":{""textStyle"":{""textAlignment"":""AUTO""}},""type"":""PARAGRAPH""},{""id"":""68jq4312"",""nodes"":[{""id"":"""",""nodes"":[],""textData"":{""decorations"":[{""fontWeightValue"":700,""type"":""BOLD""},{""colorData"":{""background"":""rgb(255, 255, 255)"",""foreground"":""rgb(34, 34, 34)""},""type"":""COLOR""}],""text"":""Working primarily in watercolor, I continue to study and develop my practice, finding inspiration in Ohio's landscapes, gardens, and the places I encounter while traveling. When I'm not painting, I enjoy writing poetry, spending time with my family, and volunteering as a grant writer for a nonprofit cat rescue.""},""type"":""TEXT""}],""paragraphData"":{},""type"":""PARAGRAPH""},{""id"":""ypici314"",""nodes"":[],""paragraphData"":{""textStyle"":{""textAlignment"":""AUTO""}},""type"":""PARAGRAPH""},{""id"":""wtw3d315"",""nodes"":[],""paragraphData"":{""textStyle"":{""textAlignment"":""AUTO""}},""type"":""PARAGRAPH""},{""id"":""4nj2c316"",""nodes"":[{""id"":"""",""nodes"":[],""textData"":{""decorations"":[{""fontWeightValue"":700,""type"":""BOLD""},{""colorData"":{""background"":""rgb(255, 255, 255)"",""foreground"":""rgb(34, 34, 34)""},""type"":""COLOR""}],""text"":""I live in the Dayton, Ohio area, where I continue to explore watercolor with the curiosity of both a lifelong teacher and an enthusiastic beginner.  ""},""type"":""TEXT""}],""paragraphData"":{},""type"":""PARAGRAPH""}]}","Watercolor asks me to pay attention. It rewards observation, patience, and a willingness to let the unexpected become part of the finished work.

My paintings are inspired by the beauty of nature and places shaped by changing light, weather, and memory. Some begin with photographs I have taken, while others evolve from sketches, recollection, or imagination. Rather than documenting a scene exactly as it appears, I am interested in capturing what first drew me to it: a particular quality of light, a sense of quiet, or the feeling of wanting to linger.

After many years working with words, I have found that painting asks many of the same questions: what to emphasize, what to soften, and what to leave unsaid. My hope is that each painting invites viewers to slow down, look closely, and discover beauty in places they might otherwise overlook.  ","https://www.facebook.com/profile.php?id=61588946948629","https://www.instagram.com/sallylahmon.art/","https://www.sallylahmon.com/gallery",,"[{""description"":"""",""fileName"":""IMG_9742.jpg"",""slug"":""31549a_f40f2bbbc75e4fc1b443e0524d46bd22~mv2.jpg"",""alt"":"""",""src"":""wix:image://v1/31549a_f40f2bbbc75e4fc1b443e0524d46bd22~mv2.jpg/IMG_9742.jpg#originWidth=2695&originHeight=3858"",""title"":""IMG_9742.jpg"",""type"":""image"",""settings"":{""focalPoint"":[0.5,0.5],""height"":3858,""width"":2695}}]","Birches by the Stream ","5x7""  ","watercolor","https://static.wixstatic.com/media/31549a_8a35fd0c1a9c4362be465860a6b59f97%7Emv2.jpeg","/artist/sally-lahmon","/artists/","da43d5e2-2a54-409f-8211-c2f6e8b60f1a",2026-07-01T12:01:00Z,2026-07-01T12:01:00Z,"37a00a83-8de6-4c78-aaec-4ad3b7010549"
"Dorian Campbell","Campbell","dorianvcampbell@gmail.com","[""Ceramics"",""Fabric Arts"",""Printmaking""]","(937)559-5500  ","{""documentStyle"":{},""nodes"":[{""id"":""foo"",""nodes"":[{""id"":"""",""nodes"":[],""textData"":{""decorations"":[{""fontWeightValue"":700,""type"":""BOLD""}],""text"":""Bio: ""},""type"":""TEXT""},{""id"":"""",""nodes"":[],""textData"":{""decorations"":[{""fontWeightValue"":700,""type"":""BOLD""},{""colorData"":{""background"":""rgb(255, 255, 255)"",""foreground"":""rgb(34, 34, 34)""},""type"":""COLOR""}],""text"":""Dorian Campbell is a multimedia artist from Dayton, Ohio, with a concentration in printmaking and fibers. Dorian attended Earlham College in Indiana, graduating in 2026 with a B.A. in Studio Art and Sociology/Anthropology. Dorian is passionate about Dayton's history and local music, and is currently creating a written archive of Dayton's alternative music community.  ""},""type"":""TEXT""}],""paragraphData"":{""indentation"":0,""textStyle"":{""textAlignment"":""AUTO""}},""type"":""PARAGRAPH""}]}","Artist Statement: The main theme throughout my work is connection to home. Most of my imagery represents the post-industrial landscape of Dayton, primarily through the lens of my own childhood. My work is an attempt to romanticize a place that is often overlooked, and I aim to convey the feeling of childhood in a rust-belt city through connection to place and the sacredness of everyday life. I am inspired by the storytelling and simplicity of folk art, and by the repurposing of religious imagery and symbolism to create a sense of enshrinement. I also take inspiration from toys, book illustrations, and other imagery from my own childhood. Working with printmaking and fibers, I enjoy the detailed process and monochromatic aspects of linoleum, as well as the tradition rooted in fabric and quilting, and the warmth and physical presence it offers.  ",,"https://www.instagram.com/dorianvalentiine/",,,"[{""description"":"""",""fileName"":""IMG_6789 2.HEIC"",""slug"":""091107_01a64b246bf54f399a120b82fc1f91ef~mv2.png"",""alt"":"""",""src"":""wix:image://v1/091107_01a64b246bf54f399a120b82fc1f91ef~mv2.png/IMG_6789%25202.HEIC#originWidth=2618&originHeight=2884"",""title"":""IMG_6789 2.HEIC"",""type"":""image"",""settings"":{""focalPoint"":[0.5,0.5],""height"":2884,""width"":2618}}]","East Third Street","34 x 44 in","Multimedia quilt: Digital photography, inkjet on fabric, linoleum printmaking, machine and handsewn.  ","wix:image://v1/091107_68eb250ef09e4cc597209cc8f3824647~mv2.jpg/IMG_8220.jpg#originWidth=3314&originHeight=2799","/artist/dorian-campbell","/artists/","da95ffe6-6e10-456b-bf05-c3acfe63cca8",2026-04-20T13:45:21Z,2026-06-14T12:46:25Z,"37a00a83-8de6-4c78-aaec-4ad3b7010549"
"Christine Gaffney","Gaffney","contactgaffney@gmail.com","[""Drawing"",""Fabric Arts"",""Ceramics"",""Sculpture""]","9378236080","{""nodes"":[{""type"":""PARAGRAPH"",""id"":""foo"",""nodes"":[{""type"":""TEXT"",""id"":"""",""nodes"":[],""textData"":{""text"":""Bio: "",""decorations"":[]}},{""type"":""TEXT"",""id"":"""",""nodes"":[],""textData"":{""text"":""Christine Gaffney is an interdisciplinary sculptor from Dayton, Ohio. She holds a master’s in fine arts degree from California Institute of the Arts where she studied Art and Technology and Integrated Media. She has also studied art at Pratt Institute in Brooklyn, New York, Columbus College of Art and Design in Columbus, Ohio. She holds a master’s degree in library and information science from the University of Pittsburgh. Her practice embraces ideas around body image, body politics, and feminism including disability justice."",""decorations"":[{""type"":""COLOR"",""colorData"":{""background"":""rgb(255, 255, 255)"",""foreground"":""rgb(71, 71, 71)""}}]}}],""paragraphData"":{""textStyle"":{""textAlignment"":""AUTO""},""indentation"":0}}],""documentStyle"":{}}","Artist Statement: I consider myself an interdisciplinary sculptor. I often employ my own body as a sculptural object to express agency over my own body and to collapse the relationship between the object and the maker. There is also a performative relationship between my work and my body and yet, even when I am performing, I consider myself to be sculpting. When I am making plastic work, I often incorporate ‘evidence’ of the construction of the work and of the maker– thus the sculpture itself becomes a crucible, a kind of performance, an index of the process of its making and plastic work all in one. These differing strategies are placed into conversation with one another through dancing, not only the physical dance but through the dance communication happening in all the processes of artmaking and art reception.

My works materially function as portraits but they can often be seen as a challenge to the idea of a portrait, what I’ve called, an anti-portrait, a portrait that shows the process of making the portrait.  There is a sense of urgency and compulsion in my work– one can feel this in the way that inks are applied in haste, or painting tape is left for the viewer to see– what other artists might consider technical errors are made intentionally visible in my works. I am interested in making art that has identifiable aesthetic and formal qualities while exploring, experimenting, and largely disregarding the tradition of classical art. I often point at the aporia, a irresolvable contradiction that I am troubled by– and comment on the unitary nature of the male and institutional gaze by exploring many different forms of art making. By collapsing the relationship between subject “male” and object “non-male” that the male artists came to gaze upon, I intend to first subvert this tradition but more importantly I create by being the subject “non-male” myself to gaze. I strive to create by challenging the equation of subject and object: the subject “I” is looking at the subject “myself”. In other words, I challenge the power of gazes from three perspectives, the institutional, gendered, subject-object subversion.

I work with technology in my sculpture and drawing practice -- specifically with Artificial Intelligence. I gather data based on my body and employ AI software (GANs, latent diffusion models) to generate new “real” images of my body. These seemingly “real” images become a departure point for future transformation made with drawings and sculptures. When working with dataset collection and AI generation to create artwork, either the lack of information or the exceeding of information in data itself points to an abstraction of forms that these numbers pose. By working with these abstract data-generated forms, I control how much of myself I reveal and how I reveal it. I have agency over my image as I attempt to control what the viewer sees. My work is very intuitive; by creating my own datasets, I am generating AI in line with that intuition. I am especially interested in the phantom presence of the human (pre-technological enhancement) in my work. This is apparent in the AI-informed work as well as in the other works, such as the sculptures I created using “labor-saving” household robotic appliances. I have exhibited work incorporating Roomba vacuum cleaners as a wearable dress, window cleaners that climb the gallery walls, and Dust Busters with contact microphones in them. This urge to go against gender expectations surrounding domesticity burns against the shadows cast by domination, control, and fear.",,"https://www.instagram.com/scarletttrust","https://christinegaffney.me/",,"[{""description"":"""",""slug"":""648eff_c0fd6759dd354b5cad352decf11fcc5a~mv2.jpg"",""alt"":"""",""src"":""wix:image://v1/648eff_c0fd6759dd354b5cad352decf11fcc5a~mv2.jpg/_.jpg#originWidth=5793&originHeight=3763"",""title"":"""",""type"":""image"",""settings"":{""width"":5793,""height"":3763,""focalPoint"":[0.5,0.5]}}]","Expansive Self",,"Ceramic Sculpture","wix:image://v1/648eff_1509fdb453bd44f6a7de07ab0a6ad4e1~mv2.jpg/Christine_California.jpg#originWidth=2316&originHeight=3088","/artist/christine-gaffney","/artists/","e01cbe49-cfe3-4ea6-b14a-8aaec50bd2f2",2024-10-28T21:35:25Z,2026-03-03T23:33:03Z,"648eff38-1300-4400-b20a-ee65209af597"
"Elizabeth Patterson","Patterson","elizabeth@byelizabethhope.com",,,"{""nodes"":[{""type"":""PARAGRAPH"",""id"":""foo"",""nodes"":[{""type"":""TEXT"",""id"":"""",""nodes"":[],""textData"":{""text"":""Bio:"",""decorations"":[{""type"":""COLOR"",""colorData"":{""foreground"":""rgb(71, 71, 71)""}}]}},{""type"":""TEXT"",""id"":"""",""nodes"":[],""textData"":{""text"":"" "",""decorations"":[{""type"":""COLOR"",""colorData"":{""background"":""rgb(255, 255, 255)"",""foreground"":""rgb(0, 0, 0)""}}]}},{""type"":""TEXT"",""id"":"""",""nodes"":[],""textData"":{""text"":""I’ve been an artist ever since I was a little kid. Art was always my favorite subject in elementary and high school, I adored the art classes I took in the summer and the teacher who encouraged me, and I still have pages and pages of class notes covered in doodles and notebooks peppered with ideas for paintings and art collections. In college, although I graduated with a “respectable” major (history), I took as many art classes as I could and graduated with a minor in Studio Art. It’s always been easier for me to use pen and paper or paintbrush and canvas to express myself, but it wasn’t until my mom passed away in 2014 that I took the leap from my office cubicle to pursue life on my terms. Art enables me to say what words can’t, and my art is an extension of myself, while the process itself is an exploration of my thoughts and feeling, a form of therapy and catharsis."",""decorations"":[{""type"":""COLOR"",""colorData"":{""foreground"":""rgb(71, 71, 71)""}}]}}],""paragraphData"":{""textStyle"":{""textAlignment"":""AUTO""},""indentation"":0}}],""documentStyle"":{}}","Artist Statement: Artist Statement: I have two main focuses within my art – portraiture and bold, conceptual pieces created from the overflow of my emotions and convictions. My portraits range from pen and ink drawings on paper to large oil paintings on canvas, depending on the project. The more conceptual pieces are mostly oil on canvas, which allows me to translate the intensity of emotion appropriate for each piece, both with thicker layers of paint and also bolder, more striking colors. With both focuses the goal is to capture people and moments that reveal more of my heart and the hearts of those who commission the art.

Above all that, though, is that I want my art to be as GAY as possible. Representation for the LGBTQ+ community is so, so important, and as a lesbian who didn’t realize she was gay until later in life, I want to give everyone the representation I desperately needed when I was younger.",,"https://www.instagram.com/elizabethhopeart","https://art.byelizabethhope.com",,"[{""description"":"""",""fileName"":""E Patterson_MorningLight.png"",""slug"":""ef7b27_3ec9cb9d26c14d35ab85fa54e116777b~mv2.png"",""alt"":"""",""src"":""wix:image://v1/ef7b27_3ec9cb9d26c14d35ab85fa54e116777b~mv2.png/E%2520Patterson_MorningLight.png#originWidth=2334&originHeight=1550"",""title"":""E Patterson_MorningLight.png"",""type"":""image"",""settings"":{""width"":2334,""height"":1550,""focalPoint"":[0.5,0.5]}}]","Morning Light","3' x 2'","Oil","wix:image://v1/ef7b27_57eb92f3c0534cda9783d6069b306b1e~mv2.png/Elizabeth%20Patterson.png#originWidth=1828&originHeight=1552","/artist/elizabeth-patterson","/artists/","e5e4672a-ae39-4478-9ea1-a4c57e3c9b33",2026-03-03T22:49:41Z,2026-03-03T23:30:51Z,"ef7b2701-85ef-456d-b993-59de09c80fa9"
"Gae Helton","Helton","organicabstracts@gmail.com","[""Drawing"",""Glass"",""Mosaic"",""Painting""]","937-272-9554","{""nodes"":[{""type"":""PARAGRAPH"",""id"":""foo"",""nodes"":[{""type"":""TEXT"",""id"":"""",""nodes"":[],""textData"":{""text"":""Bio: "",""decorations"":[]}},{""type"":""TEXT"",""id"":"""",""nodes"":[],""textData"":{""text"":""Gae graduated from art school but made a living using Photoshop and Illustrator in the printing industry. Doing a favor for a friend, Gae spent 3 weeks working as an image retoucher for a fine art reproduction company. With every image she touched, she told herself that she could do the same quality of work. Gae got out her pencils, paints and digital art tools. Gae took refresher classes at the Cincinnati Art Academy. She was back to creating, predominantly watercolor, graphite and digital art. Then a job change and her husband’s illness stopped all creating."",""decorations"":[{""type"":""COLOR"",""colorData"":{""background"":""rgb(255, 255, 255)"",""foreground"":""rgb(71, 71, 71)""}}]}}],""paragraphData"":{""textStyle"":{""textAlignment"":""AUTO""},""indentation"":0}},{""type"":""PARAGRAPH"",""id"":""jigle443"",""nodes"":[],""paragraphData"":{""textStyle"":{""textAlignment"":""AUTO""},""indentation"":0}},{""type"":""PARAGRAPH"",""id"":""65ixm454"",""nodes"":[{""type"":""TEXT"",""id"":"""",""nodes"":[],""textData"":{""text"":""By 2016, Gae retired and her husband was recovering. She started painting full time with watercolor and acrylic. With 10 new works under my belt, Gae was accepted into DVAC’s Art Fellows program."",""decorations"":[{""type"":""COLOR"",""colorData"":{""background"":""rgb(255, 255, 255)"",""foreground"":""rgb(71, 71, 71)""}}]}}],""paragraphData"":{""textStyle"":{""textAlignment"":""AUTO""},""indentation"":0}},{""type"":""PARAGRAPH"",""id"":""ges5y479"",""nodes"":[],""paragraphData"":{""textStyle"":{""textAlignment"":""AUTO""},""indentation"":0}},{""type"":""PARAGRAPH"",""id"":""vtqfi445"",""nodes"":[{""type"":""TEXT"",""id"":"""",""nodes"":[],""textData"":{""text"":""Gae soon had a studio at K12 Gallery and became a part of their public works team. She designed, and, or painted on over a dozen K12 murals. There she was introduced to glass mosaic."",""decorations"":[{""type"":""COLOR"",""colorData"":{""background"":""rgb(255, 255, 255)"",""foreground"":""rgb(71, 71, 71)""}}]}}],""paragraphData"":{""textStyle"":{""textAlignment"":""AUTO""},""indentation"":0}},{""type"":""PARAGRAPH"",""id"":""2dw78487"",""nodes"":[],""paragraphData"":{""textStyle"":{""textAlignment"":""AUTO""},""indentation"":0}},{""type"":""PARAGRAPH"",""id"":""4925x492"",""nodes"":[{""type"":""TEXT"",""id"":"""",""nodes"":[],""textData"":{""text"":""Gae works out of a home studio and shows her work at various local venues."",""decorations"":[{""type"":""COLOR"",""colorData"":{""background"":""rgb(255, 255, 255)"",""foreground"":""rgb(71, 71, 71)""}}]}}],""paragraphData"":{""textStyle"":{""textAlignment"":""AUTO""},""indentation"":0}},{""type"":""PARAGRAPH"",""id"":""r9x2x498"",""nodes"":[],""paragraphData"":{""textStyle"":{""textAlignment"":""AUTO""},""indentation"":0}},{""type"":""PARAGRAPH"",""id"":""dvaul503"",""nodes"":[{""type"":""TEXT"",""id"":"""",""nodes"":[],""textData"":{""text"":""Mural Design and Painting thru TEJAS - 2018 – 2025"",""decorations"":[{""type"":""COLOR"",""colorData"":{""background"":""rgb(255, 255, 255)"",""foreground"":""rgb(71, 71, 71)""}}]}}],""paragraphData"":{""textStyle"":{""textAlignment"":""AUTO""},""indentation"":0}},{""type"":""PARAGRAPH"",""id"":""qf4nz533"",""nodes"":[{""type"":""TEXT"",""id"":"""",""nodes"":[],""textData"":{""text"":""Dayton Children’s Hospital Behavioral Health Center, Dec 2020, Photoshop Design for Wallpaper application – 8’ x 40’"",""decorations"":[{""type"":""COLOR"",""colorData"":{""background"":""rgb(255, 255, 255)"",""foreground"":""rgb(71, 71, 71)""}}]}}],""paragraphData"":{""textStyle"":{""textAlignment"":""AUTO""},""indentation"":0}},{""type"":""PARAGRAPH"",""id"":""bonbx547"",""nodes"":[{""type"":""TEXT"",""id"":"""",""nodes"":[],""textData"":{""text"":""Halo - Printpoint wall Twilight mural - Sept 2021, Design only, Nature scene 147‘ x 36’"",""decorations"":[{""type"":""COLOR"",""colorData"":{""background"":""rgb(255, 255, 255)"",""foreground"":""rgb(71, 71, 71)""}}]}}],""paragraphData"":{""textStyle"":{""textAlignment"":""AUTO""},""indentation"":0}},{""type"":""PARAGRAPH"",""id"":""1irjd573"",""nodes"":[{""type"":""TEXT"",""id"":"""",""nodes"":[],""textData"":{""text"":""Citywide Old North Dayton Valley St mural - Oct 2021, Design and assisting with painting, 95‘ x 18’"",""decorations"":[{""type"":""COLOR"",""colorData"":{""background"":""rgb(255, 255, 255)"",""foreground"":""rgb(71, 71, 71)""}}]}}],""paragraphData"":{""textStyle"":{""textAlignment"":""AUTO""},""indentation"":0}},{""type"":""PARAGRAPH"",""id"":""xbhy0599"",""nodes"":[{""type"":""TEXT"",""id"":"""",""nodes"":[],""textData"":{""text"":""St Annes Hill, High St apple mural - May 2022 Design for canvas print, 80‘ x 10’"",""decorations"":[{""type"":""COLOR"",""colorData"":{""background"":""rgb(255, 255, 255)"",""foreground"":""rgb(71, 71, 71)""}}]}}],""paragraphData"":{""textStyle"":{""textAlignment"":""AUTO""},""indentation"":0}},{""type"":""PARAGRAPH"",""id"":""qqgyo619"",""nodes"":[{""type"":""TEXT"",""id"":"""",""nodes"":[],""textData"":{""text"":""Weller Elementary – May 2023, Design and assist with painting 8’ x 70’ Greene County Juvenile Court – Shawnee Park Pavilion – 15 panels - Design"",""decorations"":[{""type"":""COLOR"",""colorData"":{""background"":""rgb(255, 255, 255)"",""foreground"":""rgb(71, 71, 71)""}}]}}],""paragraphData"":{""textStyle"":{""textAlignment"":""AUTO""},""indentation"":0}},{""type"":""PARAGRAPH"",""id"":""2gbez641"",""nodes"":[{""type"":""TEXT"",""id"":"""",""nodes"":[],""textData"":{""text"":""More to come in 2025"",""decorations"":[{""type"":""COLOR"",""colorData"":{""background"":""rgb(255, 255, 255)"",""foreground"":""rgb(71, 71, 71)""}}]}}],""paragraphData"":{""textStyle"":{""textAlignment"":""AUTO""},""indentation"":0}},{""type"":""PARAGRAPH"",""id"":""28ers689"",""nodes"":[],""paragraphData"":{""textStyle"":{""textAlignment"":""AUTO""},""indentation"":0}},{""type"":""PARAGRAPH"",""id"":""u0uqe701"",""nodes"":[{""type"":""TEXT"",""id"":"""",""nodes"":[],""textData"":{""text"":""Mural Design and Painting thru the Contemporary Dayton - 2021"",""decorations"":[{""type"":""COLOR"",""colorData"":{""background"":""rgb(255, 255, 255)"",""foreground"":""rgb(71, 71, 71)""}}]}}],""paragraphData"":{""textStyle"":{""textAlignment"":""AUTO""},""indentation"":0}},{""type"":""PARAGRAPH"",""id"":""rqchx738"",""nodes"":[{""type"":""TEXT"",""id"":"""",""nodes"":[],""textData"":{""text"":""MetroParks Riverscape Sewer Riser, June 2021, Design and Paint, Nature Scene – 4’ x 19’"",""decorations"":[{""type"":""COLOR"",""colorData"":{""background"":""rgb(255, 255, 255)"",""foreground"":""rgb(71, 71, 71)""}}]}}],""paragraphData"":{""textStyle"":{""textAlignment"":""AUTO""},""indentation"":0}},{""type"":""PARAGRAPH"",""id"":""n65sr766"",""nodes"":[{""type"":""TEXT"",""id"":"""",""nodes"":[],""textData"":{""text"":""plus 7‘ diameter top"",""decorations"":[{""type"":""COLOR"",""colorData"":{""background"":""rgb(255, 255, 255)"",""foreground"":""rgb(71, 71, 71)""}}]}}],""paragraphData"":{""textStyle"":{""textAlignment"":""AUTO""},""indentation"":0}},{""type"":""PARAGRAPH"",""id"":""sk5h7796"",""nodes"":[{""type"":""TEXT"",""id"":"""",""nodes"":[],""textData"":{""text"":""MetroParks Sunrise Park Cenntennial Overlook, June 2022, Finalist"",""decorations"":[{""type"":""COLOR"",""colorData"":{""background"":""rgb(255, 255, 255)"",""foreground"":""rgb(71, 71, 71)""}}]}}],""paragraphData"":{""textStyle"":{""textAlignment"":""AUTO""},""indentation"":0}},{""type"":""PARAGRAPH"",""id"":""0zgm2828"",""nodes"":[],""paragraphData"":{""textStyle"":{""textAlignment"":""AUTO""},""indentation"":0}},{""type"":""PARAGRAPH"",""id"":""0egng845"",""nodes"":[{""type"":""TEXT"",""id"":"""",""nodes"":[],""textData"":{""text"":""Large Format Glass Mosaic – Dayton Metro Library"",""decorations"":[{""type"":""COLOR"",""colorData"":{""background"":""rgb(255, 255, 255)"",""foreground"":""rgb(71, 71, 71)""}}]}}],""paragraphData"":{""textStyle"":{""textAlignment"":""AUTO""},""indentation"":0}},{""type"":""PARAGRAPH"",""id"":""sm9g6879"",""nodes"":[{""type"":""TEXT"",""id"":"""",""nodes"":[],""textData"":{""text"":""Northmont Library, glass mosaic dragon fly, Dec 2022"",""decorations"":[{""type"":""COLOR"",""colorData"":{""background"":""rgb(255, 255, 255)"",""foreground"":""rgb(71, 71, 71)""}}]}}],""paragraphData"":{""textStyle"":{""textAlignment"":""AUTO""},""indentation"":0}},{""type"":""PARAGRAPH"",""id"":""f7vxh915"",""nodes"":[{""type"":""TEXT"",""id"":"""",""nodes"":[],""textData"":{""text"":""Mural Design and Painting thru Krogers - 2022"",""decorations"":[{""type"":""COLOR"",""colorData"":{""background"":""rgb(255, 255, 255)"",""foreground"":""rgb(71, 71, 71)""}}]}}],""paragraphData"":{""textStyle"":{""textAlignment"":""AUTO""},""indentation"":0}},{""type"":""PARAGRAPH"",""id"":""0qm0k953"",""nodes"":[{""type"":""TEXT"",""id"":"""",""nodes"":[],""textData"":{""text"":""Dayton Ohio, Woodman store, Jan 2023, 8’ x 24’"",""decorations"":[{""type"":""COLOR"",""colorData"":{""background"":""rgb(255, 255, 255)"",""foreground"":""rgb(71, 71, 71)""}}]}}],""paragraphData"":{""textStyle"":{""textAlignment"":""AUTO""},""indentation"":0}}],""documentStyle"":{}}","Artist Statement: My goal is to share my personal glimpses into the natural world,  seeing the fantastical and whimsical in God’s creations. I am inspired by the amazing color of life, the splendor and curiosities in nature. Painting the natural world allows me to share my love of the outdoors and the beauty within it. My goal is to brighten a day, lift spirits, and bring a smile with whimsical designs.

I am working in acrylic on canvas, hard board, or hand-crafted cradled board using a brush.  Nature, primarily florals, butterflies or bird, amphibian or sea life are my favorite subjects.

Shifting focus between different mediums and subjects, real or abstract expands the command of each medium. GRAPHITE/sketching is the basis of understanding form. With WATERCOLOR, I started exploring color.  DIGITAL ART filled much of the lost time created by third shift sleeping habits and made use of my extensive knowledge of Illustrator and  Photoshop. ACRYLIC painting is my current medium of choice, painting on canvas. I have experimented using hardboard with 3 dimensional textures. MIXED MEDIA added a freeing foray into abstracts. MURALS have taken Gae's art to new dimensions including acrylic and digital variations. I was introduced to mosaics while working with the public works team at K12 Gallery. I took classes in MOSAICS and stained-glass processes to become a more valuable part of the team. Working with glass becomes addictive and is now my favorite medium.

I am currently living in Beavercreek with my husband Bob and small dog, Rojo. I am a member of the
Dayton Society of Artists, K12 & TEJAS Gallery, The Contemporary Dayton Gallery.","https://www.facebook.com/GaeHeltonArtist","https://www.instagram.com/gaehelton/","https://gae-artist.com/",,"[{""description"":"""",""slug"":""648eff_542edde3ecff4dd38bf9727f7e9a9d38~mv2.jpg"",""alt"":"""",""src"":""wix:image://v1/648eff_542edde3ecff4dd38bf9727f7e9a9d38~mv2.jpg/_.jpg#originWidth=3470&originHeight=2606"",""title"":"""",""type"":""image"",""settings"":{""width"":3470,""height"":2606,""focalPoint"":[0.5,0.5]}}]","Dragonflies and Poppies","8' x 6'","Glass Mosaic","wix:image://v1/648eff_d35fca5f34f1432788d28ef78aa9212c~mv2.png/Gae%20Outlined.png#originWidth=2408&originHeight=2048","/artist/gae-helton","/artists/","e9d38cd0-30ba-484a-b8d1-4e2d81a114dc",2025-02-18T13:27:13Z,2026-03-03T23:32:22Z,"648eff38-1300-4400-b20a-ee65209af597"
"Abiona Venee","Venee","AVglass0270@gmail.com","[""Glass"",""Jewelry""]",,"{""nodes"":[{""type"":""PARAGRAPH"",""id"":""foo"",""nodes"":[{""type"":""TEXT"",""id"":"""",""nodes"":[],""textData"":{""text"":""Bio: "",""decorations"":[]}},{""type"":""TEXT"",""id"":"""",""nodes"":[],""textData"":{""text"":""I have been working with glass in Dayton Ohio since 2007. I was introduced to glass art in a lampwork bead making class. I went on to complete an apprenticeship in a hot shop and then another in a production lampworking studio. Combining the skills and techniques I've learned I have built my own hot shop glass studio space to create in; AV Glass."",""decorations"":[{""type"":""COLOR"",""colorData"":{""background"":""rgb(255, 255, 255)"",""foreground"":""rgb(71, 71, 71)""}}]}}],""paragraphData"":{""textStyle"":{""textAlignment"":""AUTO""},""indentation"":0}}],""documentStyle"":{}}","Artist Statement: AV Glass located at Front Street Artist Studios basement suite 0270","https://m.facebook.com/ArtGlassByAbiona/","https://www.instagram.com/abiona.venee/?hl=en","https://www.avglass.co/",,"[{""description"":"""",""slug"":""648eff_6114e35e898641f3b3d17955e9979548~mv2.jpeg"",""alt"":"""",""src"":""wix:image://v1/648eff_6114e35e898641f3b3d17955e9979548~mv2.jpeg/_.jpeg#originWidth=3024&originHeight=4032"",""title"":"""",""type"":""image"",""settings"":{""width"":3024,""height"":4032,""focalPoint"":[0.5,0.5]}}]","Wavy Bowl",,"Blown Glass","wix:image://v1/648eff_d2b258e109bf4c98bb323ffe5cc6fde5~mv2.jpeg/IMG_1712.jpeg#originWidth=1269&originHeight=1269","/artist/abiona-venee","/artists/","ee0b866b-b82d-4a48-a3b7-67f255a7b426",2024-10-29T23:39:49Z,2026-03-03T23:28:40Z,"648eff38-1300-4400-b20a-ee65209af597"
"Linnea Albers","Albers","breathoflife.business@gmail.com","[""Drawing"",""Painting"",""Printmaking""]","937-972-8659","{""nodes"":[{""type"":""TABLE"",""id"":""qcq94240"",""nodes"":[{""type"":""TABLE_ROW"",""id"":""jotmx241"",""nodes"":[{""type"":""TABLE_CELL"",""id"":""0eupf242"",""nodes"":[{""type"":""PARAGRAPH"",""id"":""62fqn269"",""nodes"":[{""type"":""TEXT"",""id"":"""",""nodes"":[],""textData"":{""text"":""Bio:"",""decorations"":[{""type"":""COLOR"",""colorData"":{""foreground"":""rgb(71, 71, 71)""}}]}},{""type"":""TEXT"",""id"":"""",""nodes"":[],""textData"":{""text"":"" "",""decorations"":[{""type"":""COLOR"",""colorData"":{""foreground"":""rgb(0, 0, 0)""}}]}},{""type"":""TEXT"",""id"":"""",""nodes"":[],""textData"":{""text"":""Born and raised in Dayton, Linnea has been a part of the Dayton Art Scene since youth, it has shaped her passion for art most of her life. She graduated from Sinclair with an Associate of Arts, and Wright State with a BFA in painting. She now works as a Frame Designer and Restoration Specialist at Custom Frame Services, and an assistant Gallery Coordinator at Sinclair Community College. She lives with her cat, Penelope, in Dayton."",""decorations"":[{""type"":""COLOR"",""colorData"":{""foreground"":""rgb(71, 71, 71)""}}]}}],""paragraphData"":{}}],""tableCellData"":{}}]}],""tableData"":{""dimensions"":{""colsWidthRatio"":[],""rowsHeight"":[0],""colsMinWidth"":[]},""cellPadding"":[]}},{""type"":""PARAGRAPH"",""id"":""fxfjr273"",""nodes"":[],""paragraphData"":{}}],""documentStyle"":{}}","Artist Statement: All my life my art has been a reflection of aspects if my life both good and bad. Social, emotional, and spiritual factors play a huge part in that. 

Using the traditional and modern techniques of oil painting, I create quiet moments of portraiture and symbolism to portray specific experiences of life, whether my own or my perception of others.","https://www.facebook.com/a.breath.of.life.art","https://www.instagram.com/breath.of.life.art",,,"[{""description"":"""",""fileName"":""Screenshot 2026-04-14 at 4.15.52 PM.png"",""slug"":""ef7b27_f806d30e85044f3faeb39b4b85e8cefa~mv2.png"",""alt"":"""",""src"":""wix:image://v1/ef7b27_f806d30e85044f3faeb39b4b85e8cefa~mv2.png/Screenshot%25202026-04-14%2520at%25204.15.52%25E2%2580%25AFPM.png#originWidth=1256&originHeight=1558"",""title"":""Screenshot 2026-04-14 at 4.15.52 PM.png"",""type"":""image"",""settings"":{""width"":1256,""height"":1558,""focalPoint"":[0.5,0.5]}}]","Fertility, Death, and Abundance","24"" x 18""","Oil","wix:image://v1/ef7b27_accb2614f6ff44b382a7286211101726~mv2.png/Screenshot%202026-04-14%20at%204.14.01%E2%80%AFPM.png#originWidth=880&originHeight=904","/artist/linnea-albers","/artists/","efceeea0-4b23-4235-935e-6e4e8db4fdb2",2026-04-14T20:16:33Z,2026-04-14T20:16:33Z,"ef7b2701-85ef-456d-b993-59de09c80fa9"
"Kate Santucci","Santucci","katesantucciart@gmail.com","[""Drawing"",""Painting"",""Sculpture""]","9374164613","{""nodes"":[{""type"":""PARAGRAPH"",""id"":""foo"",""nodes"":[{""type"":""TEXT"",""id"":"""",""nodes"":[],""textData"":{""text"":""Bio: Kate Huser Santucci lives and works in Dayton, Ohio. She graduated from Wright State University in 1994 with a BFA in visual art with a concentration in sculpture. In 2019 she completed a residency in encaustic painting with artist Patricia Seggebruch, and was a 2020 recipient of a Culture Works Artist Opportunity Grant. She was recently awarded a residency in France to take place in the autumn of 2025."",""decorations"":[]}}],""paragraphData"":{""textStyle"":{""textAlignment"":""AUTO""},""indentation"":0}},{""type"":""PARAGRAPH"",""id"":""vderu530"",""nodes"":[{""type"":""TEXT"",""id"":"""",""nodes"":[],""textData"":{""text"":""Kate has an upcoming show at Wheat Penny Oven and Bar in Dayton in May of 2024. Her work has most recently been shown at Studios on High in Columbus, Dayton Society of Artists, and the Roger Glass Center for the Arts in Dayton, Ohio. Public work includes a mural in downtown Dayton on E. 3rd St., and a series of 3 pieces for the Southeast Branch of the Dayton Metro Library. Her works are part of private collections in Ohio, Kentucky, Michigan, New York, and California."",""decorations"":[]}}],""paragraphData"":{""textStyle"":{""textAlignment"":""AUTO""}}}],""documentStyle"":{}}","Artist Statement: I am drawn as an artist to the examination of how human beings are interconnected with our environment, and how we move through it and communicate with one another.
Much of my recent work examines these ideas through the lens of natural science and human interaction. I use encaustic painting techniques to explore themes such as communication, time, and our perception of change, both in the short and long term. I use images of microbes, plants, and human forms to tell the story of the way we are evolving. Asemic writing and mark making has become an important element in my paintings, as I further develop my thoughts on how we interpret meaning and context in our struggle to understand one another and our world. My work involves multiple layers and textures, inviting the viewer to look deeper into the piece and glimpse imagery floating beneath the surface of the wax.","https://www.facebook.com/KateSantucciArt","https://www.instagram.com/katesantucciart/","http://www.katehusersantucci.com/",,"[{""src"":""wix:image://v1/648eff_de26da6d128c44d59846537939154d68~mv2.jpg/Odalisque2_2021.jpg#originWidth=3729&originHeight=2992"",""type"":""image"",""title"":""Odalisque2_2021.jpg"",""slug"":""648eff_de26da6d128c44d59846537939154d68mv2.jpg""}]","Odalisque","48"" x 60""","Encaustic on wood","wix:image://v1/648eff_cc197de47dba44b89437f3ac2ab253a2~mv2.jpg/IMG_20240115_125717892~2.jpg#originWidth=1728&originHeight=2304","/artist/kate-santucci","/artists/","f3ec7065-36c2-46f7-8125-3be7c13d73c8",2024-03-08T01:22:57Z,2026-03-03T23:30:22Z,"648eff38-1300-4400-b20a-ee65209af597"
"Katherine Sacksteder","Sacksteder","Katherinedeb@mac.com","[""Sculpture""]","9375452599","{""nodes"":[{""type"":""PARAGRAPH"",""id"":""foo"",""nodes"":[{""type"":""TEXT"",""id"":"""",""nodes"":[],""textData"":{""text"":""Bio: "",""decorations"":[]}},{""type"":""TEXT"",""id"":"""",""nodes"":[],""textData"":{""text"":""Katherine has recently relocated back to her hometown of Dayton, Ohio after having lived abroad for 34 years. She is a graduate of the Gruber Jez foundation, Merida, Yucatan Mexico and is currently working in collaboration with local architect Terry Welker on the Manco / Urban Meadow Project with. Her work can be found in private collections in the United States, Mexico and France."",""decorations"":[{""type"":""COLOR"",""colorData"":{""background"":""rgb(255, 255, 255)"",""foreground"":""rgb(71, 71, 71)""}}]}}],""paragraphData"":{""textStyle"":{""textAlignment"":""AUTO""},""indentation"":0}}],""documentStyle"":{}}","Artist Statement: ""Look deep into nature, and then you will understand everything better.""
Albert Einstein

My work is a reflection of my fascination with nature and the ways in which I find myself mirrored within it. In my search for self, I deconstruct and reconstruct-breaking things down to their essential forms in an effort to reach the core, both of my subject matter and of myself. This process is one of discovery and transformation, an exploration of what remains when all else is stripped away.",,"https://www.instagram.com/katherinesacksteder2025",,,"[{""description"":"""",""slug"":""648eff_5c9a94bf602244aa8f3d9dbea79f6ac4~mv2.jpg"",""alt"":"""",""src"":""wix:image://v1/648eff_5c9a94bf602244aa8f3d9dbea79f6ac4~mv2.jpg/_.jpg#originWidth=3024&originHeight=4032"",""title"":"""",""type"":""image"",""settings"":{""width"":3024,""height"":4032,""focalPoint"":[0.5,0.5]}}]","Mosquito","10ft x 10ft","Aluminium with powder coat.","wix:image://v1/648eff_58f6f08a00af493980f7602d6a27d478~mv2.jpg/BEE.JPG#originWidth=1513&originHeight=1513","/artist/katherine-sacksteder","/artists/","f5f2ba0c-11e7-44c5-a7bb-d660f8fae6f7",2025-03-01T19:46:24Z,2026-03-03T23:30:27Z,"648eff38-1300-4400-b20a-ee65209af597"
"Samantha Wott","Wott","s.wolf.art.66@gmail.com","[""Drawing"",""pain"",""Printmaking""]","4196031895","{""documentStyle"":{},""nodes"":[{""id"":""foo"",""nodes"":[{""id"":"""",""nodes"":[],""textData"":{""decorations"":[],""text"":""Bio: ""},""type"":""TEXT""},{""id"":"""",""nodes"":[],""textData"":{""decorations"":[{""colorData"":{""background"":""rgb(255, 255, 255)"",""foreground"":""rgb(71, 71, 71)""},""type"":""COLOR""}],""text"":""Samantha Wott is a Marine veteran and a self-taught artist. She works with mixed mediums such as acrylics, watercolors, oils, ink and pencils. Her travels around the world has had a major influence in her creative work and style. Her subject matters often features fantasy and mythological creatures inspired by literature and film, frequently accompanied with weapons and armor. Her other inspirations comes from her strong interest in the performing arts of dance, play’s and musical’s. Her works represent strong and powerful figures who can overcome obstacles and barriers in order to prove that life is precious, valuable and worth protection. Her art goals are to spark a feeling to fight for life. \""Art should bring peace to the disturbed and disturb the peaceful\"" -Banksy""},""type"":""TEXT""}],""paragraphData"":{""indentation"":0,""textStyle"":{""textAlignment"":""AUTO""}},""type"":""PARAGRAPH""},{""id"":""ulr7z756"",""nodes"":[],""paragraphData"":{""indentation"":0,""textStyle"":{""textAlignment"":""AUTO""}},""type"":""PARAGRAPH""},{""id"":""i22yu758"",""nodes"":[{""id"":"""",""nodes"":[],""textData"":{""decorations"":[{""colorData"":{""background"":""rgb(255, 255, 255)"",""foreground"":""rgb(71, 71, 71)""},""type"":""COLOR""}],""text"":""She has exhibited at The Dayton Society of Artists (DSA), been represented at Front Street art community, and displayed work in numerous festivals in Ohio. When taking a break from her studio she enjoys reading and the company of her three snakes and three cats.""},""type"":""TEXT""}],""paragraphData"":{""indentation"":0,""textStyle"":{""textAlignment"":""AUTO""}},""type"":""PARAGRAPH""}]}","Artist Statement: In my work I focus on the fantasy and mysterious aspects of this world. To try and create a serial feelings of peace and curiosity. Each piece is influenced by a culture of this world or of a fantasy one. I love pushing the boundaries on what I can do with my art and how it looks. How many mediums I can put into a piece or what I can do with just one. I like to keep to the saying “Art should bring peace to the disturbed and disturb the peaceful.” (Banksy)","https://www.facebook.com/SwolfArtLLC/","https://www.instagram.com/s.wolf.art","https://www.swolfart.com",,"[{""description"":"""",""fileName"":""IMG_0924.jpeg"",""slug"":""648eff_ddfb0d65efe44bfba6162e5676cd2b8f~mv2.jpeg"",""alt"":"""",""src"":""wix:image://v1/648eff_ddfb0d65efe44bfba6162e5676cd2b8f~mv2.jpeg/IMG_0924.jpeg#originWidth=1816&originHeight=2231"",""title"":""IMG_0924.jpeg"",""type"":""image"",""settings"":{""focalPoint"":[0.5,0.5],""height"":2231,""width"":1816}}]","Bramble","14x17","Mix media","wix:image://v1/648eff_eb8ef3ad326d4db5a083ccadf0823b39~mv2.jpeg/IMG_5562.jpeg#originWidth=1500&originHeight=1500","/artist/samantha-wott","/artists/","f6226462-0f3b-4a00-94f8-ea0e9d37d394",2026-02-25T02:32:12Z,2026-06-07T11:13:36Z,"648eff38-1300-4400-b20a-ee65209af597"
"Robert Farley","Farley","wadegos@aol.com","[""Photography""]",,"{""nodes"":[{""type"":""PARAGRAPH"",""id"":""foo"",""nodes"":[{""type"":""TEXT"",""id"":"""",""nodes"":[],""textData"":{""text"":""Bio: Over the course of my adult life, I have lived in Ohio, New York, Indiana and Florida. I have also travelled from coast to coast with my camera in tow the whole time. What started as a hobby and personal passion has turned into something more. I now display my work at The ARTery at Front Street. I display at multiple shows across the state of Ohio. And, I have recently won 2nd Place for Booth at the Duveneck Art Show, First Place for Amateur Photography at The Tipp City Art Exhibit, and Second Place at The Piqua Art Exhibition."",""decorations"":[]}}],""paragraphData"":{""textStyle"":{""textAlignment"":""AUTO""},""indentation"":0}}],""documentStyle"":{}}","Artist Statement: I have been producing fine art landscape, nature, travel, and urban photography for over a decade. I have lived and travelled from coast to coast in the US and have had the opportunity to photograph so many spectacular locales along the way. I get as much joy talking about my travels as I do selling the photographs taken.","https://www.facebook.com/robert.farley.397/","https://www.instagram.com/robertfarleyimages/","https://www.robertfarleyimages.com",,"[{""description"":"""",""slug"":""648eff_aeea6d5d3c6c4864b47dbaa162b966b2~mv2.jpg"",""alt"":"""",""src"":""wix:image://v1/648eff_aeea6d5d3c6c4864b47dbaa162b966b2~mv2.jpg/oakes%2520quarry%252001%2520bw.jpg#originWidth=2100&originHeight=1500"",""title"":""oakes quarry 01 bw.jpg"",""type"":""image"",""settings"":{""width"":2100,""height"":1500,""focalPoint"":[0.5,0.5]}}]","Reeds at Oakes Quarry",,"Photography","wix:image://v1/648eff_e4fd2cc08a7f4d51ba56b1c38ece8c30~mv2.jpg/bob%20venice%2001.jpg#originWidth=1784&originHeight=1680","/artist/robert-farley","/artists/","f8ad1827-2e92-430a-9d60-c997842195df",2024-03-22T12:26:32Z,2026-03-03T23:33:11Z,"648eff38-1300-4400-b20a-ee65209af597"
"Terry Welker","Welker","welkerstudio@gmail.com","[""Drawing"",""Painting"",""Sculpture"",""Public Art""]","9377761289","{""nodes"":[{""type"":""PARAGRAPH"",""id"":""foo"",""nodes"":[{""type"":""TEXT"",""id"":"""",""nodes"":[],""textData"":{""text"":""Bio: Terry Welker, FAIA, is an architect/sculptor living in Kettering, Ohio. He began his formal education in fine art but later moved toward architecture. Completing his graduate degree at the University of Cincinnati in 1987, he continued teaching design at UC and worked for several architectural firms in Dayton. In 1994 he opened his own firm and created the Archetype Gallery exhibiting Ohio artists. In 2000, while launching the Welker Studio, Terry began 22 years of public service as the City Architect/Chief Building Official for the City of Kettering. In 2016 he was elevated to the AIA College of Fellows and received the AIA Ohio Gold Medal in 2023. Terry creates permanent and temporary public art/commissioned works as a sculptor in the Welker Studio; Visiting Assistant Professor of Architecture & Interior Design at Miami University, Oxford, OH."",""decorations"":[]}}],""paragraphData"":{""textStyle"":{""textAlignment"":""AUTO""},""indentation"":0}}],""documentStyle"":{}}","Artist Statement: Inspiration:
I'm an architect/sculptor creating lightweight kinetic and suspended sculpture. This comes from my passion for architecture, poetic space and meaningful places. I work to understand and extend visual languages by animating form, space and surface with motion. My goal is to find shared identification of memorable forms, associations, multiple meanings and the simple enjoyment moving forms in space. My primary inspiration comes from natural forces and forms by drawing on my memory of motions, shapes and colors in order to relate to nature without direct imitation. This allows me to create abstractions without the constraint of literal interpretation. I also see the process of creation as an intentional act of 'making' that comes from experimentation, trial and error, letting form come from the nature of materials, tools and human hands. Size, scale and context are deceptively difficult but serious considerations that guide my decisions for any placemaking installation. I prefer to create or rely on existing natural daylight and ambient room light to enhance forms and let them have a “conversation with the sky.” Kinetic and suspended sculpture brings a unique set of composition challenges. The character of 'lightweightness' reveals the inherent challenge of gravity, delicate balance and air movements. Through trial and error, I push the structural limits of materials as lines, arcs, curves and complex forms. Using predictable and unpredictable forces I find that 'near misses' provide a simple but elegant strength while 'soft collisions' enable more complexity or even chaos. The accidental nature of these movements allows people to move beyond simple viewing and become unconsciously, viscerally engaged in the enjoyable act of ""watching"" and ""staring.""

In Studio:
I create works in series beginning with small maquettes and random experiments. This allows me to fully explore an idea and push the limits of materials with numerous variations. Many of my larger works evolve from series as commissioned pieces with a particular size and scale created for a specific place and setting. My most commonly used materials are stainless steel rods and custom colored anodized aluminum or coated aluminum because of its anti-corrosive and vivid color retention qualities. I also like experimenting with new alloys, coatings, unusual materials, old materials, and found objects, sometimes combining them to find new forms. The nature of these materials often requires 'cold connection' techniques such a riveting or bolting in lieu of heat welding. Some sculptures also incorporate high quality glass crystals (Swarovski) or cast acrylic prisms.
As a Professor of Architecture, it is common for me to begin with research and listening; sharing ideas about my work, and/or engage students and the public during the creation of new works, in order to gain a fuller understanding of local cultural values. My objective is to enhance the meaningfulness of new works through shared experiences and learning.

Example project story in detail - Fractal Rain:
https://www.codaworx.com/projects/fractal-rain-dayton-metro-library/","https://www.facebook.com/terry.welker?mibextid=LQQJ4d","https://www.instagram.com/welkerstudio/","https://www.welkerstudio.com",,"[{""description"":"""",""slug"":""648eff_a678cb55f737422d9da6c0c4ba070b33~mv2.jpeg"",""alt"":"""",""src"":""wix:image://v1/648eff_a678cb55f737422d9da6c0c4ba070b33~mv2.jpeg/IMG_5705.jpeg#originWidth=1500&originHeight=1125"",""title"":""IMG_5705.jpeg"",""type"":""image"",""settings"":{""width"":1500,""height"":1125,""focalPoint"":[0.5,0.5]}}]","Fractal Rain","118 ft. x 36 ft. x 14 ft.","Stainless steel wire, 3768 prisms","wix:image://v1/648eff_02c4d85401b440bdb618be839e489ddd~mv2.jpeg/headshot_terry_welker.jpeg#originWidth=1280&originHeight=1280","/artist/terry-welker","/artists/","f9b00f29-4ec1-429a-af73-279666929f27",2024-03-28T22:12:41Z,2026-03-03T23:28:17Z,"648eff38-1300-4400-b20a-ee65209af597"
"Leanna Levandowski","Levandowski","lealev84@gmail.com","[""Digital/Anolog Collage""]",,"{""documentStyle"":{},""nodes"":[{""id"":""foo"",""nodes"":[{""id"":"""",""nodes"":[],""textData"":{""decorations"":[{""fontWeightValue"":700,""type"":""BOLD""}],""text"":""Bio: ""},""type"":""TEXT""},{""id"":"""",""nodes"":[],""textData"":{""decorations"":[{""fontWeightValue"":700,""type"":""BOLD""},{""colorData"":{""background"":""rgb(255, 255, 255)"",""foreground"":""rgb(34, 34, 34)""},""type"":""COLOR""}],""text"":""Leanna L. is a mixed-media artist inspired by folk art, nature, and her upbringing in rural upstate New York. Working in collage, painting, and recycled materials, she creates colorful, symbolic artwork exploring themes of transformation and personal growth. Her work has been exhibited in local galleries and includes a large symbolic collage created for Dayton's Art in the City to represent the International Peace Museum.  ""},""type"":""TEXT""}],""paragraphData"":{""indentation"":0,""textStyle"":{""textAlignment"":""AUTO""}},""type"":""PARAGRAPH""}]}","Artist Statement: My work is inspired by the natural world, folk art traditions, and the landscapes of rural upstate New York where I spent much of my childhood. Memories of gardens, forests, wildlife, and quiet moments outdoors continue to shape the imagery and themes that appear throughout my art.
Working primarily in mixed media, collage, and painting, I am drawn to symbolism and visual storytelling. Flowers, birds, and other natural elements often serve as metaphors for transformation, healing, resilience, and the ongoing journey of self-discovery. Through bright colors, layered textures, and found materials, I create work that celebrates growth, hope, and the beauty that can emerge from life's challenges.  ",,"https://www.instagram.com/breakbloomstudio/","https://leanna-l.pixpa.com/home",,"[{""description"":"""",""fileName"":""art_professional_1.jpg"",""slug"":""749b02_aa04c53c7ab1407a92120042b0188eec~mv2.jpg"",""alt"":"""",""src"":""wix:image://v1/749b02_aa04c53c7ab1407a92120042b0188eec~mv2.jpg/art_professional_1.jpg#originWidth=3290&originHeight=3290"",""title"":""art_professional_1.jpg"",""type"":""image"",""settings"":{""focalPoint"":[0.5,0.5],""height"":3290,""width"":3290}}]","Peace Bringer","18"" x 18""","Paper Collage ","wix:image://v1/749b02_0c1ce19470e545798ad0f4d72955322d~mv2.png/Bloom.png#originWidth=1114&originHeight=1412","/artist/leanna-levandowski","/artists/","ff7139e4-a275-44e0-96cc-23285d611cf5",2026-06-08T18:14:41Z,2026-06-14T12:48:11Z,"37a00a83-8de6-4c78-aaec-4ad3b7010549"
